999
dxfrw 0.6.3
  0
SECTION
  2
HEADER
  9
$ACADVER
  1
AC1021
  9
$DWGCODEPAGE
  3
ANSI_1252
  9
$INSBASE
 10
0
 20
0
 30
0
  9
$EXTMIN
 10
-1565.416666666667
 20
-4793.749521481632
 30
0
  9
$EXTMAX
 10
84504.875
 20
20965.41666666667
 30
0
  9
$LIMMIN
 10
0
 20
0
  9
$LIMMAX
 10
420
 20
297
  9
$ORTHOMODE
 70
    0
  9
$REGENMODE
 70
    1
  9
$FILLMODE
 70
    1
  9
$QTEXTMODE
 70
    0
  9
$MIRRTEXT
 70
    0
  9
$LTSCALE
 40
1
  9
$ATTMODE
 70
    0
  9
$TEXTSIZE
 40
2.5
  9
$TRACEWID
 40
15.68
  9
$TEXTSTYLE
  7
STANDARD
  9
$CLAYER
  8
0
  9
$CELTYPE
  6
BYLAYER
  9
$CECOLOR
 62
  256
  9
$CELTSCALE
 40
1
  9
$DISPSILH
 70
    0
  9
$DIMSCALE
 40
2.5
  9
$DIMASZ
 40
2.5
  9
$DIMEXO
 40
0.625
  9
$DIMDLI
 40
3.75
  9
$DIMRND
 40
0
  9
$DIMDLE
 40
0
  9
$DIMEXE
 40
1.25
  9
$DIMTP
 40
0
  9
$DIMTM
 40
0
  9
$DIMTXT
 40
2.5
  9
$DIMCEN
 40
2.5
  9
$DIMTSZ
 40
0
  9
$DIMTOL
 70
    0
  9
$DIMLIM
 70
    0
  9
$DIMTIH
 70
    0
  9
$DIMTOH
 70
    0
  9
$DIMSE1
 70
    0
  9
$DIMSE2
 70
    0
  9
$DIMTAD
 70
    1
  9
$DIMZIN
 70
    8
  9
$DIMBLK
  1

  9
$DIMASO
 70
    1
  9
$DIMSHO
 70
    1
  9
$DIMPOST
  1

  9
$DIMAPOST
  1

  9
$DIMALT
 70
    0
  9
$DIMALTD
 70
    3
  9
$DIMALTF
 40
0.03937
  9
$DIMLFAC
 40
1
  9
$DIMTOFL
 70
    1
  9
$DIMTVP
 40
0
  9
$DIMTIX
 70
    0
  9
$DIMSOXD
 70
    0
  9
$DIMSAH
 70
    0
  9
$DIMBLK1
  1

  9
$DIMBLK2
  1

  9
$DIMSTYLE
  2
STANDARD
  9
$DIMCLRD
 70
    0
  9
$DIMCLRE
 70
    0
  9
$DIMCLRT
 70
    0
  9
$DIMTFAC
 40
1
  9
$DIMGAP
 40
0.625
  9
$DIMJUST
 70
    0
  9
$DIMSD1
 70
    0
  9
$DIMSD2
 70
    0
  9
$DIMTOLJ
 70
    0
  9
$DIMTZIN
 70
    8
  9
$DIMALTZ
 70
    0
  9
$DIMALTTZ
 70
    0
  9
$DIMUPT
 70
    0
  9
$DIMDEC
 70
    2
  9
$DIMTDEC
 70
    2
  9
$DIMALTU
 70
    2
  9
$DIMALTTD
 70
    3
  9
$DIMTXSTY
  7
STANDARD
  9
$DIMAUNIT
 70
    0
  9
$DIMADEC
 70
    0
  9
$DIMALTRND
 40
0
  9
$DIMAZIN
 70
    0
  9
$DIMDSEP
 70
   44
  9
$DIMATFIT
 70
    3
  9
$DIMFRAC
 70
    0
  9
$DIMLDRBLK
  1
STANDARD
  9
$DIMLUNIT
 70
    2
  9
$DIMLWD
 70
   -2
  9
$DIMLWE
 70
   -2
  9
$DIMTMOVE
 70
    0
  9
$DIMFXL
 40
1
  9
$DIMFXLON
 70
    0
  9
$DIMJOGANG
 40
0.7854
  9
$DIMTFILL
 70
    0
  9
$DIMTFILLCLR
 70
    0
  9
$DIMARCSYM
 70
    0
  9
$DIMLTYPE
  6

  9
$DIMLTEX1
  6

  9
$DIMLTEX2
  6

  9
$LUNITS
 70
    2
  9
$LUPREC
 70
    4
  9
$SKETCHINC
 40
1
  9
$FILLETRAD
 40
0
  9
$AUNITS
 70
    0
  9
$AUPREC
 70
    2
  9
$MENU
  1
.
  9
$ELEVATION
 40
0
  9
$PELEVATION
 40
0
  9
$THICKNESS
 40
0
  9
$LIMCHECK
 70
    0
  9
$CHAMFERA
 40
0
  9
$CHAMFERB
 40
0
  9
$CHAMFERC
 40
0
  9
$CHAMFERD
 40
0
  9
$SKPOLY
 70
    0
  9
$USRTIMER
 70
    1
  9
$ANGBASE
 50
0
  9
$ANGDIR
 70
    0
  9
$PDMODE
 70
   96
  9
$PDSIZE
 40
-2
  9
$PLINEWID
 40
0
  9
$SPLFRAME
 70
    0
  9
$SPLINETYPE
 70
    2
  9
$SPLINESEGS
 70
    8
  9
$HANDSEED
  5
20000
  9
$SURFTAB1
 70
    6
  9
$SURFTAB2
 70
    6
  9
$SURFTYPE
 70
    6
  9
$SURFU
 70
    6
  9
$SURFV
 70
    6
  9
$UCSBASE
  2

  9
$UCSNAME
  2

  9
$UCSORG
 10
0
 20
0
 30
0
  9
$UCSXDIR
 10
1
 20
0
 30
0
  9
$UCSYDIR
 10
0
 20
1
 30
0
  9
$UCSORTHOREF
  2

  9
$UCSORTHOVIEW
 70
    0
  9
$UCSORGTOP
 10
0
 20
0
 30
0
  9
$UCSORGBOTTOM
 10
0
 20
0
 30
0
  9
$UCSORGLEFT
 10
0
 20
0
 30
0
  9
$UCSORGRIGHT
 10
0
 20
0
 30
0
  9
$UCSORGFRONT
 10
0
 20
0
 30
0
  9
$UCSORGBACK
 10
0
 20
0
 30
0
  9
$PUCSBASE
  2

  9
$PUCSNAME
  2

  9
$PUCSORG
 10
0
 20
0
 30
0
  9
$PUCSXDIR
 10
1
 20
0
 30
0
  9
$PUCSYDIR
 10
0
 20
1
 30
0
  9
$PUCSORTHOREF
  2

  9
$PUCSORTHOVIEW
 70
    0
  9
$PUCSORGTOP
 10
0
 20
0
 30
0
  9
$PUCSORGBOTTOM
 10
0
 20
0
 30
0
  9
$PUCSORGLEFT
 10
0
 20
0
 30
0
  9
$PUCSORGRIGHT
 10
0
 20
0
 30
0
  9
$PUCSORGFRONT
 10
0
 20
0
 30
0
  9
$PUCSORGBACK
 10
0
 20
0
 30
0
  9
$USERI1
 70
    0
  9
$USERI2
 70
    0
  9
$USERI3
 70
    0
  9
$USERI4
 70
    0
  9
$USERI5
 70
    0
  9
$USERR1
 40
0
  9
$USERR2
 40
0
  9
$USERR3
 40
0
  9
$USERR4
 40
0
  9
$USERR5
 40
0
  9
$WORLDVIEW
 70
    1
  9
$SHADEDGE
 70
    3
  9
$SHADEDIF
 70
   70
  9
$TILEMODE
 70
    1
  9
$MAXACTVP
 70
   64
  9
$PINSBASE
 10
0
 20
0
 30
0
  9
$PLIMCHECK
 70
    0
  9
$PEXTMIN
 10
0
 20
0
 30
0
  9
$PEXTMAX
 10
0
 20
0
 30
0
  9
$PLIMMIN
 10
0
 20
0
  9
$PLIMMAX
 10
297
 20
210
  9
$UNITMODE
 70
    0
  9
$VISRETAIN
 70
    1
  9
$PLINEGEN
 70
    0
  9
$PSLTSCALE
 70
    1
  9
$TREEDEPTH
 70
 3020
  9
$CMLSTYLE
  2
Standard
  9
$CMLJUST
 70
    0
  9
$CMLSCALE
 40
20
  9
$PROXYGRAPHICS
 70
    1
  9
$MEASUREMENT
 70
    1
  9
$CELWEIGHT
370
   -1
  9
$ENDCAPS
280
    0
  9
$JOINSTYLE
280
    0
  9
$LWDISPLAY
290
    0
  9
$INSUNITS
 70
    0
  9
$HYPERLINKBASE
  1

  9
$STYLESHEET
  1

  9
$XEDIT
290
    1
  9
$CEPSNTYPE
380
    0
  9
$PSTYLEMODE
290
    1
  9
$EXTNAMES
290
    1
  9
$PSVPSCALE
 40
0
  9
$OLESTARTUP
290
    0
  9
$SORTENTS
280
  127
  9
$INDEXCTL
280
    0
  9
$HIDETEXT
280
    1
  9
$XCLIPFRAME
290
    0
  9
$HALOGAP
280
    0
  9
$OBSCOLOR
 70
  257
  9
$OBSLTYPE
280
    0
  9
$INTERSECTIONDISPLAY
280
    0
  9
$INTERSECTIONCOLOR
 70
  257
  9
$DIMASSOC
280
    1
  9
$PROJECTNAME
  1

  9
$CAMERADISPLAY
290
    0
  9
$LENSLENGTH
 40
50
  9
$CAMERAHEIGHT
 40
0
  9
$STEPSPERSEC
 40
2
  9
$STEPSIZE
 40
50
  9
$3DDWFPREC
 40
2
  9
$PSOLWIDTH
 40
5
  9
$PSOLHEIGHT
 40
80
  9
$LOFTANG1
 40
1.570796326794897
  9
$LOFTANG2
 40
1.570796326794897
  9
$LOFTMAG1
 40
0
  9
$LOFTMAG2
 40
0
  9
$LOFTPARAM
 70
    7
  9
$LOFTNORMALS
280
    1
  9
$LATITUDE
 40
1
  9
$LONGITUDE
 40
1
  9
$NORTHDIRECTION
 40
0
  9
$TIMEZONE
 70
-8000
  9
$LIGHTGLYPHDISPLAY
280
    1
  9
$TILEMODELIGHTSYNCH
280
    1
  9
$SOLIDHIST
280
    1
  9
$SHOWHIST
280
    1
  9
$DWFFRAME
280
    2
  9
$DGNFRAME
280
    0
  9
$REALWORLDSCALE
290
    1
  9
$INTERFERECOLOR
 62
    1
  9
$CSHADOW
280
    0
  9
$SHADOWPLANELOCATION
 40
0
  0
ENDSEC
  0
SECTION
  2
CLASSES
  0
ENDSEC
  0
SECTION
  2
TABLES
  0
TABLE
  2
VPORT
  5
8
330
0
100
AcDbSymbolTable
 70
    1
  0
VPORT
  5
31
330
2
100
AcDbSymbolTableRecord
100
AcDbViewportTableRecord
  2
*ACTIVE
 70
    0
 10
0
 20
0
 11
1
 21
1
 12
45291.14590075696
 22
11142.20589686081
 13
0
 23
0
 14
10
 24
10
 15
10
 25
10
 16
0
 26
0
 36
1
 17
0
 27
0
 37
0
 40
28032.25318051601
 41
1.732456140350877
 42
50
 43
0
 44
0
 50
0
 51
0
 71
    0
 72
  100
 73
    1
 74
    3
 75
    0
 76
    0
 77
    0
 78
    0
281
    0
 65
    1
110
0
120
0
130
0
111
1
121
0
131
0
112
0
122
1
132
0
 79
    0
146
0
348
10020
 60
    7
 61
    5
292
1
282
    1
141
0
142
0
 63
  250
421
3358443
  0
ENDTAB
  0
TABLE
  2
LTYPE
  5
5
330
0
100
AcDbSymbolTable
 70
    4
  0
LTYPE
  5
14
330
5
100
AcDbSymbolTableRecord
100
AcDbLinetypeTableRecord
  2
ByBlock
 70
    0
  3

 72
   65
 73
    0
 40
0
  0
LTYPE
  5
15
330
5
100
AcDbSymbolTableRecord
100
AcDbLinetypeTableRecord
  2
ByLayer
 70
    0
  3

 72
   65
 73
    0
 40
0
  0
LTYPE
  5
16
330
5
100
AcDbSymbolTableRecord
100
AcDbLinetypeTableRecord
  2
Continuous
 70
    0
  3
Solid line
 72
   65
 73
    0
 40
0
  0
LTYPE
  5
32
330
5
100
AcDbSymbolTableRecord
100
AcDbLinetypeTableRecord
  2
DOT
 70
    0
  3
Dot . . . . . . . . . . . . . . . . . . . . . .
 72
   65
 73
    2
 40
6.35
 49
0
 74
    0
 49
-6.35
 74
    0
  0
LTYPE
  5
33
330
5
100
AcDbSymbolTableRecord
100
AcDbLinetypeTableRecord
  2
DOTTINY
 70
    0
  3
Dot (.15x) .....................................
 72
   65
 73
    2
 40
0.9525
 49
0
 74
    0
 49
-0.9525
 74
    0
  0
LTYPE
  5
34
330
5
100
AcDbSymbolTableRecord
100
AcDbLinetypeTableRecord
  2
DOT2
 70
    0
  3
Dot (.5x) .....................................
 72
   65
 73
    2
 40
3.175
 49
0
 74
    0
 49
-3.175
 74
    0
  0
LTYPE
  5
35
330
5
100
AcDbSymbolTableRecord
100
AcDbLinetypeTableRecord
  2
DOTX2
 70
    0
  3
Dot (2x) .  .  .  .  .  .  .  .  .  .  .  .  .
 72
   65
 73
    2
 40
12.7
 49
0
 74
    0
 49
-12.7
 74
    0
  0
LTYPE
  5
36
330
5
100
AcDbSymbolTableRecord
100
AcDbLinetypeTableRecord
  2
DASHED
 70
    0
  3
Dashed _ _ _ _ _ _ _ _ _ _ _ _ _ _ _ _ _
 72
   65
 73
    2
 40
19.05
 49
12.7
 74
    0
 49
-6.35
 74
    0
  0
LTYPE
  5
37
330
5
100
AcDbSymbolTableRecord
100
AcDbLinetypeTableRecord
  2
DASHEDTINY
 70
    0
  3
Dashed (.15x) _ _ _ _ _ _ _ _ _ _ _ _ _ _ _ _ _
 72
   65
 73
    2
 40
2.8575
 49
1.905
 74
    0
 49
-0.9525
 74
    0
  0
LTYPE
  5
38
330
5
100
AcDbSymbolTableRecord
100
AcDbLinetypeTableRecord
  2
DASHED2
 70
    0
  3
Dashed (.5x) _ _ _ _ _ _ _ _ _ _ _ _ _ _ _ _ _
 72
   65
 73
    2
 40
9.524999999999999
 49
6.35
 74
    0
 49
-3.175
 74
    0
  0
LTYPE
  5
39
330
5
100
AcDbSymbolTableRecord
100
AcDbLinetypeTableRecord
  2
DASHEDX2
 70
    0
  3
Dashed (2x) ____  ____  ____  ____  ____  ___
 72
   65
 73
    2
 40
38.09999999999999
 49
25.4
 74
    0
 49
-12.7
 74
    0
  0
LTYPE
  5
3A
330
5
100
AcDbSymbolTableRecord
100
AcDbLinetypeTableRecord
  2
DASHDOT
 70
    0
  3
Dash dot __ . __ . __ . __ . __ . __ . __ . __
 72
   65
 73
    4
 40
25.4
 49
12.7
 74
    0
 49
-6.35
 74
    0
 49
0
 74
    0
 49
-6.35
 74
    0
  0
LTYPE
  5
3B
330
5
100
AcDbSymbolTableRecord
100
AcDbLinetypeTableRecord
  2
DASHDOTTINY
 70
    0
  3
Dash dot (.15x) _._._._._._._._._._._._._._._.
 72
   65
 73
    4
 40
3.81
 49
1.905
 74
    0
 49
-0.9525
 74
    0
 49
0
 74
    0
 49
-0.9525
 74
    0
  0
LTYPE
  5
3C
330
5
100
AcDbSymbolTableRecord
100
AcDbLinetypeTableRecord
  2
DASHDOT2
 70
    0
  3
Dash dot (.5x) _._._._._._._._._._._._._._._.
 72
   65
 73
    4
 40
12.7
 49
6.35
 74
    0
 49
-3.175
 74
    0
 49
0
 74
    0
 49
-3.175
 74
    0
  0
LTYPE
  5
3D
330
5
100
AcDbSymbolTableRecord
100
AcDbLinetypeTableRecord
  2
DASHDOTX2
 70
    0
  3
Dash dot (2x) ____  .  ____  .  ____  .  ___
 72
   65
 73
    4
 40
50.8
 49
25.4
 74
    0
 49
-12.7
 74
    0
 49
0
 74
    0
 49
-12.7
 74
    0
  0
LTYPE
  5
3E
330
5
100
AcDbSymbolTableRecord
100
AcDbLinetypeTableRecord
  2
DIVIDE
 70
    0
  3
Divide ____ . . ____ . . ____ . . ____ . . ____
 72
   65
 73
    6
 40
31.75
 49
12.7
 74
    0
 49
-6.35
 74
    0
 49
0
 74
    0
 49
-6.35
 74
    0
 49
0
 74
    0
 49
-6.35
 74
    0
  0
LTYPE
  5
3F
330
5
100
AcDbSymbolTableRecord
100
AcDbLinetypeTableRecord
  2
DIVIDETINY
 70
    0
  3
Divide (.15x) __..__..__..__..__..__..__..__.._
 72
   65
 73
    6
 40
4.7625
 49
1.905
 74
    0
 49
-0.9525
 74
    0
 49
0
 74
    0
 49
-0.9525
 74
    0
 49
0
 74
    0
 49
-0.9525
 74
    0
  0
LTYPE
  5
40
330
5
100
AcDbSymbolTableRecord
100
AcDbLinetypeTableRecord
  2
DIVIDE2
 70
    0
  3
Divide (.5x) __..__..__..__..__..__..__..__.._
 72
   65
 73
    6
 40
15.875
 49
6.35
 74
    0
 49
-3.175
 74
    0
 49
0
 74
    0
 49
-3.175
 74
    0
 49
0
 74
    0
 49
-3.175
 74
    0
  0
LTYPE
  5
41
330
5
100
AcDbSymbolTableRecord
100
AcDbLinetypeTableRecord
  2
DIVIDEX2
 70
    0
  3
Divide (2x) ________  .  .  ________  .  .  _
 72
   65
 73
    6
 40
63.5
 49
25.4
 74
    0
 49
-12.7
 74
    0
 49
0
 74
    0
 49
-12.7
 74
    0
 49
0
 74
    0
 49
-12.7
 74
    0
  0
LTYPE
  5
42
330
5
100
AcDbSymbolTableRecord
100
AcDbLinetypeTableRecord
  2
BORDER
 70
    0
  3
Border __ __ . __ __ . __ __ . __ __ . __ __ .
 72
   65
 73
    6
 40
44.45
 49
12.7
 74
    0
 49
-6.35
 74
    0
 49
12.7
 74
    0
 49
-6.35
 74
    0
 49
0
 74
    0
 49
-6.35
 74
    0
  0
LTYPE
  5
43
330
5
100
AcDbSymbolTableRecord
100
AcDbLinetypeTableRecord
  2
BORDERTINY
 70
    0
  3
Border (.15x) __.__.__.__.__.__.__.__.__.__.__.
 72
   65
 73
    6
 40
6.6675
 49
1.905
 74
    0
 49
-0.9525
 74
    0
 49
1.905
 74
    0
 49
-0.9525
 74
    0
 49
0
 74
    0
 49
-0.9525
 74
    0
  0
LTYPE
  5
44
330
5
100
AcDbSymbolTableRecord
100
AcDbLinetypeTableRecord
  2
BORDER2
 70
    0
  3
Border (.5x) __.__.__.__.__.__.__.__.__.__.__.
 72
   65
 73
    6
 40
22.225
 49
6.35
 74
    0
 49
-3.175
 74
    0
 49
6.35
 74
    0
 49
-3.175
 74
    0
 49
0
 74
    0
 49
-3.175
 74
    0
  0
LTYPE
  5
45
330
5
100
AcDbSymbolTableRecord
100
AcDbLinetypeTableRecord
  2
BORDERX2
 70
    0
  3
Border (2x) ____  ____  .  ____  ____  .  ___
 72
   65
 73
    6
 40
88.89999999999999
 49
25.4
 74
    0
 49
-12.7
 74
    0
 49
25.4
 74
    0
 49
-12.7
 74
    0
 49
0
 74
    0
 49
-12.7
 74
    0
  0
LTYPE
  5
46
330
5
100
AcDbSymbolTableRecord
100
AcDbLinetypeTableRecord
  2
CENTER
 70
    0
  3
Center ____ _ ____ _ ____ _ ____ _ ____ _ ____
 72
   65
 73
    4
 40
50.8
 49
31.75
 74
    0
 49
-6.35
 74
    0
 49
6.35
 74
    0
 49
-6.35
 74
    0
  0
LTYPE
  5
47
330
5
100
AcDbSymbolTableRecord
100
AcDbLinetypeTableRecord
  2
CENTERTINY
 70
    0
  3
Center (.15x) ___ _ ___ _ ___ _ ___ _ ___ _ ___
 72
   65
 73
    4
 40
7.619999999999999
 49
4.7625
 74
    0
 49
-0.9525
 74
    0
 49
0.9525
 74
    0
 49
-0.9525
 74
    0
  0
LTYPE
  5
48
330
5
100
AcDbSymbolTableRecord
100
AcDbLinetypeTableRecord
  2
CENTER2
 70
    0
  3
Center (.5x) ___ _ ___ _ ___ _ ___ _ ___ _ ___
 72
   65
 73
    4
 40
28.575
 49
19.05
 74
    0
 49
-3.175
 74
    0
 49
3.175
 74
    0
 49
-3.175
 74
    0
  0
LTYPE
  5
49
330
5
100
AcDbSymbolTableRecord
100
AcDbLinetypeTableRecord
  2
CENTERX2
 70
    0
  3
Center (2x) ________  __  ________  __  _____
 72
   65
 73
    4
 40
101.6
 49
63.5
 74
    0
 49
-12.7
 74
    0
 49
12.7
 74
    0
 49
-12.7
 74
    0
  0
ENDTAB
  0
TABLE
  2
LAYER
  5
2
330
0
100
AcDbSymbolTable
 70
    1
  0
LAYER
  5
10
330
2
100
AcDbSymbolTableRecord
100
AcDbLayerTableRecord
  2
0
 70
    0
 62
    7
  6
CONTINUOUS
370
   25
390
F
  0
LAYER
  5
4A
330
2
100
AcDbSymbolTableRecord
100
AcDbLayerTableRecord
  2
COLUMN
 70
    0
 62
    7
  6
CONTINUOUS
370
   -3
390
F
  0
LAYER
  5
4B
330
2
100
AcDbSymbolTableRecord
100
AcDbLayerTableRecord
  2
DECOR
 70
    0
 62
   40
  6
CONTINUOUS
370
   -3
390
F
  0
LAYER
  5
4C
330
2
100
AcDbSymbolTableRecord
100
AcDbLayerTableRecord
  2
DIM
 70
    0
 62
    1
  6
CONTINUOUS
370
   -3
390
F
  0
LAYER
  5
4D
330
2
100
AcDbSymbolTableRecord
100
AcDbLayerTableRecord
  2
DOOR
 70
    0
 62
    3
  6
CONTINUOUS
370
   -3
390
F
  0
LAYER
  5
4E
330
2
100
AcDbSymbolTableRecord
100
AcDbLayerTableRecord
  2
FURN
 70
    0
 62
    8
  6
CONTINUOUS
370
   -3
390
F
  0
LAYER
  5
4F
330
2
100
AcDbSymbolTableRecord
100
AcDbLayerTableRecord
  2
HVAC
 70
    0
 62
    6
  6
CONTINUOUS
370
   -3
390
F
  0
LAYER
  5
50
330
2
100
AcDbSymbolTableRecord
100
AcDbLayerTableRecord
  2
TXT
 70
    0
 62
    2
  6
CONTINUOUS
370
   -3
390
F
  0
LAYER
  5
51
330
2
100
AcDbSymbolTableRecord
100
AcDbLayerTableRecord
  2
WALL
 70
    0
 62
    7
  6
CONTINUOUS
370
   -3
390
F
  0
LAYER
  5
52
330
2
100
AcDbSymbolTableRecord
100
AcDbLayerTableRecord
  2
WINDOW
 70
    0
 62
    4
  6
CONTINUOUS
370
   -3
390
F
  0
ENDTAB
  0
TABLE
  2
STYLE
  5
3
330
0
100
AcDbSymbolTable
 70
    3
  0
STYLE
  5
53
330
2
100
AcDbSymbolTableRecord
100
AcDbTextStyleTableRecord
  2
wqy-unicode
 70
    0
 40
0
 41
1
 50
0
 71
    0
 42
1
  3
wqy-unicode
  4

  0
STYLE
  5
54
330
2
100
AcDbSymbolTableRecord
100
AcDbTextStyleTableRecord
  2
Standard
 70
    0
 40
0
 41
1
 50
0
 71
    0
 42
1
  3
txt
  4

  0
ENDTAB
  0
TABLE
  2
VIEW
  5
6
330
0
100
AcDbSymbolTable
 70
    0
  0
ENDTAB
  0
TABLE
  2
UCS
  5
7
330
0
100
AcDbSymbolTable
 70
    0
  0
ENDTAB
  0
TABLE
  2
APPID
  5
9
330
0
100
AcDbSymbolTable
 70
    1
  0
APPID
  5
12
330
9
100
AcDbSymbolTableRecord
100
AcDbRegAppTableRecord
  2
ACAD
 70
    0
  0
APPID
  5
55
330
9
100
AcDbSymbolTableRecord
100
AcDbRegAppTableRecord
  2
LibreCad
 70
    0
  0
ENDTAB
  0
TABLE
  2
DIMSTYLE
  5
A
330
0
100
AcDbSymbolTable
 70
    1
100
AcDbDimStyleTable
 71
    1
  0
DIMSTYLE
105
56
330
A
100
AcDbSymbolTableRecord
100
AcDbDimStyleTableRecord
  2
Standard
 70
    0
 40
1
 41
2.5
 42
0.625
 43
0.38
 44
1.25
 45
0
 46
0
 47
0
 48
0
 49
1
140
2.5
141
0.09
142
2.5
143
25.4
144
1
145
0
146
1
147
0.625
148
0
 71
    0
 72
    0
 73
    0
 74
    1
 75
    0
 76
    0
 77
    0
 78
    1
 79
    0
170
    0
171
    2
172
    0
173
    0
174
    0
175
    0
176
    0
177
    0
178
    0
179
    0
271
    2
272
    4
273
    2
274
    2
275
    0
276
    0
277
    2
278
    0
279
    0
280
    0
281
    0
282
    0
283
    1
284
    0
285
    0
286
    0
288
    0
289
    3
340
54
  0
ENDTAB
  0
TABLE
  2
BLOCK_RECORD
  5
1
330
0
100
AcDbSymbolTable
 70
    2
  0
BLOCK_RECORD
  5
1F
330
1
100
AcDbSymbolTableRecord
100
AcDbBlockTableRecord
  2
*Model_Space
 70
    0
280
    1
281
    0
  0
BLOCK_RECORD
  5
1E
330
1
100
AcDbSymbolTableRecord
100
AcDbBlockTableRecord
  2
*Paper_Space
 70
    0
280
    1
281
    0
  0
ENDTAB
  0
ENDSEC
  0
SECTION
  2
BLOCKS
  0
BLOCK
  5
20
330
1F
100
AcDbEntity
  8
0
100
AcDbBlockBegin
  2
*Model_Space
 70
    0
 10
0
 20
0
 30
0
  3
*Model_Space
  1

  0
ENDBLK
  5
21
330
1F
100
AcDbEntity
  8
0
100
AcDbBlockEnd
  0
BLOCK
  5
1C
330
1B
100
AcDbEntity
  8
0
100
AcDbBlockBegin
  2
*Paper_Space
 70
    0
 10
0
 20
0
 30
0
  3
*Paper_Space
  1

  0
ENDBLK
  5
1D
330
1F
100
AcDbEntity
  8
0
100
AcDbBlockEnd
  0
ENDSEC
  0
SECTION
  2
ENTITIES
  0
LINE
  5
57
100
AcDbEntity
  8
WALL
  6
ByLayer
 62
  256
370
   -1
100
AcDbLine
 10
16000
 20
0
 11
0
 21
0
  0
LINE
  5
58
100
AcDbEntity
  8
WALL
  6
ByLayer
 62
  256
370
   -1
100
AcDbLine
 10
0
 20
0
 11
0
 21
15000
  0
LINE
  5
59
100
AcDbEntity
  8
WALL
  6
ByLayer
 62
  256
370
   -1
100
AcDbLine
 10
0
 20
15000
 11
12000
 21
15000
  0
LINE
  5
5A
100
AcDbEntity
  8
WALL
  6
ByLayer
 62
  256
370
   -1
100
AcDbLine
 10
12000
 20
15000
 11
12000
 21
20000
  0
LINE
  5
5B
100
AcDbEntity
  8
WALL
  6
ByLayer
 62
  256
370
   -1
100
AcDbLine
 10
12000
 20
20000
 11
16000
 21
20000
  0
LINE
  5
5C
100
AcDbEntity
  8
WALL
  6
ByLayer
 62
  256
370
   -1
100
AcDbLine
 10
16000
 20
20000
 11
16000
 21
0
  0
LINE
  5
5D
100
AcDbEntity
  8
WALL
  6
ByLayer
 62
  256
370
   -1
100
AcDbLine
 10
15750
 20
250
 11
250
 21
250
  0
LINE
  5
5E
100
AcDbEntity
  8
WALL
  6
ByLayer
 62
  256
370
   -1
100
AcDbLine
 10
250
 20
250
 11
250
 21
14750
  0
LINE
  5
5F
100
AcDbEntity
  8
WALL
  6
ByLayer
 62
  256
370
   -1
100
AcDbLine
 10
250
 20
14750
 11
11750
 21
14750
  0
LINE
  5
60
100
AcDbEntity
  8
WALL
  6
ByLayer
 62
  256
370
   -1
100
AcDbLine
 10
11750
 20
14750
 11
11750
 21
19750
  0
LINE
  5
61
100
AcDbEntity
  8
WALL
  6
ByLayer
 62
  256
370
   -1
100
AcDbLine
 10
11750
 20
19750
 11
15750
 21
19750
  0
LINE
  5
62
100
AcDbEntity
  8
WALL
  6
ByLayer
 62
  256
370
   -1
100
AcDbLine
 10
15750
 20
19750
 11
15750
 21
250
  0
LINE
  5
63
100
AcDbEntity
  8
WINDOW
  6
ByLayer
 62
  256
370
   -1
100
AcDbLine
 10
15100
 20
7612.5
 11
14000
 21
7612.5
  0
LINE
  5
64
100
AcDbEntity
  8
FURN
  6
ByLayer
 62
  256
370
   -1
100
AcDbLine
 10
15650
 20
9925
 11
13500
 21
7725
  0
LINE
  5
65
100
AcDbEntity
  8
FURN
  6
ByLayer
 62
  256
370
   -1
100
AcDbLine
 10
13500
 20
9925
 11
15650
 21
7725
  0
LINE
  5
66
100
AcDbEntity
  8
DOOR
  6
ByLayer
 62
  256
370
   -1
100
AcDbLine
 10
13400
 20
10150
 11
14400
 21
10150
  0
ARC
  5
67
100
AcDbEntity
  8
DOOR
  6
ByLayer
 62
  256
370
   -1
100
AcDbCircle
 10
14400
 20
11150
 40
1000
100
AcDbArc
 50
180
 51
270
  0
LINE
  5
68
100
AcDbEntity
  8
FURN
  6
ByLayer
 62
  256
370
   -1
100
AcDbLine
 10
15650
 20
15000
 11
13400
 21
15000
  0
LINE
  5
69
100
AcDbEntity
  8
FURN
  6
ByLayer
 62
  256
370
   -1
100
AcDbLine
 10
15650
 20
14675
 11
14600
 21
14675
  0
LINE
  5
6A
100
AcDbEntity
  8
FURN
  6
ByLayer
 62
  256
370
   -1
100
AcDbLine
 10
14450
 20
14675
 11
13400
 21
14675
  0
LINE
  5
6B
100
AcDbEntity
  8
FURN
  6
ByLayer
 62
  256
370
   -1
100
AcDbLine
 10
15650
 20
14350
 11
14600
 21
14350
  0
LINE
  5
6C
100
AcDbEntity
  8
FURN
  6
ByLayer
 62
  256
370
   -1
100
AcDbLine
 10
14450
 20
14350
 11
13400
 21
14350
  0
LINE
  5
6D
100
AcDbEntity
  8
FURN
  6
ByLayer
 62
  256
370
   -1
100
AcDbLine
 10
15650
 20
14025
 11
14600
 21
14025
  0
LINE
  5
6E
100
AcDbEntity
  8
FURN
  6
ByLayer
 62
  256
370
   -1
100
AcDbLine
 10
14450
 20
14025
 11
13400
 21
14025
  0
LINE
  5
6F
100
AcDbEntity
  8
FURN
  6
ByLayer
 62
  256
370
   -1
100
AcDbLine
 10
15650
 20
13700
 11
14600
 21
13700
  0
LINE
  5
70
100
AcDbEntity
  8
FURN
  6
ByLayer
 62
  256
370
   -1
100
AcDbLine
 10
14450
 20
13700
 11
13400
 21
13700
  0
LINE
  5
71
100
AcDbEntity
  8
FURN
  6
ByLayer
 62
  256
370
   -1
100
AcDbLine
 10
15650
 20
13375
 11
14600
 21
13375
  0
LINE
  5
72
100
AcDbEntity
  8
FURN
  6
ByLayer
 62
  256
370
   -1
100
AcDbLine
 10
14450
 20
13375
 11
13400
 21
13375
  0
LINE
  5
73
100
AcDbEntity
  8
FURN
  6
ByLayer
 62
  256
370
   -1
100
AcDbLine
 10
15650
 20
13050
 11
14600
 21
13050
  0
LINE
  5
74
100
AcDbEntity
  8
FURN
  6
ByLayer
 62
  256
370
   -1
100
AcDbLine
 10
14450
 20
13050
 11
13400
 21
13050
  0
LINE
  5
75
100
AcDbEntity
  8
FURN
  6
ByLayer
 62
  256
370
   -1
100
AcDbLine
 10
15650
 20
12725
 11
14600
 21
12725
  0
LINE
  5
76
100
AcDbEntity
  8
FURN
  6
ByLayer
 62
  256
370
   -1
100
AcDbLine
 10
14450
 20
12725
 11
13400
 21
12725
  0
LINE
  5
77
100
AcDbEntity
  8
FURN
  6
ByLayer
 62
  256
370
   -1
100
AcDbLine
 10
15650
 20
12400
 11
14600
 21
12400
  0
LINE
  5
78
100
AcDbEntity
  8
FURN
  6
ByLayer
 62
  256
370
   -1
100
AcDbLine
 10
14450
 20
12400
 11
13400
 21
12400
  0
LINE
  5
79
100
AcDbEntity
  8
FURN
  6
ByLayer
 62
  256
370
   -1
100
AcDbLine
 10
15650
 20
12075
 11
14600
 21
12075
  0
LINE
  5
7A
100
AcDbEntity
  8
FURN
  6
ByLayer
 62
  256
370
   -1
100
AcDbLine
 10
14450
 20
12075
 11
13400
 21
12075
  0
LINE
  5
7B
100
AcDbEntity
  8
FURN
  6
ByLayer
 62
  256
370
   -1
100
AcDbLine
 10
15650
 20
11750
 11
14600
 21
11750
  0
LINE
  5
7C
100
AcDbEntity
  8
FURN
  6
ByLayer
 62
  256
370
   -1
100
AcDbLine
 10
14450
 20
11750
 11
13400
 21
11750
  0
LINE
  5
7D
100
AcDbEntity
  8
FURN
  6
ByLayer
 62
  256
370
   -1
100
AcDbLine
 10
14600
 20
14675
 11
14600
 21
10375
  0
LINE
  5
7E
100
AcDbEntity
  8
FURN
  6
ByLayer
 62
  256
370
   -1
100
AcDbLine
 10
14450
 20
14675
 11
14450
 21
10375
  0
LINE
  5
7F
100
AcDbEntity
  8
FURN
  6
ByLayer
 62
  256
370
   -1
100
AcDbLine
 10
15125
 20
10625
 11
15125
 21
14250
  0
LINE
  5
80
100
AcDbEntity
  8
FURN
  6
ByLayer
 62
  256
370
   -1
100
AcDbLine
 10
15225
 20
14050
 11
15125
 21
14250
  0
LINE
  5
81
100
AcDbEntity
  8
FURN
  6
ByLayer
 62
  256
370
   -1
100
AcDbLine
 10
15125
 20
14250
 11
15025
 21
14050
  0
LINE
  5
82
100
AcDbEntity
  8
FURN
  6
ByLayer
 62
  256
370
   -1
100
AcDbLine
 10
15700
 20
7450
 11
15200
 21
7075
  0
LINE
  5
83
100
AcDbEntity
  8
FURN
  6
ByLayer
 62
  256
370
   -1
100
AcDbLine
 10
15200
 20
7450
 11
15700
 21
7075
  0
LINE
  5
84
100
AcDbEntity
  8
FURN
  6
ByLayer
 62
  256
370
   -1
100
AcDbLine
 10
15700
 20
7025
 11
15200
 21
6650
  0
LINE
  5
85
100
AcDbEntity
  8
FURN
  6
ByLayer
 62
  256
370
   -1
100
AcDbLine
 10
15200
 20
7025
 11
15700
 21
6650
  0
LINE
  5
86
100
AcDbEntity
  8
DOOR
  6
ByLayer
 62
  256
370
   -1
100
AcDbLine
 10
12200
 20
14975
 11
12200
 21
15975
  0
LINE
  5
87
100
AcDbEntity
  8
FURN
  6
ByLayer
 62
  256
370
   -1
100
AcDbLine
 10
14600
 20
19500
 11
15600
 21
19500
  0
LINE
  5
88
100
AcDbEntity
  8
FURN
  6
ByLayer
 62
  256
370
   -1
100
AcDbLine
 10
15600
 20
19500
 11
15600
 21
18500
  0
LINE
  5
89
100
AcDbEntity
  8
FURN
  6
ByLayer
 62
  256
370
   -1
100
AcDbLine
 10
15600
 20
18500
 11
14600
 21
18500
  0
LINE
  5
8A
100
AcDbEntity
  8
FURN
  6
ByLayer
 62
  256
370
   -1
100
AcDbLine
 10
14600
 20
18500
 11
14600
 21
19500
  0
CIRCLE
  5
8B
100
AcDbEntity
  8
FURN
  6
ByLayer
 62
  256
370
   -1
100
AcDbCircle
 10
15100
 20
19000
 40
300
  0
LINE
  5
8C
100
AcDbEntity
  8
FURN
  6
ByLayer
 62
  256
370
   -1
100
AcDbLine
 10
13500
 20
19500
 11
14500
 21
19500
  0
LINE
  5
8D
100
AcDbEntity
  8
FURN
  6
ByLayer
 62
  256
370
   -1
100
AcDbLine
 10
14500
 20
19500
 11
14500
 21
18500
  0
LINE
  5
8E
100
AcDbEntity
  8
FURN
  6
ByLayer
 62
  256
370
   -1
100
AcDbLine
 10
14500
 20
18500
 11
13500
 21
18500
  0
LINE
  5
8F
100
AcDbEntity
  8
FURN
  6
ByLayer
 62
  256
370
   -1
100
AcDbLine
 10
13500
 20
18500
 11
13500
 21
19500
  0
CIRCLE
  5
90
100
AcDbEntity
  8
FURN
  6
ByLayer
 62
  256
370
   -1
100
AcDbCircle
 10
14000
 20
19000
 40
300
  0
LINE
  5
91
100
AcDbEntity
  8
FURN
  6
ByLayer
 62
  256
370
   -1
100
AcDbLine
 10
13250
 20
16850
 11
15600
 21
16850
  0
LINE
  5
92
100
AcDbEntity
  8
FURN
  6
ByLayer
 62
  256
370
   -1
100
AcDbLine
 10
15600
 20
16850
 11
15600
 21
16400
  0
LINE
  5
93
100
AcDbEntity
  8
FURN
  6
ByLayer
 62
  256
370
   -1
100
AcDbLine
 10
15600
 20
16400
 11
13250
 21
16400
  0
LINE
  5
94
100
AcDbEntity
  8
FURN
  6
ByLayer
 62
  256
370
   -1
100
AcDbLine
 10
13250
 20
16400
 11
13250
 21
16850
  0
LINE
  5
95
100
AcDbEntity
  8
FURN
  6
ByLayer
 62
  256
370
   -1
100
AcDbLine
 10
15600
 20
16625
 11
13250
 21
16625
  0
LINE
  5
96
100
AcDbEntity
  8
FURN
  6
ByLayer
 62
  256
370
   -1
100
AcDbLine
 10
12350
 20
19500
 11
13200
 21
19500
  0
LINE
  5
97
100
AcDbEntity
  8
FURN
  6
ByLayer
 62
  256
370
   -1
100
AcDbLine
 10
13200
 20
19500
 11
13200
 21
17350
  0
LINE
  5
98
100
AcDbEntity
  8
FURN
  6
ByLayer
 62
  256
370
   -1
100
AcDbLine
 10
13200
 20
17350
 11
12350
 21
17350
  0
LINE
  5
99
100
AcDbEntity
  8
FURN
  6
ByLayer
 62
  256
370
   -1
100
AcDbLine
 10
12350
 20
17350
 11
12350
 21
19500
  0
LINE
  5
9A
100
AcDbEntity
  8
FURN
  6
ByLayer
 62
  256
370
   -1
100
AcDbLine
 10
13200
 20
18425
 11
12350
 21
18425
  0
LINE
  5
9B
100
AcDbEntity
  8
DOOR
  6
ByLayer
 62
  256
370
   -1
100
AcDbLine
 10
13850
 20
19750
 11
13850
 21
18750
  0
LINE
  5
9C
100
AcDbEntity
  8
WINDOW
  6
ByLayer
 62
  256
370
   -1
100
AcDbLine
 10
15787.5
 20
19250
 11
15962.5
 21
19250
  0
LINE
  5
9D
100
AcDbEntity
  8
WINDOW
  6
ByLayer
 62
  256
370
   -1
100
AcDbLine
 10
15962.5
 20
19250
 11
15962.5
 21
17250
  0
LINE
  5
9E
100
AcDbEntity
  8
WINDOW
  6
ByLayer
 62
  256
370
   -1
100
AcDbLine
 10
15962.5
 20
17250
 11
15787.5
 21
17250
  0
LINE
  5
9F
100
AcDbEntity
  8
WINDOW
  6
ByLayer
 62
  256
370
   -1
100
AcDbLine
 10
15787.5
 20
17250
 11
15787.5
 21
19250
  0
LINE
  5
A0
100
AcDbEntity
  8
WINDOW
  6
ByLayer
 62
  256
370
   -1
100
AcDbLine
 10
15875
 20
19250
 11
15875
 21
17250
  0
LINE
  5
A1
100
AcDbEntity
  8
DOOR
  6
ByLayer
 62
  256
370
   -1
100
AcDbLine
 10
11925
 20
3250
 11
11025
 21
3250
  0
ARC
  5
A2
100
AcDbEntity
  8
DOOR
  6
ByLayer
 62
  256
370
   -1
100
AcDbCircle
 10
11025
 20
2350
 40
900
100
AcDbArc
 50
0
 51
90
  0
LINE
  5
A3
100
AcDbEntity
  8
DOOR
  6
ByLayer
 62
  256
370
   -1
100
AcDbLine
 10
9500
 20
13100
 11
9500
 21
13850
  0
ARC
  5
A4
100
AcDbEntity
  8
DOOR
  6
ByLayer
 62
  256
370
   -1
100
AcDbCircle
 10
8750
 20
13850
 40
750
100
AcDbArc
 50
270
 51
0
  0
LINE
  5
A5
100
AcDbEntity
  8
FURN
  6
ByLayer
 62
  256
370
   -1
100
AcDbLine
 10
9825
 20
14200
 11
9807.9
 21
14094.8
  0
LINE
  5
A6
100
AcDbEntity
  8
FURN
  6
ByLayer
 62
  256
370
   -1
100
AcDbLine
 10
9807.9
 20
14094.8
 11
9759.1
 21
14005.5
  0
LINE
  5
A7
100
AcDbEntity
  8
FURN
  6
ByLayer
 62
  256
370
   -1
100
AcDbLine
 10
9759.1
 20
14005.5
 11
9686.1
 21
13945.9
  0
LINE
  5
A8
100
AcDbEntity
  8
FURN
  6
ByLayer
 62
  256
370
   -1
100
AcDbLine
 10
9686.1
 20
13945.9
 11
9600
 21
13925
  0
LINE
  5
A9
100
AcDbEntity
  8
FURN
  6
ByLayer
 62
  256
370
   -1
100
AcDbLine
 10
9600
 20
13925
 11
9513.9
 21
13945.9
  0
LINE
  5
AA
100
AcDbEntity
  8
FURN
  6
ByLayer
 62
  256
370
   -1
100
AcDbLine
 10
9513.9
 20
13945.9
 11
9440.9
 21
14005.5
  0
LINE
  5
AB
100
AcDbEntity
  8
FURN
  6
ByLayer
 62
  256
370
   -1
100
AcDbLine
 10
9440.9
 20
14005.5
 11
9392.1
 21
14094.8
  0
LINE
  5
AC
100
AcDbEntity
  8
FURN
  6
ByLayer
 62
  256
370
   -1
100
AcDbLine
 10
9392.1
 20
14094.8
 11
9375
 21
14200
  0
LINE
  5
AD
100
AcDbEntity
  8
FURN
  6
ByLayer
 62
  256
370
   -1
100
AcDbLine
 10
9375
 20
14200
 11
9392.1
 21
14305.2
  0
LINE
  5
AE
100
AcDbEntity
  8
FURN
  6
ByLayer
 62
  256
370
   -1
100
AcDbLine
 10
9392.1
 20
14305.2
 11
9440.9
 21
14394.5
  0
LINE
  5
AF
100
AcDbEntity
  8
FURN
  6
ByLayer
 62
  256
370
   -1
100
AcDbLine
 10
9440.9
 20
14394.5
 11
9513.9
 21
14454.1
  0
LINE
  5
B0
100
AcDbEntity
  8
FURN
  6
ByLayer
 62
  256
370
   -1
100
AcDbLine
 10
9513.9
 20
14454.1
 11
9600
 21
14475
  0
LINE
  5
B1
100
AcDbEntity
  8
FURN
  6
ByLayer
 62
  256
370
   -1
100
AcDbLine
 10
9600
 20
14475
 11
9686.1
 21
14454.1
  0
LINE
  5
B2
100
AcDbEntity
  8
FURN
  6
ByLayer
 62
  256
370
   -1
100
AcDbLine
 10
9686.1
 20
14454.1
 11
9759.1
 21
14394.5
  0
LINE
  5
B3
100
AcDbEntity
  8
FURN
  6
ByLayer
 62
  256
370
   -1
100
AcDbLine
 10
9759.1
 20
14394.5
 11
9807.9
 21
14305.2
  0
LINE
  5
B4
100
AcDbEntity
  8
FURN
  6
ByLayer
 62
  256
370
   -1
100
AcDbLine
 10
9807.9
 20
14305.2
 11
9825
 21
14200
  0
LINE
  5
B5
100
AcDbEntity
  8
FURN
  6
ByLayer
 62
  256
370
   -1
100
AcDbLine
 10
9375
 20
14650
 11
9825
 21
14650
  0
LINE
  5
B6
100
AcDbEntity
  8
FURN
  6
ByLayer
 62
  256
370
   -1
100
AcDbLine
 10
9825
 20
14650
 11
9825
 21
14450
  0
LINE
  5
B7
100
AcDbEntity
  8
FURN
  6
ByLayer
 62
  256
370
   -1
100
AcDbLine
 10
9825
 20
14450
 11
9375
 21
14450
  0
LINE
  5
B8
100
AcDbEntity
  8
FURN
  6
ByLayer
 62
  256
370
   -1
100
AcDbLine
 10
9375
 20
14450
 11
9375
 21
14650
  0
LINE
  5
B9
100
AcDbEntity
  8
FURN
  6
ByLayer
 62
  256
370
   -1
100
AcDbLine
 10
8200
 20
14600
 11
8950
 21
14600
  0
LINE
  5
BA
100
AcDbEntity
  8
FURN
  6
ByLayer
 62
  256
370
   -1
100
AcDbLine
 10
8950
 20
14600
 11
8950
 21
14200
  0
LINE
  5
BB
100
AcDbEntity
  8
FURN
  6
ByLayer
 62
  256
370
   -1
100
AcDbLine
 10
8950
 20
14200
 11
8200
 21
14200
  0
LINE
  5
BC
100
AcDbEntity
  8
FURN
  6
ByLayer
 62
  256
370
   -1
100
AcDbLine
 10
8200
 20
14200
 11
8200
 21
14600
  0
LINE
  5
BD
100
AcDbEntity
  8
FURN
  6
ByLayer
 62
  256
370
   -1
100
AcDbLine
 10
8775
 20
14400
 11
8759.799999999999
 21
14352.2
  0
LINE
  5
BE
100
AcDbEntity
  8
FURN
  6
ByLayer
 62
  256
370
   -1
100
AcDbLine
 10
8759.799999999999
 20
14352.2
 11
8716.4
 21
14311.6
  0
LINE
  5
BF
100
AcDbEntity
  8
FURN
  6
ByLayer
 62
  256
370
   -1
100
AcDbLine
 10
8716.4
 20
14311.6
 11
8651.5
 21
14284.5
  0
LINE
  5
C0
100
AcDbEntity
  8
FURN
  6
ByLayer
 62
  256
370
   -1
100
AcDbLine
 10
8651.5
 20
14284.5
 11
8575
 21
14275
  0
LINE
  5
C1
100
AcDbEntity
  8
FURN
  6
ByLayer
 62
  256
370
   -1
100
AcDbLine
 10
8575
 20
14275
 11
8498.5
 21
14284.5
  0
LINE
  5
C2
100
AcDbEntity
  8
FURN
  6
ByLayer
 62
  256
370
   -1
100
AcDbLine
 10
8498.5
 20
14284.5
 11
8433.6
 21
14311.6
  0
LINE
  5
C3
100
AcDbEntity
  8
FURN
  6
ByLayer
 62
  256
370
   -1
100
AcDbLine
 10
8433.6
 20
14311.6
 11
8390.200000000001
 21
14352.2
  0
LINE
  5
C4
100
AcDbEntity
  8
FURN
  6
ByLayer
 62
  256
370
   -1
100
AcDbLine
 10
8390.200000000001
 20
14352.2
 11
8375
 21
14400
  0
LINE
  5
C5
100
AcDbEntity
  8
FURN
  6
ByLayer
 62
  256
370
   -1
100
AcDbLine
 10
8375
 20
14400
 11
8390.200000000001
 21
14447.8
  0
LINE
  5
C6
100
AcDbEntity
  8
FURN
  6
ByLayer
 62
  256
370
   -1
100
AcDbLine
 10
8390.200000000001
 20
14447.8
 11
8433.6
 21
14488.4
  0
LINE
  5
C7
100
AcDbEntity
  8
FURN
  6
ByLayer
 62
  256
370
   -1
100
AcDbLine
 10
8433.6
 20
14488.4
 11
8498.5
 21
14515.5
  0
LINE
  5
C8
100
AcDbEntity
  8
FURN
  6
ByLayer
 62
  256
370
   -1
100
AcDbLine
 10
8498.5
 20
14515.5
 11
8575
 21
14525
  0
LINE
  5
C9
100
AcDbEntity
  8
FURN
  6
ByLayer
 62
  256
370
   -1
100
AcDbLine
 10
8575
 20
14525
 11
8651.5
 21
14515.5
  0
LINE
  5
CA
100
AcDbEntity
  8
FURN
  6
ByLayer
 62
  256
370
   -1
100
AcDbLine
 10
8651.5
 20
14515.5
 11
8716.4
 21
14488.4
  0
LINE
  5
CB
100
AcDbEntity
  8
FURN
  6
ByLayer
 62
  256
370
   -1
100
AcDbLine
 10
8716.4
 20
14488.4
 11
8759.799999999999
 21
14447.8
  0
LINE
  5
CC
100
AcDbEntity
  8
FURN
  6
ByLayer
 62
  256
370
   -1
100
AcDbLine
 10
8759.799999999999
 20
14447.8
 11
8775
 21
14400
  0
LINE
  5
CD
100
AcDbEntity
  8
DOOR
  6
ByLayer
 62
  256
370
   -1
100
AcDbLine
 10
14800
 20
250
 11
14800
 21
1100
  0
ARC
  5
CE
100
AcDbEntity
  8
DOOR
  6
ByLayer
 62
  256
370
   -1
100
AcDbCircle
 10
13950
 20
1100
 40
850
100
AcDbArc
 50
270
 51
0
  0
LINE
  5
CF
100
AcDbEntity
  8
DOOR
  6
ByLayer
 62
  256
370
   -1
100
AcDbLine
 10
13150
 20
250
 11
13150
 21
1100
  0
ARC
  5
D0
100
AcDbEntity
  8
DOOR
  6
ByLayer
 62
  256
370
   -1
100
AcDbCircle
 10
14000
 20
1100
 40
850
100
AcDbArc
 50
180
 51
270
  0
LINE
  5
D1
100
AcDbEntity
  8
FURN
  6
DASHED
 62
  256
370
   -1
100
AcDbLine
 10
12900
 20
-100
 11
15050
 21
-100
  0
LINE
  5
D2
100
AcDbEntity
  8
FURN
  6
DASHED
 62
  256
370
   -1
100
AcDbLine
 10
15050
 20
-100
 11
15050
 21
-400
  0
LINE
  5
D3
100
AcDbEntity
  8
FURN
  6
DASHED
 62
  256
370
   -1
100
AcDbLine
 10
15050
 20
-400
 11
12900
 21
-400
  0
LINE
  5
D4
100
AcDbEntity
  8
FURN
  6
DASHED
 62
  256
370
   -1
100
AcDbLine
 10
12900
 20
-400
 11
12900
 21
-100
  0
LINE
  5
D5
100
AcDbEntity
  8
WINDOW
  6
ByLayer
 62
  256
370
   -1
100
AcDbLine
 10
11850
 20
125
 11
8150
 21
125
  0
LINE
  5
D6
100
AcDbEntity
  8
WINDOW
  6
ByLayer
 62
  256
370
   -1
100
AcDbLine
 10
10500
 20
225
 11
10500
 21
25
  0
LINE
  5
D7
100
AcDbEntity
  8
WINDOW
  6
ByLayer
 62
  256
370
   -1
100
AcDbLine
 10
9300
 20
225
 11
9300
 21
25
  0
LINE
  5
D8
100
AcDbEntity
  8
DOOR
  6
ByLayer
 62
  256
370
   -1
100
AcDbLine
 10
11550
 20
250
 11
11550
 21
1100
  0
ARC
  5
D9
100
AcDbEntity
  8
DOOR
  6
ByLayer
 62
  256
370
   -1
100
AcDbCircle
 10
10700
 20
1100
 40
850
100
AcDbArc
 50
270
 51
0
  0
LINE
  5
DA
100
AcDbEntity
  8
WINDOW
  6
ByLayer
 62
  256
370
   -1
100
AcDbLine
 10
7850
 20
125
 11
4150
 21
125
  0
LINE
  5
DB
100
AcDbEntity
  8
DOOR
  6
ByLayer
 62
  256
370
   -1
100
AcDbLine
 10
7500
 20
250
 11
7500
 21
1100
  0
ARC
  5
DC
100
AcDbEntity
  8
DOOR
  6
ByLayer
 62
  256
370
   -1
100
AcDbCircle
 10
6650
 20
1100
 40
850
100
AcDbArc
 50
270
 51
0
  0
LINE
  5
DD
100
AcDbEntity
  8
WINDOW
  6
ByLayer
 62
  256
370
   -1
100
AcDbLine
 10
3850
 20
125
 11
400
 21
125
  0
LINE
  5
DE
100
AcDbEntity
  8
DOOR
  6
ByLayer
 62
  256
370
   -1
100
AcDbLine
 10
3500
 20
250
 11
3500
 21
1100
  0
ARC
  5
DF
100
AcDbEntity
  8
DOOR
  6
ByLayer
 62
  256
370
   -1
100
AcDbCircle
 10
2650
 20
1100
 40
850
100
AcDbArc
 50
270
 51
0
  0
LINE
  5
E0
100
AcDbEntity
  8
WINDOW
  6
ByLayer
 62
  256
370
   -1
100
AcDbLine
 10
8500
 20
14962.5
 11
11500
 21
14962.5
  0
LINE
  5
E1
100
AcDbEntity
  8
WINDOW
  6
ByLayer
 62
  256
370
   -1
100
AcDbLine
 10
11500
 20
14962.5
 11
11500
 21
14787.5
  0
LINE
  5
E2
100
AcDbEntity
  8
WINDOW
  6
ByLayer
 62
  256
370
   -1
100
AcDbLine
 10
11500
 20
14787.5
 11
8500
 21
14787.5
  0
LINE
  5
E3
100
AcDbEntity
  8
WINDOW
  6
ByLayer
 62
  256
370
   -1
100
AcDbLine
 10
8500
 20
14787.5
 11
8500
 21
14962.5
  0
LINE
  5
E4
100
AcDbEntity
  8
WINDOW
  6
ByLayer
 62
  256
370
   -1
100
AcDbLine
 10
11500
 20
14875
 11
8500
 21
14875
  0
LINE
  5
E5
100
AcDbEntity
  8
WINDOW
  6
ByLayer
 62
  256
370
   -1
100
AcDbLine
 10
4500
 20
14962.5
 11
7500
 21
14962.5
  0
LINE
  5
E6
100
AcDbEntity
  8
WINDOW
  6
ByLayer
 62
  256
370
   -1
100
AcDbLine
 10
7500
 20
14962.5
 11
7500
 21
14787.5
  0
LINE
  5
E7
100
AcDbEntity
  8
WINDOW
  6
ByLayer
 62
  256
370
   -1
100
AcDbLine
 10
7500
 20
14787.5
 11
4500
 21
14787.5
  0
LINE
  5
E8
100
AcDbEntity
  8
WINDOW
  6
ByLayer
 62
  256
370
   -1
100
AcDbLine
 10
4500
 20
14787.5
 11
4500
 21
14962.5
  0
LINE
  5
E9
100
AcDbEntity
  8
WINDOW
  6
ByLayer
 62
  256
370
   -1
100
AcDbLine
 10
7500
 20
14875
 11
4500
 21
14875
  0
LINE
  5
EA
100
AcDbEntity
  8
WINDOW
  6
ByLayer
 62
  256
370
   -1
100
AcDbLine
 10
500
 20
14962.5
 11
3500
 21
14962.5
  0
LINE
  5
EB
100
AcDbEntity
  8
WINDOW
  6
ByLayer
 62
  256
370
   -1
100
AcDbLine
 10
3500
 20
14962.5
 11
3500
 21
14787.5
  0
LINE
  5
EC
100
AcDbEntity
  8
WINDOW
  6
ByLayer
 62
  256
370
   -1
100
AcDbLine
 10
3500
 20
14787.5
 11
500
 21
14787.5
  0
LINE
  5
ED
100
AcDbEntity
  8
WINDOW
  6
ByLayer
 62
  256
370
   -1
100
AcDbLine
 10
500
 20
14787.5
 11
500
 21
14962.5
  0
LINE
  5
EE
100
AcDbEntity
  8
WINDOW
  6
ByLayer
 62
  256
370
   -1
100
AcDbLine
 10
3500
 20
14875
 11
500
 21
14875
  0
LINE
  5
EF
100
AcDbEntity
  8
WINDOW
  6
ByLayer
 62
  256
370
   -1
100
AcDbLine
 10
15787.5
 20
12750
 11
15962.5
 21
12750
  0
LINE
  5
F0
100
AcDbEntity
  8
WINDOW
  6
ByLayer
 62
  256
370
   -1
100
AcDbLine
 10
15962.5
 20
12750
 11
15962.5
 21
10750
  0
LINE
  5
F1
100
AcDbEntity
  8
WINDOW
  6
ByLayer
 62
  256
370
   -1
100
AcDbLine
 10
15962.5
 20
10750
 11
15787.5
 21
10750
  0
LINE
  5
F2
100
AcDbEntity
  8
WINDOW
  6
ByLayer
 62
  256
370
   -1
100
AcDbLine
 10
15787.5
 20
10750
 11
15787.5
 21
12750
  0
LINE
  5
F3
100
AcDbEntity
  8
WINDOW
  6
ByLayer
 62
  256
370
   -1
100
AcDbLine
 10
15875
 20
12750
 11
15875
 21
10750
  0
LINE
  5
F4
100
AcDbEntity
  8
WINDOW
  6
ByLayer
 62
  256
370
   -1
100
AcDbLine
 10
15787.5
 20
5000
 11
15962.5
 21
5000
  0
LINE
  5
F5
100
AcDbEntity
  8
WINDOW
  6
ByLayer
 62
  256
370
   -1
100
AcDbLine
 10
15962.5
 20
5000
 11
15962.5
 21
2000
  0
LINE
  5
F6
100
AcDbEntity
  8
WINDOW
  6
ByLayer
 62
  256
370
   -1
100
AcDbLine
 10
15962.5
 20
2000
 11
15787.5
 21
2000
  0
LINE
  5
F7
100
AcDbEntity
  8
WINDOW
  6
ByLayer
 62
  256
370
   -1
100
AcDbLine
 10
15787.5
 20
2000
 11
15787.5
 21
5000
  0
LINE
  5
F8
100
AcDbEntity
  8
WINDOW
  6
ByLayer
 62
  256
370
   -1
100
AcDbLine
 10
15875
 20
5000
 11
15875
 21
2000
  0
LINE
  5
F9
100
AcDbEntity
  8
WINDOW
  6
ByLayer
 62
  256
370
   -1
100
AcDbLine
 10
37.5
 20
12750
 11
212.5
 21
12750
  0
LINE
  5
FA
100
AcDbEntity
  8
WINDOW
  6
ByLayer
 62
  256
370
   -1
100
AcDbLine
 10
212.5
 20
12750
 11
212.5
 21
9750
  0
LINE
  5
FB
100
AcDbEntity
  8
WINDOW
  6
ByLayer
 62
  256
370
   -1
100
AcDbLine
 10
212.5
 20
9750
 11
37.5
 21
9750
  0
LINE
  5
FC
100
AcDbEntity
  8
WINDOW
  6
ByLayer
 62
  256
370
   -1
100
AcDbLine
 10
37.5
 20
9750
 11
37.5
 21
12750
  0
LINE
  5
FD
100
AcDbEntity
  8
WINDOW
  6
ByLayer
 62
  256
370
   -1
100
AcDbLine
 10
125
 20
12750
 11
125
 21
9750
  0
LINE
  5
FE
100
AcDbEntity
  8
WINDOW
  6
ByLayer
 62
  256
370
   -1
100
AcDbLine
 10
37.5
 20
6250
 11
212.5
 21
6250
  0
LINE
  5
FF
100
AcDbEntity
  8
WINDOW
  6
ByLayer
 62
  256
370
   -1
100
AcDbLine
 10
212.5
 20
6250
 11
212.5
 21
3250
  0
LINE
  5
100
100
AcDbEntity
  8
WINDOW
  6
ByLayer
 62
  256
370
   -1
100
AcDbLine
 10
212.5
 20
3250
 11
37.5
 21
3250
  0
LINE
  5
101
100
AcDbEntity
  8
WINDOW
  6
ByLayer
 62
  256
370
   -1
100
AcDbLine
 10
37.5
 20
3250
 11
37.5
 21
6250
  0
LINE
  5
102
100
AcDbEntity
  8
WINDOW
  6
ByLayer
 62
  256
370
   -1
100
AcDbLine
 10
125
 20
6250
 11
125
 21
3250
  0
LINE
  5
103
100
AcDbEntity
  8
FURN
  6
ByLayer
 62
  256
370
   -1
100
AcDbLine
 10
12350
 20
4100
 11
14000
 21
4100
  0
LINE
  5
104
100
AcDbEntity
  8
FURN
  6
ByLayer
 62
  256
370
   -1
100
AcDbLine
 10
14000
 20
4100
 11
14000
 21
3550
  0
LINE
  5
105
100
AcDbEntity
  8
FURN
  6
ByLayer
 62
  256
370
   -1
100
AcDbLine
 10
14000
 20
3550
 11
12350
 21
3550
  0
LINE
  5
106
100
AcDbEntity
  8
FURN
  6
ByLayer
 62
  256
370
   -1
100
AcDbLine
 10
12350
 20
3550
 11
12350
 21
4100
  0
LINE
  5
107
100
AcDbEntity
  8
FURN
  6
ByLayer
 62
  256
370
   -1
100
AcDbLine
 10
14000
 20
3825
 11
12350
 21
3825
  0
LINE
  5
108
100
AcDbEntity
  8
FURN
  6
ByLayer
 62
  256
370
   -1
100
AcDbLine
 10
14200
 20
2500
 11
15500
 21
2500
  0
LINE
  5
109
100
AcDbEntity
  8
FURN
  6
ByLayer
 62
  256
370
   -1
100
AcDbLine
 10
15500
 20
2500
 11
15500
 21
2000
  0
LINE
  5
10A
100
AcDbEntity
  8
FURN
  6
ByLayer
 62
  256
370
   -1
100
AcDbLine
 10
15500
 20
2000
 11
14200
 21
2000
  0
LINE
  5
10B
100
AcDbEntity
  8
FURN
  6
ByLayer
 62
  256
370
   -1
100
AcDbLine
 10
14200
 20
2000
 11
14200
 21
2500
  0
CIRCLE
  5
10C
100
AcDbEntity
  8
FURN
  6
ByLayer
 62
  256
370
   -1
100
AcDbCircle
 10
14800
 20
3250
 40
250
  0
LINE
  5
10D
100
AcDbEntity
  8
FURN
  6
ByLayer
 62
  256
370
   -1
100
AcDbLine
 10
8150
 20
12000
 11
9500
 21
12000
  0
LINE
  5
10E
100
AcDbEntity
  8
FURN
  6
ByLayer
 62
  256
370
   -1
100
AcDbLine
 10
9500
 20
12000
 11
9500
 21
9800
  0
LINE
  5
10F
100
AcDbEntity
  8
FURN
  6
ByLayer
 62
  256
370
   -1
100
AcDbLine
 10
9500
 20
9800
 11
8150
 21
9800
  0
LINE
  5
110
100
AcDbEntity
  8
FURN
  6
ByLayer
 62
  256
370
   -1
100
AcDbLine
 10
8150
 20
9800
 11
8150
 21
12000
  0
LINE
  5
111
100
AcDbEntity
  8
FURN
  6
ByLayer
 62
  256
370
   -1
100
AcDbLine
 10
9500
 20
9800
 11
8150
 21
9800
  0
CIRCLE
  5
112
100
AcDbEntity
  8
FURN
  6
ByLayer
 62
  256
370
   -1
100
AcDbCircle
 10
10250
 20
7500
 40
350
  0
CIRCLE
  5
113
100
AcDbEntity
  8
FURN
  6
ByLayer
 62
  256
370
   -1
100
AcDbCircle
 10
10250
 20
5500
 40
350
  0
CIRCLE
  5
114
100
AcDbEntity
  8
FURN
  6
ByLayer
 62
  256
370
   -1
100
AcDbCircle
 10
10250
 20
3250
 40
350
  0
CIRCLE
  5
115
100
AcDbEntity
  8
FURN
  6
ByLayer
 62
  256
370
   -1
100
AcDbCircle
 10
10250
 20
1375
 40
350
  0
LINE
  5
116
100
AcDbEntity
  8
FURN
  6
DASHED
 62
  256
370
   -1
100
AcDbLine
 10
4000
 20
14750
 11
4000
 21
250
  0
LINE
  5
117
100
AcDbEntity
  8
HVAC
  6
ByLayer
 62
  256
370
   -1
100
AcDbLine
 10
10700
 20
14700
 11
11600
 21
14700
  0
LINE
  5
118
100
AcDbEntity
  8
HVAC
  6
ByLayer
 62
  256
370
   -1
100
AcDbLine
 10
11600
 20
14700
 11
11600
 21
14350
  0
LINE
  5
119
100
AcDbEntity
  8
HVAC
  6
ByLayer
 62
  256
370
   -1
100
AcDbLine
 10
11600
 20
14350
 11
10700
 21
14350
  0
LINE
  5
11A
100
AcDbEntity
  8
HVAC
  6
ByLayer
 62
  256
370
   -1
100
AcDbLine
 10
10700
 20
14350
 11
10700
 21
14700
  0
LINE
  5
11B
100
AcDbEntity
  8
HVAC
  6
ByLayer
 62
  256
370
   -1
100
AcDbLine
 10
11475
 20
14700
 11
11475
 21
14350
  0
LINE
  5
11C
100
AcDbEntity
  8
HVAC
  6
ByLayer
 62
  256
370
   -1
100
AcDbLine
 10
11325
 20
14700
 11
11325
 21
14350
  0
LINE
  5
11D
100
AcDbEntity
  8
HVAC
  6
ByLayer
 62
  256
370
   -1
100
AcDbLine
 10
11175
 20
14700
 11
11175
 21
14350
  0
LINE
  5
11E
100
AcDbEntity
  8
HVAC
  6
ByLayer
 62
  256
370
   -1
100
AcDbLine
 10
11025
 20
14700
 11
11025
 21
14350
  0
LINE
  5
11F
100
AcDbEntity
  8
HVAC
  6
ByLayer
 62
  256
370
   -1
100
AcDbLine
 10
10875
 20
14700
 11
10875
 21
14350
  0
LINE
  5
120
100
AcDbEntity
  8
HVAC
  6
ByLayer
 62
  256
370
   -1
100
AcDbLine
 10
5850
 20
14700
 11
6750
 21
14700
  0
LINE
  5
121
100
AcDbEntity
  8
HVAC
  6
ByLayer
 62
  256
370
   -1
100
AcDbLine
 10
6750
 20
14700
 11
6750
 21
14350
  0
LINE
  5
122
100
AcDbEntity
  8
HVAC
  6
ByLayer
 62
  256
370
   -1
100
AcDbLine
 10
6750
 20
14350
 11
5850
 21
14350
  0
LINE
  5
123
100
AcDbEntity
  8
HVAC
  6
ByLayer
 62
  256
370
   -1
100
AcDbLine
 10
5850
 20
14350
 11
5850
 21
14700
  0
LINE
  5
124
100
AcDbEntity
  8
HVAC
  6
ByLayer
 62
  256
370
   -1
100
AcDbLine
 10
6625
 20
14700
 11
6625
 21
14350
  0
LINE
  5
125
100
AcDbEntity
  8
HVAC
  6
ByLayer
 62
  256
370
   -1
100
AcDbLine
 10
6475
 20
14700
 11
6475
 21
14350
  0
LINE
  5
126
100
AcDbEntity
  8
HVAC
  6
ByLayer
 62
  256
370
   -1
100
AcDbLine
 10
6325
 20
14700
 11
6325
 21
14350
  0
LINE
  5
127
100
AcDbEntity
  8
HVAC
  6
ByLayer
 62
  256
370
   -1
100
AcDbLine
 10
6175
 20
14700
 11
6175
 21
14350
  0
LINE
  5
128
100
AcDbEntity
  8
HVAC
  6
ByLayer
 62
  256
370
   -1
100
AcDbLine
 10
6025
 20
14700
 11
6025
 21
14350
  0
LINE
  5
129
100
AcDbEntity
  8
HVAC
  6
ByLayer
 62
  256
370
   -1
100
AcDbLine
 10
1850
 20
14700
 11
2750
 21
14700
  0
LINE
  5
12A
100
AcDbEntity
  8
HVAC
  6
ByLayer
 62
  256
370
   -1
100
AcDbLine
 10
2750
 20
14700
 11
2750
 21
14350
  0
LINE
  5
12B
100
AcDbEntity
  8
HVAC
  6
ByLayer
 62
  256
370
   -1
100
AcDbLine
 10
2750
 20
14350
 11
1850
 21
14350
  0
LINE
  5
12C
100
AcDbEntity
  8
HVAC
  6
ByLayer
 62
  256
370
   -1
100
AcDbLine
 10
1850
 20
14350
 11
1850
 21
14700
  0
LINE
  5
12D
100
AcDbEntity
  8
HVAC
  6
ByLayer
 62
  256
370
   -1
100
AcDbLine
 10
2625
 20
14700
 11
2625
 21
14350
  0
LINE
  5
12E
100
AcDbEntity
  8
HVAC
  6
ByLayer
 62
  256
370
   -1
100
AcDbLine
 10
2475
 20
14700
 11
2475
 21
14350
  0
LINE
  5
12F
100
AcDbEntity
  8
HVAC
  6
ByLayer
 62
  256
370
   -1
100
AcDbLine
 10
2325
 20
14700
 11
2325
 21
14350
  0
LINE
  5
130
100
AcDbEntity
  8
HVAC
  6
ByLayer
 62
  256
370
   -1
100
AcDbLine
 10
2175
 20
14700
 11
2175
 21
14350
  0
LINE
  5
131
100
AcDbEntity
  8
HVAC
  6
ByLayer
 62
  256
370
   -1
100
AcDbLine
 10
2025
 20
14700
 11
2025
 21
14350
  0
SOLID
  5
132
100
AcDbEntity
  8
COLUMN
  6
ByLayer
 62
  256
370
   -1
100
AcDbTrace
 10
15775
 20
-225
 30
0
 11
16225
 21
-225
 31
0
 12
15775
 22
225
 32
0
 13
16225
 23
225
 33
0
  0
LINE
  5
133
100
AcDbEntity
  8
COLUMN
  6
ByLayer
 62
  256
370
   -1
100
AcDbLine
 10
15775
 20
-225
 11
16225
 21
-225
  0
LINE
  5
134
100
AcDbEntity
  8
COLUMN
  6
ByLayer
 62
  256
370
   -1
100
AcDbLine
 10
16225
 20
-225
 11
16225
 21
225
  0
LINE
  5
135
100
AcDbEntity
  8
COLUMN
  6
ByLayer
 62
  256
370
   -1
100
AcDbLine
 10
16225
 20
225
 11
15775
 21
225
  0
LINE
  5
136
100
AcDbEntity
  8
COLUMN
  6
ByLayer
 62
  256
370
   -1
100
AcDbLine
 10
15775
 20
225
 11
15775
 21
-225
  0
SOLID
  5
137
100
AcDbEntity
  8
COLUMN
  6
ByLayer
 62
  256
370
   -1
100
AcDbTrace
 10
11775
 20
-225
 30
0
 11
12225
 21
-225
 31
0
 12
11775
 22
225
 32
0
 13
12225
 23
225
 33
0
  0
LINE
  5
138
100
AcDbEntity
  8
COLUMN
  6
ByLayer
 62
  256
370
   -1
100
AcDbLine
 10
11775
 20
-225
 11
12225
 21
-225
  0
LINE
  5
139
100
AcDbEntity
  8
COLUMN
  6
ByLayer
 62
  256
370
   -1
100
AcDbLine
 10
12225
 20
-225
 11
12225
 21
225
  0
LINE
  5
13A
100
AcDbEntity
  8
COLUMN
  6
ByLayer
 62
  256
370
   -1
100
AcDbLine
 10
12225
 20
225
 11
11775
 21
225
  0
LINE
  5
13B
100
AcDbEntity
  8
COLUMN
  6
ByLayer
 62
  256
370
   -1
100
AcDbLine
 10
11775
 20
225
 11
11775
 21
-225
  0
SOLID
  5
13C
100
AcDbEntity
  8
COLUMN
  6
ByLayer
 62
  256
370
   -1
100
AcDbTrace
 10
7775
 20
-225
 30
0
 11
8225
 21
-225
 31
0
 12
7775
 22
225
 32
0
 13
8225
 23
225
 33
0
  0
LINE
  5
13D
100
AcDbEntity
  8
COLUMN
  6
ByLayer
 62
  256
370
   -1
100
AcDbLine
 10
7775
 20
-225
 11
8225
 21
-225
  0
LINE
  5
13E
100
AcDbEntity
  8
COLUMN
  6
ByLayer
 62
  256
370
   -1
100
AcDbLine
 10
8225
 20
-225
 11
8225
 21
225
  0
LINE
  5
13F
100
AcDbEntity
  8
COLUMN
  6
ByLayer
 62
  256
370
   -1
100
AcDbLine
 10
8225
 20
225
 11
7775
 21
225
  0
LINE
  5
140
100
AcDbEntity
  8
COLUMN
  6
ByLayer
 62
  256
370
   -1
100
AcDbLine
 10
7775
 20
225
 11
7775
 21
-225
  0
SOLID
  5
141
100
AcDbEntity
  8
COLUMN
  6
ByLayer
 62
  256
370
   -1
100
AcDbTrace
 10
3775
 20
-225
 30
0
 11
4225
 21
-225
 31
0
 12
3775
 22
225
 32
0
 13
4225
 23
225
 33
0
  0
LINE
  5
142
100
AcDbEntity
  8
COLUMN
  6
ByLayer
 62
  256
370
   -1
100
AcDbLine
 10
3775
 20
-225
 11
4225
 21
-225
  0
LINE
  5
143
100
AcDbEntity
  8
COLUMN
  6
ByLayer
 62
  256
370
   -1
100
AcDbLine
 10
4225
 20
-225
 11
4225
 21
225
  0
LINE
  5
144
100
AcDbEntity
  8
COLUMN
  6
ByLayer
 62
  256
370
   -1
100
AcDbLine
 10
4225
 20
225
 11
3775
 21
225
  0
LINE
  5
145
100
AcDbEntity
  8
COLUMN
  6
ByLayer
 62
  256
370
   -1
100
AcDbLine
 10
3775
 20
225
 11
3775
 21
-225
  0
SOLID
  5
146
100
AcDbEntity
  8
COLUMN
  6
ByLayer
 62
  256
370
   -1
100
AcDbTrace
 10
-225
 20
-225
 30
0
 11
225
 21
-225
 31
0
 12
-225
 22
225
 32
0
 13
225
 23
225
 33
0
  0
LINE
  5
147
100
AcDbEntity
  8
COLUMN
  6
ByLayer
 62
  256
370
   -1
100
AcDbLine
 10
-225
 20
-225
 11
225
 21
-225
  0
LINE
  5
148
100
AcDbEntity
  8
COLUMN
  6
ByLayer
 62
  256
370
   -1
100
AcDbLine
 10
225
 20
-225
 11
225
 21
225
  0
LINE
  5
149
100
AcDbEntity
  8
COLUMN
  6
ByLayer
 62
  256
370
   -1
100
AcDbLine
 10
225
 20
225
 11
-225
 21
225
  0
LINE
  5
14A
100
AcDbEntity
  8
COLUMN
  6
ByLayer
 62
  256
370
   -1
100
AcDbLine
 10
-225
 20
225
 11
-225
 21
-225
  0
SOLID
  5
14B
100
AcDbEntity
  8
COLUMN
  6
ByLayer
 62
  256
370
   -1
100
AcDbTrace
 10
15775
 20
4775
 30
0
 11
16225
 21
4775
 31
0
 12
15775
 22
5225
 32
0
 13
16225
 23
5225
 33
0
  0
LINE
  5
14C
100
AcDbEntity
  8
COLUMN
  6
ByLayer
 62
  256
370
   -1
100
AcDbLine
 10
15775
 20
4775
 11
16225
 21
4775
  0
LINE
  5
14D
100
AcDbEntity
  8
COLUMN
  6
ByLayer
 62
  256
370
   -1
100
AcDbLine
 10
16225
 20
4775
 11
16225
 21
5225
  0
LINE
  5
14E
100
AcDbEntity
  8
COLUMN
  6
ByLayer
 62
  256
370
   -1
100
AcDbLine
 10
16225
 20
5225
 11
15775
 21
5225
  0
LINE
  5
14F
100
AcDbEntity
  8
COLUMN
  6
ByLayer
 62
  256
370
   -1
100
AcDbLine
 10
15775
 20
5225
 11
15775
 21
4775
  0
SOLID
  5
150
100
AcDbEntity
  8
COLUMN
  6
ByLayer
 62
  256
370
   -1
100
AcDbTrace
 10
11775
 20
4775
 30
0
 11
12225
 21
4775
 31
0
 12
11775
 22
5225
 32
0
 13
12225
 23
5225
 33
0
  0
LINE
  5
151
100
AcDbEntity
  8
COLUMN
  6
ByLayer
 62
  256
370
   -1
100
AcDbLine
 10
11775
 20
4775
 11
12225
 21
4775
  0
LINE
  5
152
100
AcDbEntity
  8
COLUMN
  6
ByLayer
 62
  256
370
   -1
100
AcDbLine
 10
12225
 20
4775
 11
12225
 21
5225
  0
LINE
  5
153
100
AcDbEntity
  8
COLUMN
  6
ByLayer
 62
  256
370
   -1
100
AcDbLine
 10
12225
 20
5225
 11
11775
 21
5225
  0
LINE
  5
154
100
AcDbEntity
  8
COLUMN
  6
ByLayer
 62
  256
370
   -1
100
AcDbLine
 10
11775
 20
5225
 11
11775
 21
4775
  0
SOLID
  5
155
100
AcDbEntity
  8
COLUMN
  6
ByLayer
 62
  256
370
   -1
100
AcDbTrace
 10
7775
 20
4775
 30
0
 11
8225
 21
4775
 31
0
 12
7775
 22
5225
 32
0
 13
8225
 23
5225
 33
0
  0
LINE
  5
156
100
AcDbEntity
  8
COLUMN
  6
ByLayer
 62
  256
370
   -1
100
AcDbLine
 10
7775
 20
4775
 11
8225
 21
4775
  0
LINE
  5
157
100
AcDbEntity
  8
COLUMN
  6
ByLayer
 62
  256
370
   -1
100
AcDbLine
 10
8225
 20
4775
 11
8225
 21
5225
  0
LINE
  5
158
100
AcDbEntity
  8
COLUMN
  6
ByLayer
 62
  256
370
   -1
100
AcDbLine
 10
8225
 20
5225
 11
7775
 21
5225
  0
LINE
  5
159
100
AcDbEntity
  8
COLUMN
  6
ByLayer
 62
  256
370
   -1
100
AcDbLine
 10
7775
 20
5225
 11
7775
 21
4775
  0
SOLID
  5
15A
100
AcDbEntity
  8
COLUMN
  6
ByLayer
 62
  256
370
   -1
100
AcDbTrace
 10
3775
 20
4775
 30
0
 11
4225
 21
4775
 31
0
 12
3775
 22
5225
 32
0
 13
4225
 23
5225
 33
0
  0
LINE
  5
15B
100
AcDbEntity
  8
COLUMN
  6
ByLayer
 62
  256
370
   -1
100
AcDbLine
 10
3775
 20
4775
 11
4225
 21
4775
  0
LINE
  5
15C
100
AcDbEntity
  8
COLUMN
  6
ByLayer
 62
  256
370
   -1
100
AcDbLine
 10
4225
 20
4775
 11
4225
 21
5225
  0
LINE
  5
15D
100
AcDbEntity
  8
COLUMN
  6
ByLayer
 62
  256
370
   -1
100
AcDbLine
 10
4225
 20
5225
 11
3775
 21
5225
  0
LINE
  5
15E
100
AcDbEntity
  8
COLUMN
  6
ByLayer
 62
  256
370
   -1
100
AcDbLine
 10
3775
 20
5225
 11
3775
 21
4775
  0
SOLID
  5
15F
100
AcDbEntity
  8
COLUMN
  6
ByLayer
 62
  256
370
   -1
100
AcDbTrace
 10
-225
 20
4775
 30
0
 11
225
 21
4775
 31
0
 12
-225
 22
5225
 32
0
 13
225
 23
5225
 33
0
  0
LINE
  5
160
100
AcDbEntity
  8
COLUMN
  6
ByLayer
 62
  256
370
   -1
100
AcDbLine
 10
-225
 20
4775
 11
225
 21
4775
  0
LINE
  5
161
100
AcDbEntity
  8
COLUMN
  6
ByLayer
 62
  256
370
   -1
100
AcDbLine
 10
225
 20
4775
 11
225
 21
5225
  0
LINE
  5
162
100
AcDbEntity
  8
COLUMN
  6
ByLayer
 62
  256
370
   -1
100
AcDbLine
 10
225
 20
5225
 11
-225
 21
5225
  0
LINE
  5
163
100
AcDbEntity
  8
COLUMN
  6
ByLayer
 62
  256
370
   -1
100
AcDbLine
 10
-225
 20
5225
 11
-225
 21
4775
  0
SOLID
  5
164
100
AcDbEntity
  8
COLUMN
  6
ByLayer
 62
  256
370
   -1
100
AcDbTrace
 10
15775
 20
9775
 30
0
 11
16225
 21
9775
 31
0
 12
15775
 22
10225
 32
0
 13
16225
 23
10225
 33
0
  0
LINE
  5
165
100
AcDbEntity
  8
COLUMN
  6
ByLayer
 62
  256
370
   -1
100
AcDbLine
 10
15775
 20
9775
 11
16225
 21
9775
  0
LINE
  5
166
100
AcDbEntity
  8
COLUMN
  6
ByLayer
 62
  256
370
   -1
100
AcDbLine
 10
16225
 20
9775
 11
16225
 21
10225
  0
LINE
  5
167
100
AcDbEntity
  8
COLUMN
  6
ByLayer
 62
  256
370
   -1
100
AcDbLine
 10
16225
 20
10225
 11
15775
 21
10225
  0
LINE
  5
168
100
AcDbEntity
  8
COLUMN
  6
ByLayer
 62
  256
370
   -1
100
AcDbLine
 10
15775
 20
10225
 11
15775
 21
9775
  0
SOLID
  5
169
100
AcDbEntity
  8
COLUMN
  6
ByLayer
 62
  256
370
   -1
100
AcDbTrace
 10
11775
 20
9775
 30
0
 11
12225
 21
9775
 31
0
 12
11775
 22
10225
 32
0
 13
12225
 23
10225
 33
0
  0
LINE
  5
16A
100
AcDbEntity
  8
COLUMN
  6
ByLayer
 62
  256
370
   -1
100
AcDbLine
 10
11775
 20
9775
 11
12225
 21
9775
  0
LINE
  5
16B
100
AcDbEntity
  8
COLUMN
  6
ByLayer
 62
  256
370
   -1
100
AcDbLine
 10
12225
 20
9775
 11
12225
 21
10225
  0
LINE
  5
16C
100
AcDbEntity
  8
COLUMN
  6
ByLayer
 62
  256
370
   -1
100
AcDbLine
 10
12225
 20
10225
 11
11775
 21
10225
  0
LINE
  5
16D
100
AcDbEntity
  8
COLUMN
  6
ByLayer
 62
  256
370
   -1
100
AcDbLine
 10
11775
 20
10225
 11
11775
 21
9775
  0
SOLID
  5
16E
100
AcDbEntity
  8
COLUMN
  6
ByLayer
 62
  256
370
   -1
100
AcDbTrace
 10
7775
 20
9775
 30
0
 11
8225
 21
9775
 31
0
 12
7775
 22
10225
 32
0
 13
8225
 23
10225
 33
0
  0
LINE
  5
16F
100
AcDbEntity
  8
COLUMN
  6
ByLayer
 62
  256
370
   -1
100
AcDbLine
 10
7775
 20
9775
 11
8225
 21
9775
  0
LINE
  5
170
100
AcDbEntity
  8
COLUMN
  6
ByLayer
 62
  256
370
   -1
100
AcDbLine
 10
8225
 20
9775
 11
8225
 21
10225
  0
LINE
  5
171
100
AcDbEntity
  8
COLUMN
  6
ByLayer
 62
  256
370
   -1
100
AcDbLine
 10
8225
 20
10225
 11
7775
 21
10225
  0
LINE
  5
172
100
AcDbEntity
  8
COLUMN
  6
ByLayer
 62
  256
370
   -1
100
AcDbLine
 10
7775
 20
10225
 11
7775
 21
9775
  0
SOLID
  5
173
100
AcDbEntity
  8
COLUMN
  6
ByLayer
 62
  256
370
   -1
100
AcDbTrace
 10
3775
 20
9775
 30
0
 11
4225
 21
9775
 31
0
 12
3775
 22
10225
 32
0
 13
4225
 23
10225
 33
0
  0
LINE
  5
174
100
AcDbEntity
  8
COLUMN
  6
ByLayer
 62
  256
370
   -1
100
AcDbLine
 10
3775
 20
9775
 11
4225
 21
9775
  0
LINE
  5
175
100
AcDbEntity
  8
COLUMN
  6
ByLayer
 62
  256
370
   -1
100
AcDbLine
 10
4225
 20
9775
 11
4225
 21
10225
  0
LINE
  5
176
100
AcDbEntity
  8
COLUMN
  6
ByLayer
 62
  256
370
   -1
100
AcDbLine
 10
4225
 20
10225
 11
3775
 21
10225
  0
LINE
  5
177
100
AcDbEntity
  8
COLUMN
  6
ByLayer
 62
  256
370
   -1
100
AcDbLine
 10
3775
 20
10225
 11
3775
 21
9775
  0
SOLID
  5
178
100
AcDbEntity
  8
COLUMN
  6
ByLayer
 62
  256
370
   -1
100
AcDbTrace
 10
-225
 20
9775
 30
0
 11
225
 21
9775
 31
0
 12
-225
 22
10225
 32
0
 13
225
 23
10225
 33
0
  0
LINE
  5
179
100
AcDbEntity
  8
COLUMN
  6
ByLayer
 62
  256
370
   -1
100
AcDbLine
 10
-225
 20
9775
 11
225
 21
9775
  0
LINE
  5
17A
100
AcDbEntity
  8
COLUMN
  6
ByLayer
 62
  256
370
   -1
100
AcDbLine
 10
225
 20
9775
 11
225
 21
10225
  0
LINE
  5
17B
100
AcDbEntity
  8
COLUMN
  6
ByLayer
 62
  256
370
   -1
100
AcDbLine
 10
225
 20
10225
 11
-225
 21
10225
  0
LINE
  5
17C
100
AcDbEntity
  8
COLUMN
  6
ByLayer
 62
  256
370
   -1
100
AcDbLine
 10
-225
 20
10225
 11
-225
 21
9775
  0
SOLID
  5
17D
100
AcDbEntity
  8
COLUMN
  6
ByLayer
 62
  256
370
   -1
100
AcDbTrace
 10
15775
 20
14775
 30
0
 11
16225
 21
14775
 31
0
 12
15775
 22
15225
 32
0
 13
16225
 23
15225
 33
0
  0
LINE
  5
17E
100
AcDbEntity
  8
COLUMN
  6
ByLayer
 62
  256
370
   -1
100
AcDbLine
 10
15775
 20
14775
 11
16225
 21
14775
  0
LINE
  5
17F
100
AcDbEntity
  8
COLUMN
  6
ByLayer
 62
  256
370
   -1
100
AcDbLine
 10
16225
 20
14775
 11
16225
 21
15225
  0
LINE
  5
180
100
AcDbEntity
  8
COLUMN
  6
ByLayer
 62
  256
370
   -1
100
AcDbLine
 10
16225
 20
15225
 11
15775
 21
15225
  0
LINE
  5
181
100
AcDbEntity
  8
COLUMN
  6
ByLayer
 62
  256
370
   -1
100
AcDbLine
 10
15775
 20
15225
 11
15775
 21
14775
  0
SOLID
  5
182
100
AcDbEntity
  8
COLUMN
  6
ByLayer
 62
  256
370
   -1
100
AcDbTrace
 10
11775
 20
14775
 30
0
 11
12225
 21
14775
 31
0
 12
11775
 22
15225
 32
0
 13
12225
 23
15225
 33
0
  0
LINE
  5
183
100
AcDbEntity
  8
COLUMN
  6
ByLayer
 62
  256
370
   -1
100
AcDbLine
 10
11775
 20
14775
 11
12225
 21
14775
  0
LINE
  5
184
100
AcDbEntity
  8
COLUMN
  6
ByLayer
 62
  256
370
   -1
100
AcDbLine
 10
12225
 20
14775
 11
12225
 21
15225
  0
LINE
  5
185
100
AcDbEntity
  8
COLUMN
  6
ByLayer
 62
  256
370
   -1
100
AcDbLine
 10
12225
 20
15225
 11
11775
 21
15225
  0
LINE
  5
186
100
AcDbEntity
  8
COLUMN
  6
ByLayer
 62
  256
370
   -1
100
AcDbLine
 10
11775
 20
15225
 11
11775
 21
14775
  0
SOLID
  5
187
100
AcDbEntity
  8
COLUMN
  6
ByLayer
 62
  256
370
   -1
100
AcDbTrace
 10
7775
 20
14775
 30
0
 11
8225
 21
14775
 31
0
 12
7775
 22
15225
 32
0
 13
8225
 23
15225
 33
0
  0
LINE
  5
188
100
AcDbEntity
  8
COLUMN
  6
ByLayer
 62
  256
370
   -1
100
AcDbLine
 10
7775
 20
14775
 11
8225
 21
14775
  0
LINE
  5
189
100
AcDbEntity
  8
COLUMN
  6
ByLayer
 62
  256
370
   -1
100
AcDbLine
 10
8225
 20
14775
 11
8225
 21
15225
  0
LINE
  5
18A
100
AcDbEntity
  8
COLUMN
  6
ByLayer
 62
  256
370
   -1
100
AcDbLine
 10
8225
 20
15225
 11
7775
 21
15225
  0
LINE
  5
18B
100
AcDbEntity
  8
COLUMN
  6
ByLayer
 62
  256
370
   -1
100
AcDbLine
 10
7775
 20
15225
 11
7775
 21
14775
  0
SOLID
  5
18C
100
AcDbEntity
  8
COLUMN
  6
ByLayer
 62
  256
370
   -1
100
AcDbTrace
 10
3775
 20
14775
 30
0
 11
4225
 21
14775
 31
0
 12
3775
 22
15225
 32
0
 13
4225
 23
15225
 33
0
  0
LINE
  5
18D
100
AcDbEntity
  8
COLUMN
  6
ByLayer
 62
  256
370
   -1
100
AcDbLine
 10
3775
 20
14775
 11
4225
 21
14775
  0
LINE
  5
18E
100
AcDbEntity
  8
COLUMN
  6
ByLayer
 62
  256
370
   -1
100
AcDbLine
 10
4225
 20
14775
 11
4225
 21
15225
  0
LINE
  5
18F
100
AcDbEntity
  8
COLUMN
  6
ByLayer
 62
  256
370
   -1
100
AcDbLine
 10
4225
 20
15225
 11
3775
 21
15225
  0
LINE
  5
190
100
AcDbEntity
  8
COLUMN
  6
ByLayer
 62
  256
370
   -1
100
AcDbLine
 10
3775
 20
15225
 11
3775
 21
14775
  0
SOLID
  5
191
100
AcDbEntity
  8
COLUMN
  6
ByLayer
 62
  256
370
   -1
100
AcDbTrace
 10
-225
 20
14775
 30
0
 11
225
 21
14775
 31
0
 12
-225
 22
15225
 32
0
 13
225
 23
15225
 33
0
  0
LINE
  5
192
100
AcDbEntity
  8
COLUMN
  6
ByLayer
 62
  256
370
   -1
100
AcDbLine
 10
-225
 20
14775
 11
225
 21
14775
  0
LINE
  5
193
100
AcDbEntity
  8
COLUMN
  6
ByLayer
 62
  256
370
   -1
100
AcDbLine
 10
225
 20
14775
 11
225
 21
15225
  0
LINE
  5
194
100
AcDbEntity
  8
COLUMN
  6
ByLayer
 62
  256
370
   -1
100
AcDbLine
 10
225
 20
15225
 11
-225
 21
15225
  0
LINE
  5
195
100
AcDbEntity
  8
COLUMN
  6
ByLayer
 62
  256
370
   -1
100
AcDbLine
 10
-225
 20
15225
 11
-225
 21
14775
  0
LINE
  5
196
100
AcDbEntity
  8
HVAC
  6
ByLayer
 62
  256
370
   -1
100
AcDbLine
 10
15750
 20
7050
 11
16100
 21
7050
  0
LINE
  5
197
100
AcDbEntity
  8
DIM
  6
ByLayer
 62
  256
370
   -1
100
AcDbLine
 10
16000
 20
20000
 11
16850
 21
20000
  0
LINE
  5
198
100
AcDbEntity
  8
DIM
  6
ByLayer
 62
  256
370
   -1
100
AcDbLine
 10
16000
 20
15000
 11
16850
 21
15000
  0
LINE
  5
199
100
AcDbEntity
  8
DIM
  6
ByLayer
 62
  256
370
   -1
100
AcDbLine
 10
16700
 20
20000
 11
16700
 21
15000
  0
LINE
  5
19A
100
AcDbEntity
  8
DIM
  6
ByLayer
 62
  256
370
   -1
100
AcDbLine
 10
16600
 20
19900
 11
16800
 21
20100
  0
LINE
  5
19B
100
AcDbEntity
  8
DIM
  6
ByLayer
 62
  256
370
   -1
100
AcDbLine
 10
16600
 20
14900
 11
16800
 21
15100
  0
LINE
  5
19C
100
AcDbEntity
  8
DIM
  6
ByLayer
 62
  256
370
   -1
100
AcDbLine
 10
12000
 20
20000
 11
12000
 21
20650
  0
LINE
  5
19D
100
AcDbEntity
  8
DIM
  6
ByLayer
 62
  256
370
   -1
100
AcDbLine
 10
16000
 20
20000
 11
16000
 21
20650
  0
LINE
  5
19E
100
AcDbEntity
  8
DIM
  6
ByLayer
 62
  256
370
   -1
100
AcDbLine
 10
12000
 20
20500
 11
16000
 21
20500
  0
LINE
  5
19F
100
AcDbEntity
  8
DIM
  6
ByLayer
 62
  256
370
   -1
100
AcDbLine
 10
11900
 20
20400
 11
12100
 21
20600
  0
LINE
  5
1A0
100
AcDbEntity
  8
DIM
  6
ByLayer
 62
  256
370
   -1
100
AcDbLine
 10
15900
 20
20400
 11
16100
 21
20600
  0
LINE
  5
1A1
100
AcDbEntity
  8
DIM
  6
ByLayer
 62
  256
370
   -1
100
AcDbLine
 10
0
 20
0
 11
0
 21
-1400
  0
LINE
  5
1A2
100
AcDbEntity
  8
DIM
  6
ByLayer
 62
  256
370
   -1
100
AcDbLine
 10
4000
 20
0
 11
4000
 21
-1050
  0
LINE
  5
1A3
100
AcDbEntity
  8
DIM
  6
ByLayer
 62
  256
370
   -1
100
AcDbLine
 10
8000
 20
0
 11
8000
 21
-1050
  0
LINE
  5
1A4
100
AcDbEntity
  8
DIM
  6
ByLayer
 62
  256
370
   -1
100
AcDbLine
 10
12000
 20
0
 11
12000
 21
-1050
  0
LINE
  5
1A5
100
AcDbEntity
  8
DIM
  6
ByLayer
 62
  256
370
   -1
100
AcDbLine
 10
16000
 20
0
 11
16000
 21
-1400
  0
LINE
  5
1A6
100
AcDbEntity
  8
DIM
  6
ByLayer
 62
  256
370
   -1
100
AcDbLine
 10
0
 20
-950
 11
16000
 21
-950
  0
LINE
  5
1A7
100
AcDbEntity
  8
DIM
  6
ByLayer
 62
  256
370
   -1
100
AcDbLine
 10
-100
 20
-1050
 11
100
 21
-850
  0
LINE
  5
1A8
100
AcDbEntity
  8
DIM
  6
ByLayer
 62
  256
370
   -1
100
AcDbLine
 10
3900
 20
-1050
 11
4100
 21
-850
  0
LINE
  5
1A9
100
AcDbEntity
  8
DIM
  6
ByLayer
 62
  256
370
   -1
100
AcDbLine
 10
7900
 20
-1050
 11
8100
 21
-850
  0
LINE
  5
1AA
100
AcDbEntity
  8
DIM
  6
ByLayer
 62
  256
370
   -1
100
AcDbLine
 10
11900
 20
-1050
 11
12100
 21
-850
  0
LINE
  5
1AB
100
AcDbEntity
  8
DIM
  6
ByLayer
 62
  256
370
   -1
100
AcDbLine
 10
15900
 20
-1050
 11
16100
 21
-850
  0
LINE
  5
1AC
100
AcDbEntity
  8
DIM
  6
ByLayer
 62
  256
370
   -1
100
AcDbLine
 10
0
 20
-1450
 11
16000
 21
-1450
  0
LINE
  5
1AD
100
AcDbEntity
  8
DIM
  6
ByLayer
 62
  256
370
   -1
100
AcDbLine
 10
-100
 20
-1550
 11
100
 21
-1350
  0
LINE
  5
1AE
100
AcDbEntity
  8
DIM
  6
ByLayer
 62
  256
370
   -1
100
AcDbLine
 10
15900
 20
-1550
 11
16100
 21
-1350
  0
LINE
  5
1AF
100
AcDbEntity
  8
DIM
  6
ByLayer
 62
  256
370
   -1
100
AcDbLine
 10
0
 20
15000
 11
-1200
 21
15000
  0
LINE
  5
1B0
100
AcDbEntity
  8
DIM
  6
ByLayer
 62
  256
370
   -1
100
AcDbLine
 10
0
 20
10000
 11
-850
 21
10000
  0
LINE
  5
1B1
100
AcDbEntity
  8
DIM
  6
ByLayer
 62
  256
370
   -1
100
AcDbLine
 10
0
 20
5000
 11
-850
 21
5000
  0
LINE
  5
1B2
100
AcDbEntity
  8
DIM
  6
ByLayer
 62
  256
370
   -1
100
AcDbLine
 10
0
 20
0
 11
-1200
 21
0
  0
LINE
  5
1B3
100
AcDbEntity
  8
DIM
  6
ByLayer
 62
  256
370
   -1
100
AcDbLine
 10
-750
 20
15000
 11
-750
 21
0
  0
LINE
  5
1B4
100
AcDbEntity
  8
DIM
  6
ByLayer
 62
  256
370
   -1
100
AcDbLine
 10
-850
 20
14900
 11
-650
 21
15100
  0
LINE
  5
1B5
100
AcDbEntity
  8
DIM
  6
ByLayer
 62
  256
370
   -1
100
AcDbLine
 10
-850
 20
9900
 11
-650
 21
10100
  0
LINE
  5
1B6
100
AcDbEntity
  8
DIM
  6
ByLayer
 62
  256
370
   -1
100
AcDbLine
 10
-850
 20
4900
 11
-650
 21
5100
  0
LINE
  5
1B7
100
AcDbEntity
  8
DIM
  6
ByLayer
 62
  256
370
   -1
100
AcDbLine
 10
-850
 20
-100
 11
-650
 21
100
  0
LINE
  5
1B8
100
AcDbEntity
  8
DIM
  6
ByLayer
 62
  256
370
   -1
100
AcDbLine
 10
-1100
 20
15000
 11
-1100
 21
0
  0
LINE
  5
1B9
100
AcDbEntity
  8
DIM
  6
ByLayer
 62
  256
370
   -1
100
AcDbLine
 10
-1200
 20
14900
 11
-1000
 21
15100
  0
LINE
  5
1BA
100
AcDbEntity
  8
DIM
  6
ByLayer
 62
  256
370
   -1
100
AcDbLine
 10
-1200
 20
-100
 11
-1000
 21
100
  0
SOLID
  5
1BB
100
AcDbEntity
  8
WALL
  6
ByLayer
 62
  256
370
   -1
100
AcDbTrace
 10
11925
 20
3250
 30
0
 11
12050
 21
3250
 31
0
 12
11925
 22
14750
 32
0
 13
12050
 23
14750
 33
0
  0
LINE
  5
1BC
100
AcDbEntity
  8
WALL
  6
ByLayer
 62
  256
370
   -1
100
AcDbLine
 10
11925
 20
3250
 11
12050
 21
3250
  0
LINE
  5
1BD
100
AcDbEntity
  8
WALL
  6
ByLayer
 62
  256
370
   -1
100
AcDbLine
 10
12050
 20
3250
 11
12050
 21
14750
  0
LINE
  5
1BE
100
AcDbEntity
  8
WALL
  6
ByLayer
 62
  256
370
   -1
100
AcDbLine
 10
12050
 20
14750
 11
11925
 21
14750
  0
LINE
  5
1BF
100
AcDbEntity
  8
WALL
  6
ByLayer
 62
  256
370
   -1
100
AcDbLine
 10
11925
 20
14750
 11
11925
 21
3250
  0
SOLID
  5
1C0
100
AcDbEntity
  8
WALL
  6
ByLayer
 62
  256
370
   -1
100
AcDbTrace
 10
11925
 20
250
 30
0
 11
12050
 21
250
 31
0
 12
11925
 22
2250
 32
0
 13
12050
 23
2250
 33
0
  0
LINE
  5
1C1
100
AcDbEntity
  8
WALL
  6
ByLayer
 62
  256
370
   -1
100
AcDbLine
 10
11925
 20
250
 11
12050
 21
250
  0
LINE
  5
1C2
100
AcDbEntity
  8
WALL
  6
ByLayer
 62
  256
370
   -1
100
AcDbLine
 10
12050
 20
250
 11
12050
 21
2250
  0
LINE
  5
1C3
100
AcDbEntity
  8
WALL
  6
ByLayer
 62
  256
370
   -1
100
AcDbLine
 10
12050
 20
2250
 11
11925
 21
2250
  0
LINE
  5
1C4
100
AcDbEntity
  8
WALL
  6
ByLayer
 62
  256
370
   -1
100
AcDbLine
 10
11925
 20
2250
 11
11925
 21
250
  0
SOLID
  5
1C5
100
AcDbEntity
  8
WALL
  6
ByLayer
 62
  256
370
   -1
100
AcDbTrace
 10
7925
 20
250
 30
0
 11
8050
 21
250
 31
0
 12
7925
 22
14750
 32
0
 13
8050
 23
14750
 33
0
  0
LINE
  5
1C6
100
AcDbEntity
  8
WALL
  6
ByLayer
 62
  256
370
   -1
100
AcDbLine
 10
7925
 20
250
 11
8050
 21
250
  0
LINE
  5
1C7
100
AcDbEntity
  8
WALL
  6
ByLayer
 62
  256
370
   -1
100
AcDbLine
 10
8050
 20
250
 11
8050
 21
14750
  0
LINE
  5
1C8
100
AcDbEntity
  8
WALL
  6
ByLayer
 62
  256
370
   -1
100
AcDbLine
 10
8050
 20
14750
 11
7925
 21
14750
  0
LINE
  5
1C9
100
AcDbEntity
  8
WALL
  6
ByLayer
 62
  256
370
   -1
100
AcDbLine
 10
7925
 20
14750
 11
7925
 21
250
  0
SOLID
  5
1CA
100
AcDbEntity
  8
WALL
  6
ByLayer
 62
  256
370
   -1
100
AcDbTrace
 10
13350
 20
9925
 30
0
 11
15750
 21
9925
 31
0
 12
13350
 22
10050
 32
0
 13
15750
 23
10050
 33
0
  0
LINE
  5
1CB
100
AcDbEntity
  8
WALL
  6
ByLayer
 62
  256
370
   -1
100
AcDbLine
 10
13350
 20
9925
 11
15750
 21
9925
  0
LINE
  5
1CC
100
AcDbEntity
  8
WALL
  6
ByLayer
 62
  256
370
   -1
100
AcDbLine
 10
15750
 20
9925
 11
15750
 21
10050
  0
LINE
  5
1CD
100
AcDbEntity
  8
WALL
  6
ByLayer
 62
  256
370
   -1
100
AcDbLine
 10
15750
 20
10050
 11
13350
 21
10050
  0
LINE
  5
1CE
100
AcDbEntity
  8
WALL
  6
ByLayer
 62
  256
370
   -1
100
AcDbLine
 10
13350
 20
10050
 11
13350
 21
9925
  0
SOLID
  5
1CF
100
AcDbEntity
  8
WALL
  6
ByLayer
 62
  256
370
   -1
100
AcDbTrace
 10
13300
 20
7550
 30
0
 11
13425
 21
7550
 31
0
 12
13300
 22
10050
 32
0
 13
13425
 23
10050
 33
0
  0
LINE
  5
1D0
100
AcDbEntity
  8
WALL
  6
ByLayer
 62
  256
370
   -1
100
AcDbLine
 10
13300
 20
7550
 11
13425
 21
7550
  0
LINE
  5
1D1
100
AcDbEntity
  8
WALL
  6
ByLayer
 62
  256
370
   -1
100
AcDbLine
 10
13425
 20
7550
 11
13425
 21
10050
  0
LINE
  5
1D2
100
AcDbEntity
  8
WALL
  6
ByLayer
 62
  256
370
   -1
100
AcDbLine
 10
13425
 20
10050
 11
13300
 21
10050
  0
LINE
  5
1D3
100
AcDbEntity
  8
WALL
  6
ByLayer
 62
  256
370
   -1
100
AcDbLine
 10
13300
 20
10050
 11
13300
 21
7550
  0
SOLID
  5
1D4
100
AcDbEntity
  8
WALL
  6
ByLayer
 62
  256
370
   -1
100
AcDbTrace
 10
15100
 20
7550
 30
0
 11
15750
 21
7550
 31
0
 12
15100
 22
7675
 32
0
 13
15750
 23
7675
 33
0
  0
LINE
  5
1D5
100
AcDbEntity
  8
WALL
  6
ByLayer
 62
  256
370
   -1
100
AcDbLine
 10
15100
 20
7550
 11
15750
 21
7550
  0
LINE
  5
1D6
100
AcDbEntity
  8
WALL
  6
ByLayer
 62
  256
370
   -1
100
AcDbLine
 10
15750
 20
7550
 11
15750
 21
7675
  0
LINE
  5
1D7
100
AcDbEntity
  8
WALL
  6
ByLayer
 62
  256
370
   -1
100
AcDbLine
 10
15750
 20
7675
 11
15100
 21
7675
  0
LINE
  5
1D8
100
AcDbEntity
  8
WALL
  6
ByLayer
 62
  256
370
   -1
100
AcDbLine
 10
15100
 20
7675
 11
15100
 21
7550
  0
SOLID
  5
1D9
100
AcDbEntity
  8
WALL
  6
ByLayer
 62
  256
370
   -1
100
AcDbTrace
 10
13300
 20
7550
 30
0
 11
14000
 21
7550
 31
0
 12
13300
 22
7675
 32
0
 13
14000
 23
7675
 33
0
  0
LINE
  5
1DA
100
AcDbEntity
  8
WALL
  6
ByLayer
 62
  256
370
   -1
100
AcDbLine
 10
13300
 20
7550
 11
14000
 21
7550
  0
LINE
  5
1DB
100
AcDbEntity
  8
WALL
  6
ByLayer
 62
  256
370
   -1
100
AcDbLine
 10
14000
 20
7550
 11
14000
 21
7675
  0
LINE
  5
1DC
100
AcDbEntity
  8
WALL
  6
ByLayer
 62
  256
370
   -1
100
AcDbLine
 10
14000
 20
7675
 11
13300
 21
7675
  0
LINE
  5
1DD
100
AcDbEntity
  8
WALL
  6
ByLayer
 62
  256
370
   -1
100
AcDbLine
 10
13300
 20
7675
 11
13300
 21
7550
  0
SOLID
  5
1DE
100
AcDbEntity
  8
WALL
  6
ByLayer
 62
  256
370
   -1
100
AcDbTrace
 10
13300
 20
11150
 30
0
 11
13400
 21
11150
 31
0
 12
13300
 22
15000
 32
0
 13
13400
 23
15000
 33
0
  0
LINE
  5
1DF
100
AcDbEntity
  8
WALL
  6
ByLayer
 62
  256
370
   -1
100
AcDbLine
 10
13300
 20
11150
 11
13400
 21
11150
  0
LINE
  5
1E0
100
AcDbEntity
  8
WALL
  6
ByLayer
 62
  256
370
   -1
100
AcDbLine
 10
13400
 20
11150
 11
13400
 21
15000
  0
LINE
  5
1E1
100
AcDbEntity
  8
WALL
  6
ByLayer
 62
  256
370
   -1
100
AcDbLine
 10
13400
 20
15000
 11
13300
 21
15000
  0
LINE
  5
1E2
100
AcDbEntity
  8
WALL
  6
ByLayer
 62
  256
370
   -1
100
AcDbLine
 10
13300
 20
15000
 11
13300
 21
11150
  0
SOLID
  5
1E3
100
AcDbEntity
  8
WALL
  6
ByLayer
 62
  256
370
   -1
100
AcDbTrace
 10
15150
 20
7450
 30
0
 11
15750
 21
7450
 31
0
 12
15150
 22
7500
 32
0
 13
15750
 23
7500
 33
0
  0
LINE
  5
1E4
100
AcDbEntity
  8
WALL
  6
ByLayer
 62
  256
370
   -1
100
AcDbLine
 10
15150
 20
7450
 11
15750
 21
7450
  0
LINE
  5
1E5
100
AcDbEntity
  8
WALL
  6
ByLayer
 62
  256
370
   -1
100
AcDbLine
 10
15750
 20
7450
 11
15750
 21
7500
  0
LINE
  5
1E6
100
AcDbEntity
  8
WALL
  6
ByLayer
 62
  256
370
   -1
100
AcDbLine
 10
15750
 20
7500
 11
15150
 21
7500
  0
LINE
  5
1E7
100
AcDbEntity
  8
WALL
  6
ByLayer
 62
  256
370
   -1
100
AcDbLine
 10
15150
 20
7500
 11
15150
 21
7450
  0
SOLID
  5
1E8
100
AcDbEntity
  8
WALL
  6
ByLayer
 62
  256
370
   -1
100
AcDbTrace
 10
15150
 20
7025
 30
0
 11
15750
 21
7025
 31
0
 12
15150
 22
7075
 32
0
 13
15750
 23
7075
 33
0
  0
LINE
  5
1E9
100
AcDbEntity
  8
WALL
  6
ByLayer
 62
  256
370
   -1
100
AcDbLine
 10
15150
 20
7025
 11
15750
 21
7025
  0
LINE
  5
1EA
100
AcDbEntity
  8
WALL
  6
ByLayer
 62
  256
370
   -1
100
AcDbLine
 10
15750
 20
7025
 11
15750
 21
7075
  0
LINE
  5
1EB
100
AcDbEntity
  8
WALL
  6
ByLayer
 62
  256
370
   -1
100
AcDbLine
 10
15750
 20
7075
 11
15150
 21
7075
  0
LINE
  5
1EC
100
AcDbEntity
  8
WALL
  6
ByLayer
 62
  256
370
   -1
100
AcDbLine
 10
15150
 20
7075
 11
15150
 21
7025
  0
SOLID
  5
1ED
100
AcDbEntity
  8
WALL
  6
ByLayer
 62
  256
370
   -1
100
AcDbTrace
 10
15150
 20
6600
 30
0
 11
15750
 21
6600
 31
0
 12
15150
 22
6650
 32
0
 13
15750
 23
6650
 33
0
  0
LINE
  5
1EE
100
AcDbEntity
  8
WALL
  6
ByLayer
 62
  256
370
   -1
100
AcDbLine
 10
15150
 20
6600
 11
15750
 21
6600
  0
LINE
  5
1EF
100
AcDbEntity
  8
WALL
  6
ByLayer
 62
  256
370
   -1
100
AcDbLine
 10
15750
 20
6600
 11
15750
 21
6650
  0
LINE
  5
1F0
100
AcDbEntity
  8
WALL
  6
ByLayer
 62
  256
370
   -1
100
AcDbLine
 10
15750
 20
6650
 11
15150
 21
6650
  0
LINE
  5
1F1
100
AcDbEntity
  8
WALL
  6
ByLayer
 62
  256
370
   -1
100
AcDbLine
 10
15150
 20
6650
 11
15150
 21
6600
  0
SOLID
  5
1F2
100
AcDbEntity
  8
WALL
  6
ByLayer
 62
  256
370
   -1
100
AcDbTrace
 10
13300
 20
14975
 30
0
 11
15750
 21
14975
 31
0
 12
13300
 22
15100
 32
0
 13
15750
 23
15100
 33
0
  0
LINE
  5
1F3
100
AcDbEntity
  8
WALL
  6
ByLayer
 62
  256
370
   -1
100
AcDbLine
 10
13300
 20
14975
 11
15750
 21
14975
  0
LINE
  5
1F4
100
AcDbEntity
  8
WALL
  6
ByLayer
 62
  256
370
   -1
100
AcDbLine
 10
15750
 20
14975
 11
15750
 21
15100
  0
LINE
  5
1F5
100
AcDbEntity
  8
WALL
  6
ByLayer
 62
  256
370
   -1
100
AcDbLine
 10
15750
 20
15100
 11
13300
 21
15100
  0
LINE
  5
1F6
100
AcDbEntity
  8
WALL
  6
ByLayer
 62
  256
370
   -1
100
AcDbLine
 10
13300
 20
15100
 11
13300
 21
14975
  0
SOLID
  5
1F7
100
AcDbEntity
  8
WALL
  6
ByLayer
 62
  256
370
   -1
100
AcDbTrace
 10
8050
 20
12975
 30
0
 11
8750
 21
12975
 31
0
 12
8050
 22
13100
 32
0
 13
8750
 23
13100
 33
0
  0
LINE
  5
1F8
100
AcDbEntity
  8
WALL
  6
ByLayer
 62
  256
370
   -1
100
AcDbLine
 10
8050
 20
12975
 11
8750
 21
12975
  0
LINE
  5
1F9
100
AcDbEntity
  8
WALL
  6
ByLayer
 62
  256
370
   -1
100
AcDbLine
 10
8750
 20
12975
 11
8750
 21
13100
  0
LINE
  5
1FA
100
AcDbEntity
  8
WALL
  6
ByLayer
 62
  256
370
   -1
100
AcDbLine
 10
8750
 20
13100
 11
8050
 21
13100
  0
LINE
  5
1FB
100
AcDbEntity
  8
WALL
  6
ByLayer
 62
  256
370
   -1
100
AcDbLine
 10
8050
 20
13100
 11
8050
 21
12975
  0
SOLID
  5
1FC
100
AcDbEntity
  8
WALL
  6
ByLayer
 62
  256
370
   -1
100
AcDbTrace
 10
9500
 20
12975
 30
0
 11
10050
 21
12975
 31
0
 12
9500
 22
13100
 32
0
 13
10050
 23
13100
 33
0
  0
LINE
  5
1FD
100
AcDbEntity
  8
WALL
  6
ByLayer
 62
  256
370
   -1
100
AcDbLine
 10
9500
 20
12975
 11
10050
 21
12975
  0
LINE
  5
1FE
100
AcDbEntity
  8
WALL
  6
ByLayer
 62
  256
370
   -1
100
AcDbLine
 10
10050
 20
12975
 11
10050
 21
13100
  0
LINE
  5
1FF
100
AcDbEntity
  8
WALL
  6
ByLayer
 62
  256
370
   -1
100
AcDbLine
 10
10050
 20
13100
 11
9500
 21
13100
  0
LINE
  5
200
100
AcDbEntity
  8
WALL
  6
ByLayer
 62
  256
370
   -1
100
AcDbLine
 10
9500
 20
13100
 11
9500
 21
12975
  0
SOLID
  5
201
100
AcDbEntity
  8
WALL
  6
ByLayer
 62
  256
370
   -1
100
AcDbTrace
 10
9925
 20
13100
 30
0
 11
10050
 21
13100
 31
0
 12
9925
 22
14700
 32
0
 13
10050
 23
14700
 33
0
  0
LINE
  5
202
100
AcDbEntity
  8
WALL
  6
ByLayer
 62
  256
370
   -1
100
AcDbLine
 10
9925
 20
13100
 11
10050
 21
13100
  0
LINE
  5
203
100
AcDbEntity
  8
WALL
  6
ByLayer
 62
  256
370
   -1
100
AcDbLine
 10
10050
 20
13100
 11
10050
 21
14700
  0
LINE
  5
204
100
AcDbEntity
  8
WALL
  6
ByLayer
 62
  256
370
   -1
100
AcDbLine
 10
10050
 20
14700
 11
9925
 21
14700
  0
LINE
  5
205
100
AcDbEntity
  8
WALL
  6
ByLayer
 62
  256
370
   -1
100
AcDbLine
 10
9925
 20
14700
 11
9925
 21
13100
  0
LINE
  5
206
100
AcDbEntity
  8
DOOR
  6
ByLayer
 62
  256
370
   -1
100
AcDbLine
 10
35900
 20
4250
 11
36650
 21
4250
  0
ARC
  5
207
100
AcDbEntity
  8
DOOR
  6
ByLayer
 62
  256
370
   -1
100
AcDbCircle
 10
36650
 20
5000
 40
750
100
AcDbArc
 50
180
 51
270
  0
LINE
  5
208
100
AcDbEntity
  8
FURN
  6
ByLayer
 62
  256
370
   -1
100
AcDbLine
 10
36975
 20
6375
 11
37775
 21
6375
  0
LINE
  5
209
100
AcDbEntity
  8
FURN
  6
ByLayer
 62
  256
370
   -1
100
AcDbLine
 10
37775
 20
6375
 11
37775
 21
5575
  0
LINE
  5
20A
100
AcDbEntity
  8
FURN
  6
ByLayer
 62
  256
370
   -1
100
AcDbLine
 10
37775
 20
5575
 11
36975
 21
5575
  0
LINE
  5
20B
100
AcDbEntity
  8
FURN
  6
ByLayer
 62
  256
370
   -1
100
AcDbLine
 10
36975
 20
5575
 11
36975
 21
6375
  0
LINE
  5
20C
100
AcDbEntity
  8
FURN
  6
ByLayer
 62
  256
370
   -1
100
AcDbLine
 10
37775
 20
6375
 11
36975
 21
5575
  0
CIRCLE
  5
20D
100
AcDbEntity
  8
FURN
  6
ByLayer
 62
  256
370
   -1
100
AcDbCircle
 10
37375
 20
5975
 40
62.5
  0
LINE
  5
20E
100
AcDbEntity
  8
FURN
  6
ByLayer
 62
  256
370
   -1
100
AcDbLine
 10
36250
 20
6400
 11
36750
 21
6400
  0
LINE
  5
20F
100
AcDbEntity
  8
FURN
  6
ByLayer
 62
  256
370
   -1
100
AcDbLine
 10
36750
 20
6400
 11
36750
 21
6200
  0
LINE
  5
210
100
AcDbEntity
  8
FURN
  6
ByLayer
 62
  256
370
   -1
100
AcDbLine
 10
36750
 20
6200
 11
36250
 21
6200
  0
LINE
  5
211
100
AcDbEntity
  8
FURN
  6
ByLayer
 62
  256
370
   -1
100
AcDbLine
 10
36250
 20
6200
 11
36250
 21
6400
  0
LINE
  5
212
100
AcDbEntity
  8
FURN
  6
ByLayer
 62
  256
370
   -1
100
AcDbLine
 10
36725
 20
5850
 11
36707.9
 21
5744.8
  0
LINE
  5
213
100
AcDbEntity
  8
FURN
  6
ByLayer
 62
  256
370
   -1
100
AcDbLine
 10
36707.9
 20
5744.8
 11
36659.1
 21
5655.5
  0
LINE
  5
214
100
AcDbEntity
  8
FURN
  6
ByLayer
 62
  256
370
   -1
100
AcDbLine
 10
36659.1
 20
5655.5
 11
36586.1
 21
5595.9
  0
LINE
  5
215
100
AcDbEntity
  8
FURN
  6
ByLayer
 62
  256
370
   -1
100
AcDbLine
 10
36586.1
 20
5595.9
 11
36500
 21
5575
  0
LINE
  5
216
100
AcDbEntity
  8
FURN
  6
ByLayer
 62
  256
370
   -1
100
AcDbLine
 10
36500
 20
5575
 11
36413.9
 21
5595.9
  0
LINE
  5
217
100
AcDbEntity
  8
FURN
  6
ByLayer
 62
  256
370
   -1
100
AcDbLine
 10
36413.9
 20
5595.9
 11
36340.9
 21
5655.5
  0
LINE
  5
218
100
AcDbEntity
  8
FURN
  6
ByLayer
 62
  256
370
   -1
100
AcDbLine
 10
36340.9
 20
5655.5
 11
36292.1
 21
5744.8
  0
LINE
  5
219
100
AcDbEntity
  8
FURN
  6
ByLayer
 62
  256
370
   -1
100
AcDbLine
 10
36292.1
 20
5744.8
 11
36275
 21
5850
  0
LINE
  5
21A
100
AcDbEntity
  8
FURN
  6
ByLayer
 62
  256
370
   -1
100
AcDbLine
 10
36275
 20
5850
 11
36292.1
 21
5955.2
  0
LINE
  5
21B
100
AcDbEntity
  8
FURN
  6
ByLayer
 62
  256
370
   -1
100
AcDbLine
 10
36292.1
 20
5955.2
 11
36340.9
 21
6044.5
  0
LINE
  5
21C
100
AcDbEntity
  8
FURN
  6
ByLayer
 62
  256
370
   -1
100
AcDbLine
 10
36340.9
 20
6044.5
 11
36413.9
 21
6104.1
  0
LINE
  5
21D
100
AcDbEntity
  8
FURN
  6
ByLayer
 62
  256
370
   -1
100
AcDbLine
 10
36413.9
 20
6104.1
 11
36500
 21
6125
  0
LINE
  5
21E
100
AcDbEntity
  8
FURN
  6
ByLayer
 62
  256
370
   -1
100
AcDbLine
 10
36500
 20
6125
 11
36586.1
 21
6104.1
  0
LINE
  5
21F
100
AcDbEntity
  8
FURN
  6
ByLayer
 62
  256
370
   -1
100
AcDbLine
 10
36586.1
 20
6104.1
 11
36659.1
 21
6044.5
  0
LINE
  5
220
100
AcDbEntity
  8
FURN
  6
ByLayer
 62
  256
370
   -1
100
AcDbLine
 10
36659.1
 20
6044.5
 11
36707.9
 21
5955.2
  0
LINE
  5
221
100
AcDbEntity
  8
FURN
  6
ByLayer
 62
  256
370
   -1
100
AcDbLine
 10
36707.9
 20
5955.2
 11
36725
 21
5850
  0
LINE
  5
222
100
AcDbEntity
  8
FURN
  6
ByLayer
 62
  256
370
   -1
100
AcDbLine
 10
36900
 20
5050
 11
37800
 21
5050
  0
LINE
  5
223
100
AcDbEntity
  8
FURN
  6
ByLayer
 62
  256
370
   -1
100
AcDbLine
 10
37800
 20
5050
 11
37800
 21
4550
  0
LINE
  5
224
100
AcDbEntity
  8
FURN
  6
ByLayer
 62
  256
370
   -1
100
AcDbLine
 10
37800
 20
4550
 11
36900
 21
4550
  0
LINE
  5
225
100
AcDbEntity
  8
FURN
  6
ByLayer
 62
  256
370
   -1
100
AcDbLine
 10
36900
 20
4550
 11
36900
 21
5050
  0
LINE
  5
226
100
AcDbEntity
  8
FURN
  6
ByLayer
 62
  256
370
   -1
100
AcDbLine
 10
37650
 20
4800
 11
37627.2
 21
4733
  0
LINE
  5
227
100
AcDbEntity
  8
FURN
  6
ByLayer
 62
  256
370
   -1
100
AcDbLine
 10
37627.2
 20
4733
 11
37562.1
 21
4676.3
  0
LINE
  5
228
100
AcDbEntity
  8
FURN
  6
ByLayer
 62
  256
370
   -1
100
AcDbLine
 10
37562.1
 20
4676.3
 11
37464.8
 21
4638.3
  0
LINE
  5
229
100
AcDbEntity
  8
FURN
  6
ByLayer
 62
  256
370
   -1
100
AcDbLine
 10
37464.8
 20
4638.3
 11
37350
 21
4625
  0
LINE
  5
22A
100
AcDbEntity
  8
FURN
  6
ByLayer
 62
  256
370
   -1
100
AcDbLine
 10
37350
 20
4625
 11
37235.2
 21
4638.3
  0
LINE
  5
22B
100
AcDbEntity
  8
FURN
  6
ByLayer
 62
  256
370
   -1
100
AcDbLine
 10
37235.2
 20
4638.3
 11
37137.9
 21
4676.3
  0
LINE
  5
22C
100
AcDbEntity
  8
FURN
  6
ByLayer
 62
  256
370
   -1
100
AcDbLine
 10
37137.9
 20
4676.3
 11
37072.8
 21
4733
  0
LINE
  5
22D
100
AcDbEntity
  8
FURN
  6
ByLayer
 62
  256
370
   -1
100
AcDbLine
 10
37072.8
 20
4733
 11
37050
 21
4800
  0
LINE
  5
22E
100
AcDbEntity
  8
FURN
  6
ByLayer
 62
  256
370
   -1
100
AcDbLine
 10
37050
 20
4800
 11
37072.8
 21
4867
  0
LINE
  5
22F
100
AcDbEntity
  8
FURN
  6
ByLayer
 62
  256
370
   -1
100
AcDbLine
 10
37072.8
 20
4867
 11
37137.9
 21
4923.7
  0
LINE
  5
230
100
AcDbEntity
  8
FURN
  6
ByLayer
 62
  256
370
   -1
100
AcDbLine
 10
37137.9
 20
4923.7
 11
37235.2
 21
4961.7
  0
LINE
  5
231
100
AcDbEntity
  8
FURN
  6
ByLayer
 62
  256
370
   -1
100
AcDbLine
 10
37235.2
 20
4961.7
 11
37350
 21
4975
  0
LINE
  5
232
100
AcDbEntity
  8
FURN
  6
ByLayer
 62
  256
370
   -1
100
AcDbLine
 10
37350
 20
4975
 11
37464.8
 21
4961.7
  0
LINE
  5
233
100
AcDbEntity
  8
FURN
  6
ByLayer
 62
  256
370
   -1
100
AcDbLine
 10
37464.8
 20
4961.7
 11
37562.1
 21
4923.7
  0
LINE
  5
234
100
AcDbEntity
  8
FURN
  6
ByLayer
 62
  256
370
   -1
100
AcDbLine
 10
37562.1
 20
4923.7
 11
37627.2
 21
4867
  0
LINE
  5
235
100
AcDbEntity
  8
FURN
  6
ByLayer
 62
  256
370
   -1
100
AcDbLine
 10
37627.2
 20
4867
 11
37650
 21
4800
  0
LINE
  5
236
100
AcDbEntity
  8
FURN
  6
ByLayer
 62
  256
370
   -1
100
AcDbLine
 10
35200
 20
6450
 11
35600
 21
6450
  0
LINE
  5
237
100
AcDbEntity
  8
FURN
  6
ByLayer
 62
  256
370
   -1
100
AcDbLine
 10
35600
 20
6450
 11
35600
 21
4850
  0
LINE
  5
238
100
AcDbEntity
  8
FURN
  6
ByLayer
 62
  256
370
   -1
100
AcDbLine
 10
35600
 20
4850
 11
35200
 21
4850
  0
LINE
  5
239
100
AcDbEntity
  8
FURN
  6
ByLayer
 62
  256
370
   -1
100
AcDbLine
 10
35200
 20
4850
 11
35200
 21
6450
  0
LINE
  5
23A
100
AcDbEntity
  8
FURN
  6
ByLayer
 62
  256
370
   -1
100
AcDbLine
 10
35600
 20
5650
 11
35200
 21
5650
  0
LINE
  5
23B
100
AcDbEntity
  8
FURN
  6
ByLayer
 62
  256
370
   -1
100
AcDbLine
 10
35900
 20
3300
 11
37900
 21
3300
  0
LINE
  5
23C
100
AcDbEntity
  8
FURN
  6
ByLayer
 62
  256
370
   -1
100
AcDbLine
 10
37900
 20
3300
 11
37900
 21
1500
  0
LINE
  5
23D
100
AcDbEntity
  8
FURN
  6
ByLayer
 62
  256
370
   -1
100
AcDbLine
 10
37900
 20
1500
 11
35900
 21
1500
  0
LINE
  5
23E
100
AcDbEntity
  8
FURN
  6
ByLayer
 62
  256
370
   -1
100
AcDbLine
 10
35900
 20
1500
 11
35900
 21
3300
  0
LINE
  5
23F
100
AcDbEntity
  8
FURN
  6
ByLayer
 62
  256
370
   -1
100
AcDbLine
 10
37725
 20
3300
 11
37900
 21
3300
  0
LINE
  5
240
100
AcDbEntity
  8
FURN
  6
ByLayer
 62
  256
370
   -1
100
AcDbLine
 10
37900
 20
3300
 11
37900
 21
1500
  0
LINE
  5
241
100
AcDbEntity
  8
FURN
  6
ByLayer
 62
  256
370
   -1
100
AcDbLine
 10
37900
 20
1500
 11
37725
 21
1500
  0
LINE
  5
242
100
AcDbEntity
  8
FURN
  6
ByLayer
 62
  256
370
   -1
100
AcDbLine
 10
37725
 20
1500
 11
37725
 21
3300
  0
LINE
  5
243
100
AcDbEntity
  8
FURN
  6
ByLayer
 62
  256
370
   -1
100
AcDbLine
 10
37000
 20
3150
 11
37650
 21
3150
  0
LINE
  5
244
100
AcDbEntity
  8
FURN
  6
ByLayer
 62
  256
370
   -1
100
AcDbLine
 10
37650
 20
3150
 11
37650
 21
2450
  0
LINE
  5
245
100
AcDbEntity
  8
FURN
  6
ByLayer
 62
  256
370
   -1
100
AcDbLine
 10
37650
 20
2450
 11
37000
 21
2450
  0
LINE
  5
246
100
AcDbEntity
  8
FURN
  6
ByLayer
 62
  256
370
   -1
100
AcDbLine
 10
37000
 20
2450
 11
37000
 21
3150
  0
LINE
  5
247
100
AcDbEntity
  8
FURN
  6
ByLayer
 62
  256
370
   -1
100
AcDbLine
 10
37000
 20
2350
 11
37650
 21
2350
  0
LINE
  5
248
100
AcDbEntity
  8
FURN
  6
ByLayer
 62
  256
370
   -1
100
AcDbLine
 10
37650
 20
2350
 11
37650
 21
1650
  0
LINE
  5
249
100
AcDbEntity
  8
FURN
  6
ByLayer
 62
  256
370
   -1
100
AcDbLine
 10
37650
 20
1650
 11
37000
 21
1650
  0
LINE
  5
24A
100
AcDbEntity
  8
FURN
  6
ByLayer
 62
  256
370
   -1
100
AcDbLine
 10
37000
 20
1650
 11
37000
 21
2350
  0
LINE
  5
24B
100
AcDbEntity
  8
FURN
  6
ByLayer
 62
  256
370
   -1
100
AcDbLine
 10
36350
 20
3300
 11
36350
 21
1500
  0
LINE
  5
24C
100
AcDbEntity
  8
FURN
  6
ByLayer
 62
  256
370
   -1
100
AcDbLine
 10
37400
 20
3900
 11
37900
 21
3900
  0
LINE
  5
24D
100
AcDbEntity
  8
FURN
  6
ByLayer
 62
  256
370
   -1
100
AcDbLine
 10
37900
 20
3900
 11
37900
 21
3450
  0
LINE
  5
24E
100
AcDbEntity
  8
FURN
  6
ByLayer
 62
  256
370
   -1
100
AcDbLine
 10
37900
 20
3450
 11
37400
 21
3450
  0
LINE
  5
24F
100
AcDbEntity
  8
FURN
  6
ByLayer
 62
  256
370
   -1
100
AcDbLine
 10
37400
 20
3450
 11
37400
 21
3900
  0
LINE
  5
250
100
AcDbEntity
  8
FURN
  6
ByLayer
 62
  256
370
   -1
100
AcDbLine
 10
37400
 20
1350
 11
37900
 21
1350
  0
LINE
  5
251
100
AcDbEntity
  8
FURN
  6
ByLayer
 62
  256
370
   -1
100
AcDbLine
 10
37900
 20
1350
 11
37900
 21
900
  0
LINE
  5
252
100
AcDbEntity
  8
FURN
  6
ByLayer
 62
  256
370
   -1
100
AcDbLine
 10
37900
 20
900
 11
37400
 21
900
  0
LINE
  5
253
100
AcDbEntity
  8
FURN
  6
ByLayer
 62
  256
370
   -1
100
AcDbLine
 10
37400
 20
900
 11
37400
 21
1350
  0
LINE
  5
254
100
AcDbEntity
  8
FURN
  6
ByLayer
 62
  256
370
   -1
100
AcDbLine
 10
34050
 20
3450
 11
34500
 21
3450
  0
LINE
  5
255
100
AcDbEntity
  8
FURN
  6
ByLayer
 62
  256
370
   -1
100
AcDbLine
 10
34500
 20
3450
 11
34500
 21
1550
  0
LINE
  5
256
100
AcDbEntity
  8
FURN
  6
ByLayer
 62
  256
370
   -1
100
AcDbLine
 10
34500
 20
1550
 11
34050
 21
1550
  0
LINE
  5
257
100
AcDbEntity
  8
FURN
  6
ByLayer
 62
  256
370
   -1
100
AcDbLine
 10
34050
 20
1550
 11
34050
 21
3450
  0
LINE
  5
258
100
AcDbEntity
  8
FURN
  6
ByLayer
 62
  256
370
   -1
100
AcDbLine
 10
34500
 20
2500
 11
34050
 21
2500
  0
LINE
  5
259
100
AcDbEntity
  8
FURN
  6
ByLayer
 62
  256
370
   -1
100
AcDbLine
 10
36150
 20
900
 11
37350
 21
900
  0
LINE
  5
25A
100
AcDbEntity
  8
FURN
  6
ByLayer
 62
  256
370
   -1
100
AcDbLine
 10
37350
 20
900
 11
37350
 21
500
  0
LINE
  5
25B
100
AcDbEntity
  8
FURN
  6
ByLayer
 62
  256
370
   -1
100
AcDbLine
 10
37350
 20
500
 11
36150
 21
500
  0
LINE
  5
25C
100
AcDbEntity
  8
FURN
  6
ByLayer
 62
  256
370
   -1
100
AcDbLine
 10
36150
 20
500
 11
36150
 21
900
  0
LINE
  5
25D
100
AcDbEntity
  8
WINDOW
  6
ByLayer
 62
  256
370
   -1
100
AcDbLine
 10
37500
 20
75
 11
35950
 21
75
  0
LINE
  5
25E
100
AcDbEntity
  8
WINDOW
  6
ByLayer
 62
  256
370
   -1
100
AcDbLine
 10
36050
 20
0
 11
34500
 21
0
  0
LINE
  5
25F
100
AcDbEntity
  8
FURN
  6
ByLayer
 62
  256
370
   -1
100
AcDbLine
 10
37950
 20
0
 11
37950
 21
-1450
  0
LINE
  5
260
100
AcDbEntity
  8
FURN
  6
ByLayer
 62
  256
370
   -1
100
AcDbLine
 10
34050
 20
0
 11
34050
 21
-1450
  0
LINE
  5
261
100
AcDbEntity
  8
FURN
  6
ByLayer
 62
  256
370
   -1
100
AcDbLine
 10
37950
 20
-1425
 11
34050
 21
-1425
  0
LINE
  5
262
100
AcDbEntity
  8
FURN
  6
ByLayer
 62
  256
370
   -1
100
AcDbLine
 10
37950
 20
-1300
 11
34050
 21
-1300
  0
LINE
  5
263
100
AcDbEntity
  8
HVAC
  6
ByLayer
 62
  256
370
   -1
100
AcDbLine
 10
34150
 20
-600
 11
35050
 21
-600
  0
LINE
  5
264
100
AcDbEntity
  8
HVAC
  6
ByLayer
 62
  256
370
   -1
100
AcDbLine
 10
35050
 20
-600
 11
35050
 21
-1000
  0
LINE
  5
265
100
AcDbEntity
  8
HVAC
  6
ByLayer
 62
  256
370
   -1
100
AcDbLine
 10
35050
 20
-1000
 11
34150
 21
-1000
  0
LINE
  5
266
100
AcDbEntity
  8
HVAC
  6
ByLayer
 62
  256
370
   -1
100
AcDbLine
 10
34150
 20
-1000
 11
34150
 21
-600
  0
LINE
  5
267
100
AcDbEntity
  8
HVAC
  6
ByLayer
 62
  256
370
   -1
100
AcDbLine
 10
34900
 20
-600
 11
34900
 21
-1000
  0
LINE
  5
268
100
AcDbEntity
  8
HVAC
  6
ByLayer
 62
  256
370
   -1
100
AcDbLine
 10
34725
 20
-600
 11
34725
 21
-1000
  0
LINE
  5
269
100
AcDbEntity
  8
HVAC
  6
ByLayer
 62
  256
370
   -1
100
AcDbLine
 10
34550
 20
-600
 11
34550
 21
-1000
  0
LINE
  5
26A
100
AcDbEntity
  8
HVAC
  6
ByLayer
 62
  256
370
   -1
100
AcDbLine
 10
34375
 20
-600
 11
34375
 21
-1000
  0
LINE
  5
26B
100
AcDbEntity
  8
DOOR
  6
ByLayer
 62
  256
370
   -1
100
AcDbLine
 10
31900
 20
4250
 11
32650
 21
4250
  0
ARC
  5
26C
100
AcDbEntity
  8
DOOR
  6
ByLayer
 62
  256
370
   -1
100
AcDbCircle
 10
32650
 20
5000
 40
750
100
AcDbArc
 50
180
 51
270
  0
LINE
  5
26D
100
AcDbEntity
  8
FURN
  6
ByLayer
 62
  256
370
   -1
100
AcDbLine
 10
32975
 20
6375
 11
33775
 21
6375
  0
LINE
  5
26E
100
AcDbEntity
  8
FURN
  6
ByLayer
 62
  256
370
   -1
100
AcDbLine
 10
33775
 20
6375
 11
33775
 21
5575
  0
LINE
  5
26F
100
AcDbEntity
  8
FURN
  6
ByLayer
 62
  256
370
   -1
100
AcDbLine
 10
33775
 20
5575
 11
32975
 21
5575
  0
LINE
  5
270
100
AcDbEntity
  8
FURN
  6
ByLayer
 62
  256
370
   -1
100
AcDbLine
 10
32975
 20
5575
 11
32975
 21
6375
  0
LINE
  5
271
100
AcDbEntity
  8
FURN
  6
ByLayer
 62
  256
370
   -1
100
AcDbLine
 10
33775
 20
6375
 11
32975
 21
5575
  0
CIRCLE
  5
272
100
AcDbEntity
  8
FURN
  6
ByLayer
 62
  256
370
   -1
100
AcDbCircle
 10
33375
 20
5975
 40
62.5
  0
LINE
  5
273
100
AcDbEntity
  8
FURN
  6
ByLayer
 62
  256
370
   -1
100
AcDbLine
 10
32250
 20
6400
 11
32750
 21
6400
  0
LINE
  5
274
100
AcDbEntity
  8
FURN
  6
ByLayer
 62
  256
370
   -1
100
AcDbLine
 10
32750
 20
6400
 11
32750
 21
6200
  0
LINE
  5
275
100
AcDbEntity
  8
FURN
  6
ByLayer
 62
  256
370
   -1
100
AcDbLine
 10
32750
 20
6200
 11
32250
 21
6200
  0
LINE
  5
276
100
AcDbEntity
  8
FURN
  6
ByLayer
 62
  256
370
   -1
100
AcDbLine
 10
32250
 20
6200
 11
32250
 21
6400
  0
LINE
  5
277
100
AcDbEntity
  8
FURN
  6
ByLayer
 62
  256
370
   -1
100
AcDbLine
 10
32725
 20
5850
 11
32707.9
 21
5744.8
  0
LINE
  5
278
100
AcDbEntity
  8
FURN
  6
ByLayer
 62
  256
370
   -1
100
AcDbLine
 10
32707.9
 20
5744.8
 11
32659.1
 21
5655.5
  0
LINE
  5
279
100
AcDbEntity
  8
FURN
  6
ByLayer
 62
  256
370
   -1
100
AcDbLine
 10
32659.1
 20
5655.5
 11
32586.1
 21
5595.9
  0
LINE
  5
27A
100
AcDbEntity
  8
FURN
  6
ByLayer
 62
  256
370
   -1
100
AcDbLine
 10
32586.1
 20
5595.9
 11
32500
 21
5575
  0
LINE
  5
27B
100
AcDbEntity
  8
FURN
  6
ByLayer
 62
  256
370
   -1
100
AcDbLine
 10
32500
 20
5575
 11
32413.9
 21
5595.9
  0
LINE
  5
27C
100
AcDbEntity
  8
FURN
  6
ByLayer
 62
  256
370
   -1
100
AcDbLine
 10
32413.9
 20
5595.9
 11
32340.9
 21
5655.5
  0
LINE
  5
27D
100
AcDbEntity
  8
FURN
  6
ByLayer
 62
  256
370
   -1
100
AcDbLine
 10
32340.9
 20
5655.5
 11
32292.1
 21
5744.8
  0
LINE
  5
27E
100
AcDbEntity
  8
FURN
  6
ByLayer
 62
  256
370
   -1
100
AcDbLine
 10
32292.1
 20
5744.8
 11
32275
 21
5850
  0
LINE
  5
27F
100
AcDbEntity
  8
FURN
  6
ByLayer
 62
  256
370
   -1
100
AcDbLine
 10
32275
 20
5850
 11
32292.1
 21
5955.2
  0
LINE
  5
280
100
AcDbEntity
  8
FURN
  6
ByLayer
 62
  256
370
   -1
100
AcDbLine
 10
32292.1
 20
5955.2
 11
32340.9
 21
6044.5
  0
LINE
  5
281
100
AcDbEntity
  8
FURN
  6
ByLayer
 62
  256
370
   -1
100
AcDbLine
 10
32340.9
 20
6044.5
 11
32413.9
 21
6104.1
  0
LINE
  5
282
100
AcDbEntity
  8
FURN
  6
ByLayer
 62
  256
370
   -1
100
AcDbLine
 10
32413.9
 20
6104.1
 11
32500
 21
6125
  0
LINE
  5
283
100
AcDbEntity
  8
FURN
  6
ByLayer
 62
  256
370
   -1
100
AcDbLine
 10
32500
 20
6125
 11
32586.1
 21
6104.1
  0
LINE
  5
284
100
AcDbEntity
  8
FURN
  6
ByLayer
 62
  256
370
   -1
100
AcDbLine
 10
32586.1
 20
6104.1
 11
32659.1
 21
6044.5
  0
LINE
  5
285
100
AcDbEntity
  8
FURN
  6
ByLayer
 62
  256
370
   -1
100
AcDbLine
 10
32659.1
 20
6044.5
 11
32707.9
 21
5955.2
  0
LINE
  5
286
100
AcDbEntity
  8
FURN
  6
ByLayer
 62
  256
370
   -1
100
AcDbLine
 10
32707.9
 20
5955.2
 11
32725
 21
5850
  0
LINE
  5
287
100
AcDbEntity
  8
FURN
  6
ByLayer
 62
  256
370
   -1
100
AcDbLine
 10
32900
 20
5050
 11
33800
 21
5050
  0
LINE
  5
288
100
AcDbEntity
  8
FURN
  6
ByLayer
 62
  256
370
   -1
100
AcDbLine
 10
33800
 20
5050
 11
33800
 21
4550
  0
LINE
  5
289
100
AcDbEntity
  8
FURN
  6
ByLayer
 62
  256
370
   -1
100
AcDbLine
 10
33800
 20
4550
 11
32900
 21
4550
  0
LINE
  5
28A
100
AcDbEntity
  8
FURN
  6
ByLayer
 62
  256
370
   -1
100
AcDbLine
 10
32900
 20
4550
 11
32900
 21
5050
  0
LINE
  5
28B
100
AcDbEntity
  8
FURN
  6
ByLayer
 62
  256
370
   -1
100
AcDbLine
 10
33650
 20
4800
 11
33627.2
 21
4733
  0
LINE
  5
28C
100
AcDbEntity
  8
FURN
  6
ByLayer
 62
  256
370
   -1
100
AcDbLine
 10
33627.2
 20
4733
 11
33562.1
 21
4676.3
  0
LINE
  5
28D
100
AcDbEntity
  8
FURN
  6
ByLayer
 62
  256
370
   -1
100
AcDbLine
 10
33562.1
 20
4676.3
 11
33464.8
 21
4638.3
  0
LINE
  5
28E
100
AcDbEntity
  8
FURN
  6
ByLayer
 62
  256
370
   -1
100
AcDbLine
 10
33464.8
 20
4638.3
 11
33350
 21
4625
  0
LINE
  5
28F
100
AcDbEntity
  8
FURN
  6
ByLayer
 62
  256
370
   -1
100
AcDbLine
 10
33350
 20
4625
 11
33235.2
 21
4638.3
  0
LINE
  5
290
100
AcDbEntity
  8
FURN
  6
ByLayer
 62
  256
370
   -1
100
AcDbLine
 10
33235.2
 20
4638.3
 11
33137.9
 21
4676.3
  0
LINE
  5
291
100
AcDbEntity
  8
FURN
  6
ByLayer
 62
  256
370
   -1
100
AcDbLine
 10
33137.9
 20
4676.3
 11
33072.8
 21
4733
  0
LINE
  5
292
100
AcDbEntity
  8
FURN
  6
ByLayer
 62
  256
370
   -1
100
AcDbLine
 10
33072.8
 20
4733
 11
33050
 21
4800
  0
LINE
  5
293
100
AcDbEntity
  8
FURN
  6
ByLayer
 62
  256
370
   -1
100
AcDbLine
 10
33050
 20
4800
 11
33072.8
 21
4867
  0
LINE
  5
294
100
AcDbEntity
  8
FURN
  6
ByLayer
 62
  256
370
   -1
100
AcDbLine
 10
33072.8
 20
4867
 11
33137.9
 21
4923.7
  0
LINE
  5
295
100
AcDbEntity
  8
FURN
  6
ByLayer
 62
  256
370
   -1
100
AcDbLine
 10
33137.9
 20
4923.7
 11
33235.2
 21
4961.7
  0
LINE
  5
296
100
AcDbEntity
  8
FURN
  6
ByLayer
 62
  256
370
   -1
100
AcDbLine
 10
33235.2
 20
4961.7
 11
33350
 21
4975
  0
LINE
  5
297
100
AcDbEntity
  8
FURN
  6
ByLayer
 62
  256
370
   -1
100
AcDbLine
 10
33350
 20
4975
 11
33464.8
 21
4961.7
  0
LINE
  5
298
100
AcDbEntity
  8
FURN
  6
ByLayer
 62
  256
370
   -1
100
AcDbLine
 10
33464.8
 20
4961.7
 11
33562.1
 21
4923.7
  0
LINE
  5
299
100
AcDbEntity
  8
FURN
  6
ByLayer
 62
  256
370
   -1
100
AcDbLine
 10
33562.1
 20
4923.7
 11
33627.2
 21
4867
  0
LINE
  5
29A
100
AcDbEntity
  8
FURN
  6
ByLayer
 62
  256
370
   -1
100
AcDbLine
 10
33627.2
 20
4867
 11
33650
 21
4800
  0
LINE
  5
29B
100
AcDbEntity
  8
FURN
  6
ByLayer
 62
  256
370
   -1
100
AcDbLine
 10
31200
 20
6450
 11
31600
 21
6450
  0
LINE
  5
29C
100
AcDbEntity
  8
FURN
  6
ByLayer
 62
  256
370
   -1
100
AcDbLine
 10
31600
 20
6450
 11
31600
 21
4850
  0
LINE
  5
29D
100
AcDbEntity
  8
FURN
  6
ByLayer
 62
  256
370
   -1
100
AcDbLine
 10
31600
 20
4850
 11
31200
 21
4850
  0
LINE
  5
29E
100
AcDbEntity
  8
FURN
  6
ByLayer
 62
  256
370
   -1
100
AcDbLine
 10
31200
 20
4850
 11
31200
 21
6450
  0
LINE
  5
29F
100
AcDbEntity
  8
FURN
  6
ByLayer
 62
  256
370
   -1
100
AcDbLine
 10
31600
 20
5650
 11
31200
 21
5650
  0
LINE
  5
2A0
100
AcDbEntity
  8
FURN
  6
ByLayer
 62
  256
370
   -1
100
AcDbLine
 10
31900
 20
3300
 11
33900
 21
3300
  0
LINE
  5
2A1
100
AcDbEntity
  8
FURN
  6
ByLayer
 62
  256
370
   -1
100
AcDbLine
 10
33900
 20
3300
 11
33900
 21
1500
  0
LINE
  5
2A2
100
AcDbEntity
  8
FURN
  6
ByLayer
 62
  256
370
   -1
100
AcDbLine
 10
33900
 20
1500
 11
31900
 21
1500
  0
LINE
  5
2A3
100
AcDbEntity
  8
FURN
  6
ByLayer
 62
  256
370
   -1
100
AcDbLine
 10
31900
 20
1500
 11
31900
 21
3300
  0
LINE
  5
2A4
100
AcDbEntity
  8
FURN
  6
ByLayer
 62
  256
370
   -1
100
AcDbLine
 10
33725
 20
3300
 11
33900
 21
3300
  0
LINE
  5
2A5
100
AcDbEntity
  8
FURN
  6
ByLayer
 62
  256
370
   -1
100
AcDbLine
 10
33900
 20
3300
 11
33900
 21
1500
  0
LINE
  5
2A6
100
AcDbEntity
  8
FURN
  6
ByLayer
 62
  256
370
   -1
100
AcDbLine
 10
33900
 20
1500
 11
33725
 21
1500
  0
LINE
  5
2A7
100
AcDbEntity
  8
FURN
  6
ByLayer
 62
  256
370
   -1
100
AcDbLine
 10
33725
 20
1500
 11
33725
 21
3300
  0
LINE
  5
2A8
100
AcDbEntity
  8
FURN
  6
ByLayer
 62
  256
370
   -1
100
AcDbLine
 10
33000
 20
3150
 11
33650
 21
3150
  0
LINE
  5
2A9
100
AcDbEntity
  8
FURN
  6
ByLayer
 62
  256
370
   -1
100
AcDbLine
 10
33650
 20
3150
 11
33650
 21
2450
  0
LINE
  5
2AA
100
AcDbEntity
  8
FURN
  6
ByLayer
 62
  256
370
   -1
100
AcDbLine
 10
33650
 20
2450
 11
33000
 21
2450
  0
LINE
  5
2AB
100
AcDbEntity
  8
FURN
  6
ByLayer
 62
  256
370
   -1
100
AcDbLine
 10
33000
 20
2450
 11
33000
 21
3150
  0
LINE
  5
2AC
100
AcDbEntity
  8
FURN
  6
ByLayer
 62
  256
370
   -1
100
AcDbLine
 10
33000
 20
2350
 11
33650
 21
2350
  0
LINE
  5
2AD
100
AcDbEntity
  8
FURN
  6
ByLayer
 62
  256
370
   -1
100
AcDbLine
 10
33650
 20
2350
 11
33650
 21
1650
  0
LINE
  5
2AE
100
AcDbEntity
  8
FURN
  6
ByLayer
 62
  256
370
   -1
100
AcDbLine
 10
33650
 20
1650
 11
33000
 21
1650
  0
LINE
  5
2AF
100
AcDbEntity
  8
FURN
  6
ByLayer
 62
  256
370
   -1
100
AcDbLine
 10
33000
 20
1650
 11
33000
 21
2350
  0
LINE
  5
2B0
100
AcDbEntity
  8
FURN
  6
ByLayer
 62
  256
370
   -1
100
AcDbLine
 10
32350
 20
3300
 11
32350
 21
1500
  0
LINE
  5
2B1
100
AcDbEntity
  8
FURN
  6
ByLayer
 62
  256
370
   -1
100
AcDbLine
 10
33400
 20
3900
 11
33900
 21
3900
  0
LINE
  5
2B2
100
AcDbEntity
  8
FURN
  6
ByLayer
 62
  256
370
   -1
100
AcDbLine
 10
33900
 20
3900
 11
33900
 21
3450
  0
LINE
  5
2B3
100
AcDbEntity
  8
FURN
  6
ByLayer
 62
  256
370
   -1
100
AcDbLine
 10
33900
 20
3450
 11
33400
 21
3450
  0
LINE
  5
2B4
100
AcDbEntity
  8
FURN
  6
ByLayer
 62
  256
370
   -1
100
AcDbLine
 10
33400
 20
3450
 11
33400
 21
3900
  0
LINE
  5
2B5
100
AcDbEntity
  8
FURN
  6
ByLayer
 62
  256
370
   -1
100
AcDbLine
 10
33400
 20
1350
 11
33900
 21
1350
  0
LINE
  5
2B6
100
AcDbEntity
  8
FURN
  6
ByLayer
 62
  256
370
   -1
100
AcDbLine
 10
33900
 20
1350
 11
33900
 21
900
  0
LINE
  5
2B7
100
AcDbEntity
  8
FURN
  6
ByLayer
 62
  256
370
   -1
100
AcDbLine
 10
33900
 20
900
 11
33400
 21
900
  0
LINE
  5
2B8
100
AcDbEntity
  8
FURN
  6
ByLayer
 62
  256
370
   -1
100
AcDbLine
 10
33400
 20
900
 11
33400
 21
1350
  0
LINE
  5
2B9
100
AcDbEntity
  8
FURN
  6
ByLayer
 62
  256
370
   -1
100
AcDbLine
 10
30050
 20
3450
 11
30500
 21
3450
  0
LINE
  5
2BA
100
AcDbEntity
  8
FURN
  6
ByLayer
 62
  256
370
   -1
100
AcDbLine
 10
30500
 20
3450
 11
30500
 21
1550
  0
LINE
  5
2BB
100
AcDbEntity
  8
FURN
  6
ByLayer
 62
  256
370
   -1
100
AcDbLine
 10
30500
 20
1550
 11
30050
 21
1550
  0
LINE
  5
2BC
100
AcDbEntity
  8
FURN
  6
ByLayer
 62
  256
370
   -1
100
AcDbLine
 10
30050
 20
1550
 11
30050
 21
3450
  0
LINE
  5
2BD
100
AcDbEntity
  8
FURN
  6
ByLayer
 62
  256
370
   -1
100
AcDbLine
 10
30500
 20
2500
 11
30050
 21
2500
  0
LINE
  5
2BE
100
AcDbEntity
  8
FURN
  6
ByLayer
 62
  256
370
   -1
100
AcDbLine
 10
32150
 20
900
 11
33350
 21
900
  0
LINE
  5
2BF
100
AcDbEntity
  8
FURN
  6
ByLayer
 62
  256
370
   -1
100
AcDbLine
 10
33350
 20
900
 11
33350
 21
500
  0
LINE
  5
2C0
100
AcDbEntity
  8
FURN
  6
ByLayer
 62
  256
370
   -1
100
AcDbLine
 10
33350
 20
500
 11
32150
 21
500
  0
LINE
  5
2C1
100
AcDbEntity
  8
FURN
  6
ByLayer
 62
  256
370
   -1
100
AcDbLine
 10
32150
 20
500
 11
32150
 21
900
  0
LINE
  5
2C2
100
AcDbEntity
  8
WINDOW
  6
ByLayer
 62
  256
370
   -1
100
AcDbLine
 10
33500
 20
75
 11
31950
 21
75
  0
LINE
  5
2C3
100
AcDbEntity
  8
WINDOW
  6
ByLayer
 62
  256
370
   -1
100
AcDbLine
 10
32050
 20
0
 11
30500
 21
0
  0
LINE
  5
2C4
100
AcDbEntity
  8
FURN
  6
ByLayer
 62
  256
370
   -1
100
AcDbLine
 10
33950
 20
0
 11
33950
 21
-1450
  0
LINE
  5
2C5
100
AcDbEntity
  8
FURN
  6
ByLayer
 62
  256
370
   -1
100
AcDbLine
 10
30050
 20
0
 11
30050
 21
-1450
  0
LINE
  5
2C6
100
AcDbEntity
  8
FURN
  6
ByLayer
 62
  256
370
   -1
100
AcDbLine
 10
33950
 20
-1425
 11
30050
 21
-1425
  0
LINE
  5
2C7
100
AcDbEntity
  8
FURN
  6
ByLayer
 62
  256
370
   -1
100
AcDbLine
 10
33950
 20
-1300
 11
30050
 21
-1300
  0
LINE
  5
2C8
100
AcDbEntity
  8
HVAC
  6
ByLayer
 62
  256
370
   -1
100
AcDbLine
 10
30150
 20
-600
 11
31050
 21
-600
  0
LINE
  5
2C9
100
AcDbEntity
  8
HVAC
  6
ByLayer
 62
  256
370
   -1
100
AcDbLine
 10
31050
 20
-600
 11
31050
 21
-1000
  0
LINE
  5
2CA
100
AcDbEntity
  8
HVAC
  6
ByLayer
 62
  256
370
   -1
100
AcDbLine
 10
31050
 20
-1000
 11
30150
 21
-1000
  0
LINE
  5
2CB
100
AcDbEntity
  8
HVAC
  6
ByLayer
 62
  256
370
   -1
100
AcDbLine
 10
30150
 20
-1000
 11
30150
 21
-600
  0
LINE
  5
2CC
100
AcDbEntity
  8
HVAC
  6
ByLayer
 62
  256
370
   -1
100
AcDbLine
 10
30900
 20
-600
 11
30900
 21
-1000
  0
LINE
  5
2CD
100
AcDbEntity
  8
HVAC
  6
ByLayer
 62
  256
370
   -1
100
AcDbLine
 10
30725
 20
-600
 11
30725
 21
-1000
  0
LINE
  5
2CE
100
AcDbEntity
  8
HVAC
  6
ByLayer
 62
  256
370
   -1
100
AcDbLine
 10
30550
 20
-600
 11
30550
 21
-1000
  0
LINE
  5
2CF
100
AcDbEntity
  8
HVAC
  6
ByLayer
 62
  256
370
   -1
100
AcDbLine
 10
30375
 20
-600
 11
30375
 21
-1000
  0
LINE
  5
2D0
100
AcDbEntity
  8
DOOR
  6
ByLayer
 62
  256
370
   -1
100
AcDbLine
 10
27900
 20
4250
 11
28650
 21
4250
  0
ARC
  5
2D1
100
AcDbEntity
  8
DOOR
  6
ByLayer
 62
  256
370
   -1
100
AcDbCircle
 10
28650
 20
5000
 40
750
100
AcDbArc
 50
180
 51
270
  0
LINE
  5
2D2
100
AcDbEntity
  8
FURN
  6
ByLayer
 62
  256
370
   -1
100
AcDbLine
 10
28975
 20
6375
 11
29775
 21
6375
  0
LINE
  5
2D3
100
AcDbEntity
  8
FURN
  6
ByLayer
 62
  256
370
   -1
100
AcDbLine
 10
29775
 20
6375
 11
29775
 21
5575
  0
LINE
  5
2D4
100
AcDbEntity
  8
FURN
  6
ByLayer
 62
  256
370
   -1
100
AcDbLine
 10
29775
 20
5575
 11
28975
 21
5575
  0
LINE
  5
2D5
100
AcDbEntity
  8
FURN
  6
ByLayer
 62
  256
370
   -1
100
AcDbLine
 10
28975
 20
5575
 11
28975
 21
6375
  0
LINE
  5
2D6
100
AcDbEntity
  8
FURN
  6
ByLayer
 62
  256
370
   -1
100
AcDbLine
 10
29775
 20
6375
 11
28975
 21
5575
  0
CIRCLE
  5
2D7
100
AcDbEntity
  8
FURN
  6
ByLayer
 62
  256
370
   -1
100
AcDbCircle
 10
29375
 20
5975
 40
62.5
  0
LINE
  5
2D8
100
AcDbEntity
  8
FURN
  6
ByLayer
 62
  256
370
   -1
100
AcDbLine
 10
28250
 20
6400
 11
28750
 21
6400
  0
LINE
  5
2D9
100
AcDbEntity
  8
FURN
  6
ByLayer
 62
  256
370
   -1
100
AcDbLine
 10
28750
 20
6400
 11
28750
 21
6200
  0
LINE
  5
2DA
100
AcDbEntity
  8
FURN
  6
ByLayer
 62
  256
370
   -1
100
AcDbLine
 10
28750
 20
6200
 11
28250
 21
6200
  0
LINE
  5
2DB
100
AcDbEntity
  8
FURN
  6
ByLayer
 62
  256
370
   -1
100
AcDbLine
 10
28250
 20
6200
 11
28250
 21
6400
  0
LINE
  5
2DC
100
AcDbEntity
  8
FURN
  6
ByLayer
 62
  256
370
   -1
100
AcDbLine
 10
28725
 20
5850
 11
28707.9
 21
5744.8
  0
LINE
  5
2DD
100
AcDbEntity
  8
FURN
  6
ByLayer
 62
  256
370
   -1
100
AcDbLine
 10
28707.9
 20
5744.8
 11
28659.1
 21
5655.5
  0
LINE
  5
2DE
100
AcDbEntity
  8
FURN
  6
ByLayer
 62
  256
370
   -1
100
AcDbLine
 10
28659.1
 20
5655.5
 11
28586.1
 21
5595.9
  0
LINE
  5
2DF
100
AcDbEntity
  8
FURN
  6
ByLayer
 62
  256
370
   -1
100
AcDbLine
 10
28586.1
 20
5595.9
 11
28500
 21
5575
  0
LINE
  5
2E0
100
AcDbEntity
  8
FURN
  6
ByLayer
 62
  256
370
   -1
100
AcDbLine
 10
28500
 20
5575
 11
28413.9
 21
5595.9
  0
LINE
  5
2E1
100
AcDbEntity
  8
FURN
  6
ByLayer
 62
  256
370
   -1
100
AcDbLine
 10
28413.9
 20
5595.9
 11
28340.9
 21
5655.5
  0
LINE
  5
2E2
100
AcDbEntity
  8
FURN
  6
ByLayer
 62
  256
370
   -1
100
AcDbLine
 10
28340.9
 20
5655.5
 11
28292.1
 21
5744.8
  0
LINE
  5
2E3
100
AcDbEntity
  8
FURN
  6
ByLayer
 62
  256
370
   -1
100
AcDbLine
 10
28292.1
 20
5744.8
 11
28275
 21
5850
  0
LINE
  5
2E4
100
AcDbEntity
  8
FURN
  6
ByLayer
 62
  256
370
   -1
100
AcDbLine
 10
28275
 20
5850
 11
28292.1
 21
5955.2
  0
LINE
  5
2E5
100
AcDbEntity
  8
FURN
  6
ByLayer
 62
  256
370
   -1
100
AcDbLine
 10
28292.1
 20
5955.2
 11
28340.9
 21
6044.5
  0
LINE
  5
2E6
100
AcDbEntity
  8
FURN
  6
ByLayer
 62
  256
370
   -1
100
AcDbLine
 10
28340.9
 20
6044.5
 11
28413.9
 21
6104.1
  0
LINE
  5
2E7
100
AcDbEntity
  8
FURN
  6
ByLayer
 62
  256
370
   -1
100
AcDbLine
 10
28413.9
 20
6104.1
 11
28500
 21
6125
  0
LINE
  5
2E8
100
AcDbEntity
  8
FURN
  6
ByLayer
 62
  256
370
   -1
100
AcDbLine
 10
28500
 20
6125
 11
28586.1
 21
6104.1
  0
LINE
  5
2E9
100
AcDbEntity
  8
FURN
  6
ByLayer
 62
  256
370
   -1
100
AcDbLine
 10
28586.1
 20
6104.1
 11
28659.1
 21
6044.5
  0
LINE
  5
2EA
100
AcDbEntity
  8
FURN
  6
ByLayer
 62
  256
370
   -1
100
AcDbLine
 10
28659.1
 20
6044.5
 11
28707.9
 21
5955.2
  0
LINE
  5
2EB
100
AcDbEntity
  8
FURN
  6
ByLayer
 62
  256
370
   -1
100
AcDbLine
 10
28707.9
 20
5955.2
 11
28725
 21
5850
  0
LINE
  5
2EC
100
AcDbEntity
  8
FURN
  6
ByLayer
 62
  256
370
   -1
100
AcDbLine
 10
28900
 20
5050
 11
29800
 21
5050
  0
LINE
  5
2ED
100
AcDbEntity
  8
FURN
  6
ByLayer
 62
  256
370
   -1
100
AcDbLine
 10
29800
 20
5050
 11
29800
 21
4550
  0
LINE
  5
2EE
100
AcDbEntity
  8
FURN
  6
ByLayer
 62
  256
370
   -1
100
AcDbLine
 10
29800
 20
4550
 11
28900
 21
4550
  0
LINE
  5
2EF
100
AcDbEntity
  8
FURN
  6
ByLayer
 62
  256
370
   -1
100
AcDbLine
 10
28900
 20
4550
 11
28900
 21
5050
  0
LINE
  5
2F0
100
AcDbEntity
  8
FURN
  6
ByLayer
 62
  256
370
   -1
100
AcDbLine
 10
29650
 20
4800
 11
29627.2
 21
4733
  0
LINE
  5
2F1
100
AcDbEntity
  8
FURN
  6
ByLayer
 62
  256
370
   -1
100
AcDbLine
 10
29627.2
 20
4733
 11
29562.1
 21
4676.3
  0
LINE
  5
2F2
100
AcDbEntity
  8
FURN
  6
ByLayer
 62
  256
370
   -1
100
AcDbLine
 10
29562.1
 20
4676.3
 11
29464.8
 21
4638.3
  0
LINE
  5
2F3
100
AcDbEntity
  8
FURN
  6
ByLayer
 62
  256
370
   -1
100
AcDbLine
 10
29464.8
 20
4638.3
 11
29350
 21
4625
  0
LINE
  5
2F4
100
AcDbEntity
  8
FURN
  6
ByLayer
 62
  256
370
   -1
100
AcDbLine
 10
29350
 20
4625
 11
29235.2
 21
4638.3
  0
LINE
  5
2F5
100
AcDbEntity
  8
FURN
  6
ByLayer
 62
  256
370
   -1
100
AcDbLine
 10
29235.2
 20
4638.3
 11
29137.9
 21
4676.3
  0
LINE
  5
2F6
100
AcDbEntity
  8
FURN
  6
ByLayer
 62
  256
370
   -1
100
AcDbLine
 10
29137.9
 20
4676.3
 11
29072.8
 21
4733
  0
LINE
  5
2F7
100
AcDbEntity
  8
FURN
  6
ByLayer
 62
  256
370
   -1
100
AcDbLine
 10
29072.8
 20
4733
 11
29050
 21
4800
  0
LINE
  5
2F8
100
AcDbEntity
  8
FURN
  6
ByLayer
 62
  256
370
   -1
100
AcDbLine
 10
29050
 20
4800
 11
29072.8
 21
4867
  0
LINE
  5
2F9
100
AcDbEntity
  8
FURN
  6
ByLayer
 62
  256
370
   -1
100
AcDbLine
 10
29072.8
 20
4867
 11
29137.9
 21
4923.7
  0
LINE
  5
2FA
100
AcDbEntity
  8
FURN
  6
ByLayer
 62
  256
370
   -1
100
AcDbLine
 10
29137.9
 20
4923.7
 11
29235.2
 21
4961.7
  0
LINE
  5
2FB
100
AcDbEntity
  8
FURN
  6
ByLayer
 62
  256
370
   -1
100
AcDbLine
 10
29235.2
 20
4961.7
 11
29350
 21
4975
  0
LINE
  5
2FC
100
AcDbEntity
  8
FURN
  6
ByLayer
 62
  256
370
   -1
100
AcDbLine
 10
29350
 20
4975
 11
29464.8
 21
4961.7
  0
LINE
  5
2FD
100
AcDbEntity
  8
FURN
  6
ByLayer
 62
  256
370
   -1
100
AcDbLine
 10
29464.8
 20
4961.7
 11
29562.1
 21
4923.7
  0
LINE
  5
2FE
100
AcDbEntity
  8
FURN
  6
ByLayer
 62
  256
370
   -1
100
AcDbLine
 10
29562.1
 20
4923.7
 11
29627.2
 21
4867
  0
LINE
  5
2FF
100
AcDbEntity
  8
FURN
  6
ByLayer
 62
  256
370
   -1
100
AcDbLine
 10
29627.2
 20
4867
 11
29650
 21
4800
  0
LINE
  5
300
100
AcDbEntity
  8
FURN
  6
ByLayer
 62
  256
370
   -1
100
AcDbLine
 10
27200
 20
6450
 11
27600
 21
6450
  0
LINE
  5
301
100
AcDbEntity
  8
FURN
  6
ByLayer
 62
  256
370
   -1
100
AcDbLine
 10
27600
 20
6450
 11
27600
 21
4850
  0
LINE
  5
302
100
AcDbEntity
  8
FURN
  6
ByLayer
 62
  256
370
   -1
100
AcDbLine
 10
27600
 20
4850
 11
27200
 21
4850
  0
LINE
  5
303
100
AcDbEntity
  8
FURN
  6
ByLayer
 62
  256
370
   -1
100
AcDbLine
 10
27200
 20
4850
 11
27200
 21
6450
  0
LINE
  5
304
100
AcDbEntity
  8
FURN
  6
ByLayer
 62
  256
370
   -1
100
AcDbLine
 10
27600
 20
5650
 11
27200
 21
5650
  0
LINE
  5
305
100
AcDbEntity
  8
FURN
  6
ByLayer
 62
  256
370
   -1
100
AcDbLine
 10
27900
 20
3300
 11
29900
 21
3300
  0
LINE
  5
306
100
AcDbEntity
  8
FURN
  6
ByLayer
 62
  256
370
   -1
100
AcDbLine
 10
29900
 20
3300
 11
29900
 21
1500
  0
LINE
  5
307
100
AcDbEntity
  8
FURN
  6
ByLayer
 62
  256
370
   -1
100
AcDbLine
 10
29900
 20
1500
 11
27900
 21
1500
  0
LINE
  5
308
100
AcDbEntity
  8
FURN
  6
ByLayer
 62
  256
370
   -1
100
AcDbLine
 10
27900
 20
1500
 11
27900
 21
3300
  0
LINE
  5
309
100
AcDbEntity
  8
FURN
  6
ByLayer
 62
  256
370
   -1
100
AcDbLine
 10
29725
 20
3300
 11
29900
 21
3300
  0
LINE
  5
30A
100
AcDbEntity
  8
FURN
  6
ByLayer
 62
  256
370
   -1
100
AcDbLine
 10
29900
 20
3300
 11
29900
 21
1500
  0
LINE
  5
30B
100
AcDbEntity
  8
FURN
  6
ByLayer
 62
  256
370
   -1
100
AcDbLine
 10
29900
 20
1500
 11
29725
 21
1500
  0
LINE
  5
30C
100
AcDbEntity
  8
FURN
  6
ByLayer
 62
  256
370
   -1
100
AcDbLine
 10
29725
 20
1500
 11
29725
 21
3300
  0
LINE
  5
30D
100
AcDbEntity
  8
FURN
  6
ByLayer
 62
  256
370
   -1
100
AcDbLine
 10
29000
 20
3150
 11
29650
 21
3150
  0
LINE
  5
30E
100
AcDbEntity
  8
FURN
  6
ByLayer
 62
  256
370
   -1
100
AcDbLine
 10
29650
 20
3150
 11
29650
 21
2450
  0
LINE
  5
30F
100
AcDbEntity
  8
FURN
  6
ByLayer
 62
  256
370
   -1
100
AcDbLine
 10
29650
 20
2450
 11
29000
 21
2450
  0
LINE
  5
310
100
AcDbEntity
  8
FURN
  6
ByLayer
 62
  256
370
   -1
100
AcDbLine
 10
29000
 20
2450
 11
29000
 21
3150
  0
LINE
  5
311
100
AcDbEntity
  8
FURN
  6
ByLayer
 62
  256
370
   -1
100
AcDbLine
 10
29000
 20
2350
 11
29650
 21
2350
  0
LINE
  5
312
100
AcDbEntity
  8
FURN
  6
ByLayer
 62
  256
370
   -1
100
AcDbLine
 10
29650
 20
2350
 11
29650
 21
1650
  0
LINE
  5
313
100
AcDbEntity
  8
FURN
  6
ByLayer
 62
  256
370
   -1
100
AcDbLine
 10
29650
 20
1650
 11
29000
 21
1650
  0
LINE
  5
314
100
AcDbEntity
  8
FURN
  6
ByLayer
 62
  256
370
   -1
100
AcDbLine
 10
29000
 20
1650
 11
29000
 21
2350
  0
LINE
  5
315
100
AcDbEntity
  8
FURN
  6
ByLayer
 62
  256
370
   -1
100
AcDbLine
 10
28350
 20
3300
 11
28350
 21
1500
  0
LINE
  5
316
100
AcDbEntity
  8
FURN
  6
ByLayer
 62
  256
370
   -1
100
AcDbLine
 10
29400
 20
3900
 11
29900
 21
3900
  0
LINE
  5
317
100
AcDbEntity
  8
FURN
  6
ByLayer
 62
  256
370
   -1
100
AcDbLine
 10
29900
 20
3900
 11
29900
 21
3450
  0
LINE
  5
318
100
AcDbEntity
  8
FURN
  6
ByLayer
 62
  256
370
   -1
100
AcDbLine
 10
29900
 20
3450
 11
29400
 21
3450
  0
LINE
  5
319
100
AcDbEntity
  8
FURN
  6
ByLayer
 62
  256
370
   -1
100
AcDbLine
 10
29400
 20
3450
 11
29400
 21
3900
  0
LINE
  5
31A
100
AcDbEntity
  8
FURN
  6
ByLayer
 62
  256
370
   -1
100
AcDbLine
 10
29400
 20
1350
 11
29900
 21
1350
  0
LINE
  5
31B
100
AcDbEntity
  8
FURN
  6
ByLayer
 62
  256
370
   -1
100
AcDbLine
 10
29900
 20
1350
 11
29900
 21
900
  0
LINE
  5
31C
100
AcDbEntity
  8
FURN
  6
ByLayer
 62
  256
370
   -1
100
AcDbLine
 10
29900
 20
900
 11
29400
 21
900
  0
LINE
  5
31D
100
AcDbEntity
  8
FURN
  6
ByLayer
 62
  256
370
   -1
100
AcDbLine
 10
29400
 20
900
 11
29400
 21
1350
  0
LINE
  5
31E
100
AcDbEntity
  8
FURN
  6
ByLayer
 62
  256
370
   -1
100
AcDbLine
 10
26050
 20
3450
 11
26500
 21
3450
  0
LINE
  5
31F
100
AcDbEntity
  8
FURN
  6
ByLayer
 62
  256
370
   -1
100
AcDbLine
 10
26500
 20
3450
 11
26500
 21
1550
  0
LINE
  5
320
100
AcDbEntity
  8
FURN
  6
ByLayer
 62
  256
370
   -1
100
AcDbLine
 10
26500
 20
1550
 11
26050
 21
1550
  0
LINE
  5
321
100
AcDbEntity
  8
FURN
  6
ByLayer
 62
  256
370
   -1
100
AcDbLine
 10
26050
 20
1550
 11
26050
 21
3450
  0
LINE
  5
322
100
AcDbEntity
  8
FURN
  6
ByLayer
 62
  256
370
   -1
100
AcDbLine
 10
26500
 20
2500
 11
26050
 21
2500
  0
LINE
  5
323
100
AcDbEntity
  8
FURN
  6
ByLayer
 62
  256
370
   -1
100
AcDbLine
 10
28150
 20
900
 11
29350
 21
900
  0
LINE
  5
324
100
AcDbEntity
  8
FURN
  6
ByLayer
 62
  256
370
   -1
100
AcDbLine
 10
29350
 20
900
 11
29350
 21
500
  0
LINE
  5
325
100
AcDbEntity
  8
FURN
  6
ByLayer
 62
  256
370
   -1
100
AcDbLine
 10
29350
 20
500
 11
28150
 21
500
  0
LINE
  5
326
100
AcDbEntity
  8
FURN
  6
ByLayer
 62
  256
370
   -1
100
AcDbLine
 10
28150
 20
500
 11
28150
 21
900
  0
LINE
  5
327
100
AcDbEntity
  8
WINDOW
  6
ByLayer
 62
  256
370
   -1
100
AcDbLine
 10
29500
 20
75
 11
27950
 21
75
  0
LINE
  5
328
100
AcDbEntity
  8
WINDOW
  6
ByLayer
 62
  256
370
   -1
100
AcDbLine
 10
28050
 20
0
 11
26500
 21
0
  0
LINE
  5
329
100
AcDbEntity
  8
FURN
  6
ByLayer
 62
  256
370
   -1
100
AcDbLine
 10
29950
 20
0
 11
29950
 21
-1450
  0
LINE
  5
32A
100
AcDbEntity
  8
FURN
  6
ByLayer
 62
  256
370
   -1
100
AcDbLine
 10
26050
 20
0
 11
26050
 21
-1450
  0
LINE
  5
32B
100
AcDbEntity
  8
FURN
  6
ByLayer
 62
  256
370
   -1
100
AcDbLine
 10
29950
 20
-1425
 11
26050
 21
-1425
  0
LINE
  5
32C
100
AcDbEntity
  8
FURN
  6
ByLayer
 62
  256
370
   -1
100
AcDbLine
 10
29950
 20
-1300
 11
26050
 21
-1300
  0
LINE
  5
32D
100
AcDbEntity
  8
HVAC
  6
ByLayer
 62
  256
370
   -1
100
AcDbLine
 10
26150
 20
-600
 11
27050
 21
-600
  0
LINE
  5
32E
100
AcDbEntity
  8
HVAC
  6
ByLayer
 62
  256
370
   -1
100
AcDbLine
 10
27050
 20
-600
 11
27050
 21
-1000
  0
LINE
  5
32F
100
AcDbEntity
  8
HVAC
  6
ByLayer
 62
  256
370
   -1
100
AcDbLine
 10
27050
 20
-1000
 11
26150
 21
-1000
  0
LINE
  5
330
100
AcDbEntity
  8
HVAC
  6
ByLayer
 62
  256
370
   -1
100
AcDbLine
 10
26150
 20
-1000
 11
26150
 21
-600
  0
LINE
  5
331
100
AcDbEntity
  8
HVAC
  6
ByLayer
 62
  256
370
   -1
100
AcDbLine
 10
26900
 20
-600
 11
26900
 21
-1000
  0
LINE
  5
332
100
AcDbEntity
  8
HVAC
  6
ByLayer
 62
  256
370
   -1
100
AcDbLine
 10
26725
 20
-600
 11
26725
 21
-1000
  0
LINE
  5
333
100
AcDbEntity
  8
HVAC
  6
ByLayer
 62
  256
370
   -1
100
AcDbLine
 10
26550
 20
-600
 11
26550
 21
-1000
  0
LINE
  5
334
100
AcDbEntity
  8
HVAC
  6
ByLayer
 62
  256
370
   -1
100
AcDbLine
 10
26375
 20
-600
 11
26375
 21
-1000
  0
LINE
  5
335
100
AcDbEntity
  8
DOOR
  6
ByLayer
 62
  256
370
   -1
100
AcDbLine
 10
23900
 20
4250
 11
24650
 21
4250
  0
ARC
  5
336
100
AcDbEntity
  8
DOOR
  6
ByLayer
 62
  256
370
   -1
100
AcDbCircle
 10
24650
 20
5000
 40
750
100
AcDbArc
 50
180
 51
270
  0
LINE
  5
337
100
AcDbEntity
  8
FURN
  6
ByLayer
 62
  256
370
   -1
100
AcDbLine
 10
24975
 20
6375
 11
25775
 21
6375
  0
LINE
  5
338
100
AcDbEntity
  8
FURN
  6
ByLayer
 62
  256
370
   -1
100
AcDbLine
 10
25775
 20
6375
 11
25775
 21
5575
  0
LINE
  5
339
100
AcDbEntity
  8
FURN
  6
ByLayer
 62
  256
370
   -1
100
AcDbLine
 10
25775
 20
5575
 11
24975
 21
5575
  0
LINE
  5
33A
100
AcDbEntity
  8
FURN
  6
ByLayer
 62
  256
370
   -1
100
AcDbLine
 10
24975
 20
5575
 11
24975
 21
6375
  0
LINE
  5
33B
100
AcDbEntity
  8
FURN
  6
ByLayer
 62
  256
370
   -1
100
AcDbLine
 10
25775
 20
6375
 11
24975
 21
5575
  0
CIRCLE
  5
33C
100
AcDbEntity
  8
FURN
  6
ByLayer
 62
  256
370
   -1
100
AcDbCircle
 10
25375
 20
5975
 40
62.5
  0
LINE
  5
33D
100
AcDbEntity
  8
FURN
  6
ByLayer
 62
  256
370
   -1
100
AcDbLine
 10
24250
 20
6400
 11
24750
 21
6400
  0
LINE
  5
33E
100
AcDbEntity
  8
FURN
  6
ByLayer
 62
  256
370
   -1
100
AcDbLine
 10
24750
 20
6400
 11
24750
 21
6200
  0
LINE
  5
33F
100
AcDbEntity
  8
FURN
  6
ByLayer
 62
  256
370
   -1
100
AcDbLine
 10
24750
 20
6200
 11
24250
 21
6200
  0
LINE
  5
340
100
AcDbEntity
  8
FURN
  6
ByLayer
 62
  256
370
   -1
100
AcDbLine
 10
24250
 20
6200
 11
24250
 21
6400
  0
LINE
  5
341
100
AcDbEntity
  8
FURN
  6
ByLayer
 62
  256
370
   -1
100
AcDbLine
 10
24725
 20
5850
 11
24707.9
 21
5744.8
  0
LINE
  5
342
100
AcDbEntity
  8
FURN
  6
ByLayer
 62
  256
370
   -1
100
AcDbLine
 10
24707.9
 20
5744.8
 11
24659.1
 21
5655.5
  0
LINE
  5
343
100
AcDbEntity
  8
FURN
  6
ByLayer
 62
  256
370
   -1
100
AcDbLine
 10
24659.1
 20
5655.5
 11
24586.1
 21
5595.9
  0
LINE
  5
344
100
AcDbEntity
  8
FURN
  6
ByLayer
 62
  256
370
   -1
100
AcDbLine
 10
24586.1
 20
5595.9
 11
24500
 21
5575
  0
LINE
  5
345
100
AcDbEntity
  8
FURN
  6
ByLayer
 62
  256
370
   -1
100
AcDbLine
 10
24500
 20
5575
 11
24413.9
 21
5595.9
  0
LINE
  5
346
100
AcDbEntity
  8
FURN
  6
ByLayer
 62
  256
370
   -1
100
AcDbLine
 10
24413.9
 20
5595.9
 11
24340.9
 21
5655.5
  0
LINE
  5
347
100
AcDbEntity
  8
FURN
  6
ByLayer
 62
  256
370
   -1
100
AcDbLine
 10
24340.9
 20
5655.5
 11
24292.1
 21
5744.8
  0
LINE
  5
348
100
AcDbEntity
  8
FURN
  6
ByLayer
 62
  256
370
   -1
100
AcDbLine
 10
24292.1
 20
5744.8
 11
24275
 21
5850
  0
LINE
  5
349
100
AcDbEntity
  8
FURN
  6
ByLayer
 62
  256
370
   -1
100
AcDbLine
 10
24275
 20
5850
 11
24292.1
 21
5955.2
  0
LINE
  5
34A
100
AcDbEntity
  8
FURN
  6
ByLayer
 62
  256
370
   -1
100
AcDbLine
 10
24292.1
 20
5955.2
 11
24340.9
 21
6044.5
  0
LINE
  5
34B
100
AcDbEntity
  8
FURN
  6
ByLayer
 62
  256
370
   -1
100
AcDbLine
 10
24340.9
 20
6044.5
 11
24413.9
 21
6104.1
  0
LINE
  5
34C
100
AcDbEntity
  8
FURN
  6
ByLayer
 62
  256
370
   -1
100
AcDbLine
 10
24413.9
 20
6104.1
 11
24500
 21
6125
  0
LINE
  5
34D
100
AcDbEntity
  8
FURN
  6
ByLayer
 62
  256
370
   -1
100
AcDbLine
 10
24500
 20
6125
 11
24586.1
 21
6104.1
  0
LINE
  5
34E
100
AcDbEntity
  8
FURN
  6
ByLayer
 62
  256
370
   -1
100
AcDbLine
 10
24586.1
 20
6104.1
 11
24659.1
 21
6044.5
  0
LINE
  5
34F
100
AcDbEntity
  8
FURN
  6
ByLayer
 62
  256
370
   -1
100
AcDbLine
 10
24659.1
 20
6044.5
 11
24707.9
 21
5955.2
  0
LINE
  5
350
100
AcDbEntity
  8
FURN
  6
ByLayer
 62
  256
370
   -1
100
AcDbLine
 10
24707.9
 20
5955.2
 11
24725
 21
5850
  0
LINE
  5
351
100
AcDbEntity
  8
FURN
  6
ByLayer
 62
  256
370
   -1
100
AcDbLine
 10
24900
 20
5050
 11
25800
 21
5050
  0
LINE
  5
352
100
AcDbEntity
  8
FURN
  6
ByLayer
 62
  256
370
   -1
100
AcDbLine
 10
25800
 20
5050
 11
25800
 21
4550
  0
LINE
  5
353
100
AcDbEntity
  8
FURN
  6
ByLayer
 62
  256
370
   -1
100
AcDbLine
 10
25800
 20
4550
 11
24900
 21
4550
  0
LINE
  5
354
100
AcDbEntity
  8
FURN
  6
ByLayer
 62
  256
370
   -1
100
AcDbLine
 10
24900
 20
4550
 11
24900
 21
5050
  0
LINE
  5
355
100
AcDbEntity
  8
FURN
  6
ByLayer
 62
  256
370
   -1
100
AcDbLine
 10
25650
 20
4800
 11
25627.2
 21
4733
  0
LINE
  5
356
100
AcDbEntity
  8
FURN
  6
ByLayer
 62
  256
370
   -1
100
AcDbLine
 10
25627.2
 20
4733
 11
25562.1
 21
4676.3
  0
LINE
  5
357
100
AcDbEntity
  8
FURN
  6
ByLayer
 62
  256
370
   -1
100
AcDbLine
 10
25562.1
 20
4676.3
 11
25464.8
 21
4638.3
  0
LINE
  5
358
100
AcDbEntity
  8
FURN
  6
ByLayer
 62
  256
370
   -1
100
AcDbLine
 10
25464.8
 20
4638.3
 11
25350
 21
4625
  0
LINE
  5
359
100
AcDbEntity
  8
FURN
  6
ByLayer
 62
  256
370
   -1
100
AcDbLine
 10
25350
 20
4625
 11
25235.2
 21
4638.3
  0
LINE
  5
35A
100
AcDbEntity
  8
FURN
  6
ByLayer
 62
  256
370
   -1
100
AcDbLine
 10
25235.2
 20
4638.3
 11
25137.9
 21
4676.3
  0
LINE
  5
35B
100
AcDbEntity
  8
FURN
  6
ByLayer
 62
  256
370
   -1
100
AcDbLine
 10
25137.9
 20
4676.3
 11
25072.8
 21
4733
  0
LINE
  5
35C
100
AcDbEntity
  8
FURN
  6
ByLayer
 62
  256
370
   -1
100
AcDbLine
 10
25072.8
 20
4733
 11
25050
 21
4800
  0
LINE
  5
35D
100
AcDbEntity
  8
FURN
  6
ByLayer
 62
  256
370
   -1
100
AcDbLine
 10
25050
 20
4800
 11
25072.8
 21
4867
  0
LINE
  5
35E
100
AcDbEntity
  8
FURN
  6
ByLayer
 62
  256
370
   -1
100
AcDbLine
 10
25072.8
 20
4867
 11
25137.9
 21
4923.7
  0
LINE
  5
35F
100
AcDbEntity
  8
FURN
  6
ByLayer
 62
  256
370
   -1
100
AcDbLine
 10
25137.9
 20
4923.7
 11
25235.2
 21
4961.7
  0
LINE
  5
360
100
AcDbEntity
  8
FURN
  6
ByLayer
 62
  256
370
   -1
100
AcDbLine
 10
25235.2
 20
4961.7
 11
25350
 21
4975
  0
LINE
  5
361
100
AcDbEntity
  8
FURN
  6
ByLayer
 62
  256
370
   -1
100
AcDbLine
 10
25350
 20
4975
 11
25464.8
 21
4961.7
  0
LINE
  5
362
100
AcDbEntity
  8
FURN
  6
ByLayer
 62
  256
370
   -1
100
AcDbLine
 10
25464.8
 20
4961.7
 11
25562.1
 21
4923.7
  0
LINE
  5
363
100
AcDbEntity
  8
FURN
  6
ByLayer
 62
  256
370
   -1
100
AcDbLine
 10
25562.1
 20
4923.7
 11
25627.2
 21
4867
  0
LINE
  5
364
100
AcDbEntity
  8
FURN
  6
ByLayer
 62
  256
370
   -1
100
AcDbLine
 10
25627.2
 20
4867
 11
25650
 21
4800
  0
LINE
  5
365
100
AcDbEntity
  8
FURN
  6
ByLayer
 62
  256
370
   -1
100
AcDbLine
 10
23200
 20
6450
 11
23600
 21
6450
  0
LINE
  5
366
100
AcDbEntity
  8
FURN
  6
ByLayer
 62
  256
370
   -1
100
AcDbLine
 10
23600
 20
6450
 11
23600
 21
4850
  0
LINE
  5
367
100
AcDbEntity
  8
FURN
  6
ByLayer
 62
  256
370
   -1
100
AcDbLine
 10
23600
 20
4850
 11
23200
 21
4850
  0
LINE
  5
368
100
AcDbEntity
  8
FURN
  6
ByLayer
 62
  256
370
   -1
100
AcDbLine
 10
23200
 20
4850
 11
23200
 21
6450
  0
LINE
  5
369
100
AcDbEntity
  8
FURN
  6
ByLayer
 62
  256
370
   -1
100
AcDbLine
 10
23600
 20
5650
 11
23200
 21
5650
  0
LINE
  5
36A
100
AcDbEntity
  8
FURN
  6
ByLayer
 62
  256
370
   -1
100
AcDbLine
 10
23900
 20
3300
 11
25900
 21
3300
  0
LINE
  5
36B
100
AcDbEntity
  8
FURN
  6
ByLayer
 62
  256
370
   -1
100
AcDbLine
 10
25900
 20
3300
 11
25900
 21
1500
  0
LINE
  5
36C
100
AcDbEntity
  8
FURN
  6
ByLayer
 62
  256
370
   -1
100
AcDbLine
 10
25900
 20
1500
 11
23900
 21
1500
  0
LINE
  5
36D
100
AcDbEntity
  8
FURN
  6
ByLayer
 62
  256
370
   -1
100
AcDbLine
 10
23900
 20
1500
 11
23900
 21
3300
  0
LINE
  5
36E
100
AcDbEntity
  8
FURN
  6
ByLayer
 62
  256
370
   -1
100
AcDbLine
 10
25725
 20
3300
 11
25900
 21
3300
  0
LINE
  5
36F
100
AcDbEntity
  8
FURN
  6
ByLayer
 62
  256
370
   -1
100
AcDbLine
 10
25900
 20
3300
 11
25900
 21
1500
  0
LINE
  5
370
100
AcDbEntity
  8
FURN
  6
ByLayer
 62
  256
370
   -1
100
AcDbLine
 10
25900
 20
1500
 11
25725
 21
1500
  0
LINE
  5
371
100
AcDbEntity
  8
FURN
  6
ByLayer
 62
  256
370
   -1
100
AcDbLine
 10
25725
 20
1500
 11
25725
 21
3300
  0
LINE
  5
372
100
AcDbEntity
  8
FURN
  6
ByLayer
 62
  256
370
   -1
100
AcDbLine
 10
25000
 20
3150
 11
25650
 21
3150
  0
LINE
  5
373
100
AcDbEntity
  8
FURN
  6
ByLayer
 62
  256
370
   -1
100
AcDbLine
 10
25650
 20
3150
 11
25650
 21
2450
  0
LINE
  5
374
100
AcDbEntity
  8
FURN
  6
ByLayer
 62
  256
370
   -1
100
AcDbLine
 10
25650
 20
2450
 11
25000
 21
2450
  0
LINE
  5
375
100
AcDbEntity
  8
FURN
  6
ByLayer
 62
  256
370
   -1
100
AcDbLine
 10
25000
 20
2450
 11
25000
 21
3150
  0
LINE
  5
376
100
AcDbEntity
  8
FURN
  6
ByLayer
 62
  256
370
   -1
100
AcDbLine
 10
25000
 20
2350
 11
25650
 21
2350
  0
LINE
  5
377
100
AcDbEntity
  8
FURN
  6
ByLayer
 62
  256
370
   -1
100
AcDbLine
 10
25650
 20
2350
 11
25650
 21
1650
  0
LINE
  5
378
100
AcDbEntity
  8
FURN
  6
ByLayer
 62
  256
370
   -1
100
AcDbLine
 10
25650
 20
1650
 11
25000
 21
1650
  0
LINE
  5
379
100
AcDbEntity
  8
FURN
  6
ByLayer
 62
  256
370
   -1
100
AcDbLine
 10
25000
 20
1650
 11
25000
 21
2350
  0
LINE
  5
37A
100
AcDbEntity
  8
FURN
  6
ByLayer
 62
  256
370
   -1
100
AcDbLine
 10
24350
 20
3300
 11
24350
 21
1500
  0
LINE
  5
37B
100
AcDbEntity
  8
FURN
  6
ByLayer
 62
  256
370
   -1
100
AcDbLine
 10
25400
 20
3900
 11
25900
 21
3900
  0
LINE
  5
37C
100
AcDbEntity
  8
FURN
  6
ByLayer
 62
  256
370
   -1
100
AcDbLine
 10
25900
 20
3900
 11
25900
 21
3450
  0
LINE
  5
37D
100
AcDbEntity
  8
FURN
  6
ByLayer
 62
  256
370
   -1
100
AcDbLine
 10
25900
 20
3450
 11
25400
 21
3450
  0
LINE
  5
37E
100
AcDbEntity
  8
FURN
  6
ByLayer
 62
  256
370
   -1
100
AcDbLine
 10
25400
 20
3450
 11
25400
 21
3900
  0
LINE
  5
37F
100
AcDbEntity
  8
FURN
  6
ByLayer
 62
  256
370
   -1
100
AcDbLine
 10
25400
 20
1350
 11
25900
 21
1350
  0
LINE
  5
380
100
AcDbEntity
  8
FURN
  6
ByLayer
 62
  256
370
   -1
100
AcDbLine
 10
25900
 20
1350
 11
25900
 21
900
  0
LINE
  5
381
100
AcDbEntity
  8
FURN
  6
ByLayer
 62
  256
370
   -1
100
AcDbLine
 10
25900
 20
900
 11
25400
 21
900
  0
LINE
  5
382
100
AcDbEntity
  8
FURN
  6
ByLayer
 62
  256
370
   -1
100
AcDbLine
 10
25400
 20
900
 11
25400
 21
1350
  0
LINE
  5
383
100
AcDbEntity
  8
FURN
  6
ByLayer
 62
  256
370
   -1
100
AcDbLine
 10
22050
 20
3450
 11
22500
 21
3450
  0
LINE
  5
384
100
AcDbEntity
  8
FURN
  6
ByLayer
 62
  256
370
   -1
100
AcDbLine
 10
22500
 20
3450
 11
22500
 21
1550
  0
LINE
  5
385
100
AcDbEntity
  8
FURN
  6
ByLayer
 62
  256
370
   -1
100
AcDbLine
 10
22500
 20
1550
 11
22050
 21
1550
  0
LINE
  5
386
100
AcDbEntity
  8
FURN
  6
ByLayer
 62
  256
370
   -1
100
AcDbLine
 10
22050
 20
1550
 11
22050
 21
3450
  0
LINE
  5
387
100
AcDbEntity
  8
FURN
  6
ByLayer
 62
  256
370
   -1
100
AcDbLine
 10
22500
 20
2500
 11
22050
 21
2500
  0
LINE
  5
388
100
AcDbEntity
  8
FURN
  6
ByLayer
 62
  256
370
   -1
100
AcDbLine
 10
24150
 20
900
 11
25350
 21
900
  0
LINE
  5
389
100
AcDbEntity
  8
FURN
  6
ByLayer
 62
  256
370
   -1
100
AcDbLine
 10
25350
 20
900
 11
25350
 21
500
  0
LINE
  5
38A
100
AcDbEntity
  8
FURN
  6
ByLayer
 62
  256
370
   -1
100
AcDbLine
 10
25350
 20
500
 11
24150
 21
500
  0
LINE
  5
38B
100
AcDbEntity
  8
FURN
  6
ByLayer
 62
  256
370
   -1
100
AcDbLine
 10
24150
 20
500
 11
24150
 21
900
  0
LINE
  5
38C
100
AcDbEntity
  8
WINDOW
  6
ByLayer
 62
  256
370
   -1
100
AcDbLine
 10
25500
 20
75
 11
23950
 21
75
  0
LINE
  5
38D
100
AcDbEntity
  8
WINDOW
  6
ByLayer
 62
  256
370
   -1
100
AcDbLine
 10
24050
 20
0
 11
22500
 21
0
  0
LINE
  5
38E
100
AcDbEntity
  8
FURN
  6
ByLayer
 62
  256
370
   -1
100
AcDbLine
 10
25950
 20
0
 11
25950
 21
-1450
  0
LINE
  5
38F
100
AcDbEntity
  8
FURN
  6
ByLayer
 62
  256
370
   -1
100
AcDbLine
 10
22050
 20
0
 11
22050
 21
-1450
  0
LINE
  5
390
100
AcDbEntity
  8
FURN
  6
ByLayer
 62
  256
370
   -1
100
AcDbLine
 10
25950
 20
-1425
 11
22050
 21
-1425
  0
LINE
  5
391
100
AcDbEntity
  8
FURN
  6
ByLayer
 62
  256
370
   -1
100
AcDbLine
 10
25950
 20
-1300
 11
22050
 21
-1300
  0
LINE
  5
392
100
AcDbEntity
  8
HVAC
  6
ByLayer
 62
  256
370
   -1
100
AcDbLine
 10
22150
 20
-600
 11
23050
 21
-600
  0
LINE
  5
393
100
AcDbEntity
  8
HVAC
  6
ByLayer
 62
  256
370
   -1
100
AcDbLine
 10
23050
 20
-600
 11
23050
 21
-1000
  0
LINE
  5
394
100
AcDbEntity
  8
HVAC
  6
ByLayer
 62
  256
370
   -1
100
AcDbLine
 10
23050
 20
-1000
 11
22150
 21
-1000
  0
LINE
  5
395
100
AcDbEntity
  8
HVAC
  6
ByLayer
 62
  256
370
   -1
100
AcDbLine
 10
22150
 20
-1000
 11
22150
 21
-600
  0
LINE
  5
396
100
AcDbEntity
  8
HVAC
  6
ByLayer
 62
  256
370
   -1
100
AcDbLine
 10
22900
 20
-600
 11
22900
 21
-1000
  0
LINE
  5
397
100
AcDbEntity
  8
HVAC
  6
ByLayer
 62
  256
370
   -1
100
AcDbLine
 10
22725
 20
-600
 11
22725
 21
-1000
  0
LINE
  5
398
100
AcDbEntity
  8
HVAC
  6
ByLayer
 62
  256
370
   -1
100
AcDbLine
 10
22550
 20
-600
 11
22550
 21
-1000
  0
LINE
  5
399
100
AcDbEntity
  8
HVAC
  6
ByLayer
 62
  256
370
   -1
100
AcDbLine
 10
22375
 20
-600
 11
22375
 21
-1000
  0
LINE
  5
39A
100
AcDbEntity
  8
DOOR
  6
ByLayer
 62
  256
370
   -1
100
AcDbLine
 10
31900
 20
10750
 11
32650
 21
10750
  0
ARC
  5
39B
100
AcDbEntity
  8
DOOR
  6
ByLayer
 62
  256
370
   -1
100
AcDbCircle
 10
32650
 20
10000
 40
750
100
AcDbArc
 50
90
 51
180
  0
LINE
  5
39C
100
AcDbEntity
  8
FURN
  6
ByLayer
 62
  256
370
   -1
100
AcDbLine
 10
32975
 20
9425
 11
33775
 21
9425
  0
LINE
  5
39D
100
AcDbEntity
  8
FURN
  6
ByLayer
 62
  256
370
   -1
100
AcDbLine
 10
33775
 20
9425
 11
33775
 21
8625
  0
LINE
  5
39E
100
AcDbEntity
  8
FURN
  6
ByLayer
 62
  256
370
   -1
100
AcDbLine
 10
33775
 20
8625
 11
32975
 21
8625
  0
LINE
  5
39F
100
AcDbEntity
  8
FURN
  6
ByLayer
 62
  256
370
   -1
100
AcDbLine
 10
32975
 20
8625
 11
32975
 21
9425
  0
LINE
  5
3A0
100
AcDbEntity
  8
FURN
  6
ByLayer
 62
  256
370
   -1
100
AcDbLine
 10
33775
 20
8625
 11
32975
 21
9425
  0
CIRCLE
  5
3A1
100
AcDbEntity
  8
FURN
  6
ByLayer
 62
  256
370
   -1
100
AcDbCircle
 10
33375
 20
9025
 40
62.5
  0
LINE
  5
3A2
100
AcDbEntity
  8
FURN
  6
ByLayer
 62
  256
370
   -1
100
AcDbLine
 10
32250
 20
8800
 11
32750
 21
8800
  0
LINE
  5
3A3
100
AcDbEntity
  8
FURN
  6
ByLayer
 62
  256
370
   -1
100
AcDbLine
 10
32750
 20
8800
 11
32750
 21
8600
  0
LINE
  5
3A4
100
AcDbEntity
  8
FURN
  6
ByLayer
 62
  256
370
   -1
100
AcDbLine
 10
32750
 20
8600
 11
32250
 21
8600
  0
LINE
  5
3A5
100
AcDbEntity
  8
FURN
  6
ByLayer
 62
  256
370
   -1
100
AcDbLine
 10
32250
 20
8600
 11
32250
 21
8800
  0
LINE
  5
3A6
100
AcDbEntity
  8
FURN
  6
ByLayer
 62
  256
370
   -1
100
AcDbLine
 10
32725
 20
9150
 11
32707.9
 21
9044.799999999999
  0
LINE
  5
3A7
100
AcDbEntity
  8
FURN
  6
ByLayer
 62
  256
370
   -1
100
AcDbLine
 10
32707.9
 20
9044.799999999999
 11
32659.1
 21
8955.5
  0
LINE
  5
3A8
100
AcDbEntity
  8
FURN
  6
ByLayer
 62
  256
370
   -1
100
AcDbLine
 10
32659.1
 20
8955.5
 11
32586.1
 21
8895.9
  0
LINE
  5
3A9
100
AcDbEntity
  8
FURN
  6
ByLayer
 62
  256
370
   -1
100
AcDbLine
 10
32586.1
 20
8895.9
 11
32500
 21
8875
  0
LINE
  5
3AA
100
AcDbEntity
  8
FURN
  6
ByLayer
 62
  256
370
   -1
100
AcDbLine
 10
32500
 20
8875
 11
32413.9
 21
8895.9
  0
LINE
  5
3AB
100
AcDbEntity
  8
FURN
  6
ByLayer
 62
  256
370
   -1
100
AcDbLine
 10
32413.9
 20
8895.9
 11
32340.9
 21
8955.5
  0
LINE
  5
3AC
100
AcDbEntity
  8
FURN
  6
ByLayer
 62
  256
370
   -1
100
AcDbLine
 10
32340.9
 20
8955.5
 11
32292.1
 21
9044.799999999999
  0
LINE
  5
3AD
100
AcDbEntity
  8
FURN
  6
ByLayer
 62
  256
370
   -1
100
AcDbLine
 10
32292.1
 20
9044.799999999999
 11
32275
 21
9150
  0
LINE
  5
3AE
100
AcDbEntity
  8
FURN
  6
ByLayer
 62
  256
370
   -1
100
AcDbLine
 10
32275
 20
9150
 11
32292.1
 21
9255.200000000001
  0
LINE
  5
3AF
100
AcDbEntity
  8
FURN
  6
ByLayer
 62
  256
370
   -1
100
AcDbLine
 10
32292.1
 20
9255.200000000001
 11
32340.9
 21
9344.5
  0
LINE
  5
3B0
100
AcDbEntity
  8
FURN
  6
ByLayer
 62
  256
370
   -1
100
AcDbLine
 10
32340.9
 20
9344.5
 11
32413.9
 21
9404.1
  0
LINE
  5
3B1
100
AcDbEntity
  8
FURN
  6
ByLayer
 62
  256
370
   -1
100
AcDbLine
 10
32413.9
 20
9404.1
 11
32500
 21
9425
  0
LINE
  5
3B2
100
AcDbEntity
  8
FURN
  6
ByLayer
 62
  256
370
   -1
100
AcDbLine
 10
32500
 20
9425
 11
32586.1
 21
9404.1
  0
LINE
  5
3B3
100
AcDbEntity
  8
FURN
  6
ByLayer
 62
  256
370
   -1
100
AcDbLine
 10
32586.1
 20
9404.1
 11
32659.1
 21
9344.5
  0
LINE
  5
3B4
100
AcDbEntity
  8
FURN
  6
ByLayer
 62
  256
370
   -1
100
AcDbLine
 10
32659.1
 20
9344.5
 11
32707.9
 21
9255.200000000001
  0
LINE
  5
3B5
100
AcDbEntity
  8
FURN
  6
ByLayer
 62
  256
370
   -1
100
AcDbLine
 10
32707.9
 20
9255.200000000001
 11
32725
 21
9150
  0
LINE
  5
3B6
100
AcDbEntity
  8
FURN
  6
ByLayer
 62
  256
370
   -1
100
AcDbLine
 10
32900
 20
10450
 11
33800
 21
10450
  0
LINE
  5
3B7
100
AcDbEntity
  8
FURN
  6
ByLayer
 62
  256
370
   -1
100
AcDbLine
 10
33800
 20
10450
 11
33800
 21
9950
  0
LINE
  5
3B8
100
AcDbEntity
  8
FURN
  6
ByLayer
 62
  256
370
   -1
100
AcDbLine
 10
33800
 20
9950
 11
32900
 21
9950
  0
LINE
  5
3B9
100
AcDbEntity
  8
FURN
  6
ByLayer
 62
  256
370
   -1
100
AcDbLine
 10
32900
 20
9950
 11
32900
 21
10450
  0
LINE
  5
3BA
100
AcDbEntity
  8
FURN
  6
ByLayer
 62
  256
370
   -1
100
AcDbLine
 10
33650
 20
10200
 11
33627.2
 21
10133
  0
LINE
  5
3BB
100
AcDbEntity
  8
FURN
  6
ByLayer
 62
  256
370
   -1
100
AcDbLine
 10
33627.2
 20
10133
 11
33562.1
 21
10076.3
  0
LINE
  5
3BC
100
AcDbEntity
  8
FURN
  6
ByLayer
 62
  256
370
   -1
100
AcDbLine
 10
33562.1
 20
10076.3
 11
33464.8
 21
10038.3
  0
LINE
  5
3BD
100
AcDbEntity
  8
FURN
  6
ByLayer
 62
  256
370
   -1
100
AcDbLine
 10
33464.8
 20
10038.3
 11
33350
 21
10025
  0
LINE
  5
3BE
100
AcDbEntity
  8
FURN
  6
ByLayer
 62
  256
370
   -1
100
AcDbLine
 10
33350
 20
10025
 11
33235.2
 21
10038.3
  0
LINE
  5
3BF
100
AcDbEntity
  8
FURN
  6
ByLayer
 62
  256
370
   -1
100
AcDbLine
 10
33235.2
 20
10038.3
 11
33137.9
 21
10076.3
  0
LINE
  5
3C0
100
AcDbEntity
  8
FURN
  6
ByLayer
 62
  256
370
   -1
100
AcDbLine
 10
33137.9
 20
10076.3
 11
33072.8
 21
10133
  0
LINE
  5
3C1
100
AcDbEntity
  8
FURN
  6
ByLayer
 62
  256
370
   -1
100
AcDbLine
 10
33072.8
 20
10133
 11
33050
 21
10200
  0
LINE
  5
3C2
100
AcDbEntity
  8
FURN
  6
ByLayer
 62
  256
370
   -1
100
AcDbLine
 10
33050
 20
10200
 11
33072.8
 21
10267
  0
LINE
  5
3C3
100
AcDbEntity
  8
FURN
  6
ByLayer
 62
  256
370
   -1
100
AcDbLine
 10
33072.8
 20
10267
 11
33137.9
 21
10323.7
  0
LINE
  5
3C4
100
AcDbEntity
  8
FURN
  6
ByLayer
 62
  256
370
   -1
100
AcDbLine
 10
33137.9
 20
10323.7
 11
33235.2
 21
10361.7
  0
LINE
  5
3C5
100
AcDbEntity
  8
FURN
  6
ByLayer
 62
  256
370
   -1
100
AcDbLine
 10
33235.2
 20
10361.7
 11
33350
 21
10375
  0
LINE
  5
3C6
100
AcDbEntity
  8
FURN
  6
ByLayer
 62
  256
370
   -1
100
AcDbLine
 10
33350
 20
10375
 11
33464.8
 21
10361.7
  0
LINE
  5
3C7
100
AcDbEntity
  8
FURN
  6
ByLayer
 62
  256
370
   -1
100
AcDbLine
 10
33464.8
 20
10361.7
 11
33562.1
 21
10323.7
  0
LINE
  5
3C8
100
AcDbEntity
  8
FURN
  6
ByLayer
 62
  256
370
   -1
100
AcDbLine
 10
33562.1
 20
10323.7
 11
33627.2
 21
10267
  0
LINE
  5
3C9
100
AcDbEntity
  8
FURN
  6
ByLayer
 62
  256
370
   -1
100
AcDbLine
 10
33627.2
 20
10267
 11
33650
 21
10200
  0
LINE
  5
3CA
100
AcDbEntity
  8
FURN
  6
ByLayer
 62
  256
370
   -1
100
AcDbLine
 10
31200
 20
10150
 11
31600
 21
10150
  0
LINE
  5
3CB
100
AcDbEntity
  8
FURN
  6
ByLayer
 62
  256
370
   -1
100
AcDbLine
 10
31600
 20
10150
 11
31600
 21
8550
  0
LINE
  5
3CC
100
AcDbEntity
  8
FURN
  6
ByLayer
 62
  256
370
   -1
100
AcDbLine
 10
31600
 20
8550
 11
31200
 21
8550
  0
LINE
  5
3CD
100
AcDbEntity
  8
FURN
  6
ByLayer
 62
  256
370
   -1
100
AcDbLine
 10
31200
 20
8550
 11
31200
 21
10150
  0
LINE
  5
3CE
100
AcDbEntity
  8
FURN
  6
ByLayer
 62
  256
370
   -1
100
AcDbLine
 10
31600
 20
9350
 11
31200
 21
9350
  0
LINE
  5
3CF
100
AcDbEntity
  8
FURN
  6
ByLayer
 62
  256
370
   -1
100
AcDbLine
 10
31900
 20
13500
 11
33900
 21
13500
  0
LINE
  5
3D0
100
AcDbEntity
  8
FURN
  6
ByLayer
 62
  256
370
   -1
100
AcDbLine
 10
33900
 20
13500
 11
33900
 21
11700
  0
LINE
  5
3D1
100
AcDbEntity
  8
FURN
  6
ByLayer
 62
  256
370
   -1
100
AcDbLine
 10
33900
 20
11700
 11
31900
 21
11700
  0
LINE
  5
3D2
100
AcDbEntity
  8
FURN
  6
ByLayer
 62
  256
370
   -1
100
AcDbLine
 10
31900
 20
11700
 11
31900
 21
13500
  0
LINE
  5
3D3
100
AcDbEntity
  8
FURN
  6
ByLayer
 62
  256
370
   -1
100
AcDbLine
 10
33725
 20
13500
 11
33900
 21
13500
  0
LINE
  5
3D4
100
AcDbEntity
  8
FURN
  6
ByLayer
 62
  256
370
   -1
100
AcDbLine
 10
33900
 20
13500
 11
33900
 21
11700
  0
LINE
  5
3D5
100
AcDbEntity
  8
FURN
  6
ByLayer
 62
  256
370
   -1
100
AcDbLine
 10
33900
 20
11700
 11
33725
 21
11700
  0
LINE
  5
3D6
100
AcDbEntity
  8
FURN
  6
ByLayer
 62
  256
370
   -1
100
AcDbLine
 10
33725
 20
11700
 11
33725
 21
13500
  0
LINE
  5
3D7
100
AcDbEntity
  8
FURN
  6
ByLayer
 62
  256
370
   -1
100
AcDbLine
 10
33000
 20
12550
 11
33650
 21
12550
  0
LINE
  5
3D8
100
AcDbEntity
  8
FURN
  6
ByLayer
 62
  256
370
   -1
100
AcDbLine
 10
33650
 20
12550
 11
33650
 21
11850
  0
LINE
  5
3D9
100
AcDbEntity
  8
FURN
  6
ByLayer
 62
  256
370
   -1
100
AcDbLine
 10
33650
 20
11850
 11
33000
 21
11850
  0
LINE
  5
3DA
100
AcDbEntity
  8
FURN
  6
ByLayer
 62
  256
370
   -1
100
AcDbLine
 10
33000
 20
11850
 11
33000
 21
12550
  0
LINE
  5
3DB
100
AcDbEntity
  8
FURN
  6
ByLayer
 62
  256
370
   -1
100
AcDbLine
 10
33000
 20
13350
 11
33650
 21
13350
  0
LINE
  5
3DC
100
AcDbEntity
  8
FURN
  6
ByLayer
 62
  256
370
   -1
100
AcDbLine
 10
33650
 20
13350
 11
33650
 21
12650
  0
LINE
  5
3DD
100
AcDbEntity
  8
FURN
  6
ByLayer
 62
  256
370
   -1
100
AcDbLine
 10
33650
 20
12650
 11
33000
 21
12650
  0
LINE
  5
3DE
100
AcDbEntity
  8
FURN
  6
ByLayer
 62
  256
370
   -1
100
AcDbLine
 10
33000
 20
12650
 11
33000
 21
13350
  0
LINE
  5
3DF
100
AcDbEntity
  8
FURN
  6
ByLayer
 62
  256
370
   -1
100
AcDbLine
 10
32350
 20
11700
 11
32350
 21
13500
  0
LINE
  5
3E0
100
AcDbEntity
  8
FURN
  6
ByLayer
 62
  256
370
   -1
100
AcDbLine
 10
33400
 20
11550
 11
33900
 21
11550
  0
LINE
  5
3E1
100
AcDbEntity
  8
FURN
  6
ByLayer
 62
  256
370
   -1
100
AcDbLine
 10
33900
 20
11550
 11
33900
 21
11100
  0
LINE
  5
3E2
100
AcDbEntity
  8
FURN
  6
ByLayer
 62
  256
370
   -1
100
AcDbLine
 10
33900
 20
11100
 11
33400
 21
11100
  0
LINE
  5
3E3
100
AcDbEntity
  8
FURN
  6
ByLayer
 62
  256
370
   -1
100
AcDbLine
 10
33400
 20
11100
 11
33400
 21
11550
  0
LINE
  5
3E4
100
AcDbEntity
  8
FURN
  6
ByLayer
 62
  256
370
   -1
100
AcDbLine
 10
33400
 20
14100
 11
33900
 21
14100
  0
LINE
  5
3E5
100
AcDbEntity
  8
FURN
  6
ByLayer
 62
  256
370
   -1
100
AcDbLine
 10
33900
 20
14100
 11
33900
 21
13650
  0
LINE
  5
3E6
100
AcDbEntity
  8
FURN
  6
ByLayer
 62
  256
370
   -1
100
AcDbLine
 10
33900
 20
13650
 11
33400
 21
13650
  0
LINE
  5
3E7
100
AcDbEntity
  8
FURN
  6
ByLayer
 62
  256
370
   -1
100
AcDbLine
 10
33400
 20
13650
 11
33400
 21
14100
  0
LINE
  5
3E8
100
AcDbEntity
  8
FURN
  6
ByLayer
 62
  256
370
   -1
100
AcDbLine
 10
30050
 20
13450
 11
30500
 21
13450
  0
LINE
  5
3E9
100
AcDbEntity
  8
FURN
  6
ByLayer
 62
  256
370
   -1
100
AcDbLine
 10
30500
 20
13450
 11
30500
 21
11550
  0
LINE
  5
3EA
100
AcDbEntity
  8
FURN
  6
ByLayer
 62
  256
370
   -1
100
AcDbLine
 10
30500
 20
11550
 11
30050
 21
11550
  0
LINE
  5
3EB
100
AcDbEntity
  8
FURN
  6
ByLayer
 62
  256
370
   -1
100
AcDbLine
 10
30050
 20
11550
 11
30050
 21
13450
  0
LINE
  5
3EC
100
AcDbEntity
  8
FURN
  6
ByLayer
 62
  256
370
   -1
100
AcDbLine
 10
30500
 20
12500
 11
30050
 21
12500
  0
LINE
  5
3ED
100
AcDbEntity
  8
FURN
  6
ByLayer
 62
  256
370
   -1
100
AcDbLine
 10
32150
 20
14500
 11
33350
 21
14500
  0
LINE
  5
3EE
100
AcDbEntity
  8
FURN
  6
ByLayer
 62
  256
370
   -1
100
AcDbLine
 10
33350
 20
14500
 11
33350
 21
14100
  0
LINE
  5
3EF
100
AcDbEntity
  8
FURN
  6
ByLayer
 62
  256
370
   -1
100
AcDbLine
 10
33350
 20
14100
 11
32150
 21
14100
  0
LINE
  5
3F0
100
AcDbEntity
  8
FURN
  6
ByLayer
 62
  256
370
   -1
100
AcDbLine
 10
32150
 20
14100
 11
32150
 21
14500
  0
LINE
  5
3F1
100
AcDbEntity
  8
WINDOW
  6
ByLayer
 62
  256
370
   -1
100
AcDbLine
 10
33500
 20
14925
 11
31950
 21
14925
  0
LINE
  5
3F2
100
AcDbEntity
  8
WINDOW
  6
ByLayer
 62
  256
370
   -1
100
AcDbLine
 10
32050
 20
15000
 11
30500
 21
15000
  0
LINE
  5
3F3
100
AcDbEntity
  8
FURN
  6
ByLayer
 62
  256
370
   -1
100
AcDbLine
 10
33950
 20
15000
 11
33950
 21
16450
  0
LINE
  5
3F4
100
AcDbEntity
  8
FURN
  6
ByLayer
 62
  256
370
   -1
100
AcDbLine
 10
30050
 20
15000
 11
30050
 21
16450
  0
LINE
  5
3F5
100
AcDbEntity
  8
FURN
  6
ByLayer
 62
  256
370
   -1
100
AcDbLine
 10
33950
 20
16425
 11
30050
 21
16425
  0
LINE
  5
3F6
100
AcDbEntity
  8
FURN
  6
ByLayer
 62
  256
370
   -1
100
AcDbLine
 10
33950
 20
16300
 11
30050
 21
16300
  0
LINE
  5
3F7
100
AcDbEntity
  8
HVAC
  6
ByLayer
 62
  256
370
   -1
100
AcDbLine
 10
30150
 20
16000
 11
31050
 21
16000
  0
LINE
  5
3F8
100
AcDbEntity
  8
HVAC
  6
ByLayer
 62
  256
370
   -1
100
AcDbLine
 10
31050
 20
16000
 11
31050
 21
15600
  0
LINE
  5
3F9
100
AcDbEntity
  8
HVAC
  6
ByLayer
 62
  256
370
   -1
100
AcDbLine
 10
31050
 20
15600
 11
30150
 21
15600
  0
LINE
  5
3FA
100
AcDbEntity
  8
HVAC
  6
ByLayer
 62
  256
370
   -1
100
AcDbLine
 10
30150
 20
15600
 11
30150
 21
16000
  0
LINE
  5
3FB
100
AcDbEntity
  8
HVAC
  6
ByLayer
 62
  256
370
   -1
100
AcDbLine
 10
30900
 20
15600
 11
30900
 21
16000
  0
LINE
  5
3FC
100
AcDbEntity
  8
HVAC
  6
ByLayer
 62
  256
370
   -1
100
AcDbLine
 10
30725
 20
15600
 11
30725
 21
16000
  0
LINE
  5
3FD
100
AcDbEntity
  8
HVAC
  6
ByLayer
 62
  256
370
   -1
100
AcDbLine
 10
30550
 20
15600
 11
30550
 21
16000
  0
LINE
  5
3FE
100
AcDbEntity
  8
HVAC
  6
ByLayer
 62
  256
370
   -1
100
AcDbLine
 10
30375
 20
15600
 11
30375
 21
16000
  0
LINE
  5
3FF
100
AcDbEntity
  8
DOOR
  6
ByLayer
 62
  256
370
   -1
100
AcDbLine
 10
27900
 20
10750
 11
28650
 21
10750
  0
ARC
  5
400
100
AcDbEntity
  8
DOOR
  6
ByLayer
 62
  256
370
   -1
100
AcDbCircle
 10
28650
 20
10000
 40
750
100
AcDbArc
 50
90
 51
180
  0
LINE
  5
401
100
AcDbEntity
  8
FURN
  6
ByLayer
 62
  256
370
   -1
100
AcDbLine
 10
28975
 20
9425
 11
29775
 21
9425
  0
LINE
  5
402
100
AcDbEntity
  8
FURN
  6
ByLayer
 62
  256
370
   -1
100
AcDbLine
 10
29775
 20
9425
 11
29775
 21
8625
  0
LINE
  5
403
100
AcDbEntity
  8
FURN
  6
ByLayer
 62
  256
370
   -1
100
AcDbLine
 10
29775
 20
8625
 11
28975
 21
8625
  0
LINE
  5
404
100
AcDbEntity
  8
FURN
  6
ByLayer
 62
  256
370
   -1
100
AcDbLine
 10
28975
 20
8625
 11
28975
 21
9425
  0
LINE
  5
405
100
AcDbEntity
  8
FURN
  6
ByLayer
 62
  256
370
   -1
100
AcDbLine
 10
29775
 20
8625
 11
28975
 21
9425
  0
CIRCLE
  5
406
100
AcDbEntity
  8
FURN
  6
ByLayer
 62
  256
370
   -1
100
AcDbCircle
 10
29375
 20
9025
 40
62.5
  0
LINE
  5
407
100
AcDbEntity
  8
FURN
  6
ByLayer
 62
  256
370
   -1
100
AcDbLine
 10
28250
 20
8800
 11
28750
 21
8800
  0
LINE
  5
408
100
AcDbEntity
  8
FURN
  6
ByLayer
 62
  256
370
   -1
100
AcDbLine
 10
28750
 20
8800
 11
28750
 21
8600
  0
LINE
  5
409
100
AcDbEntity
  8
FURN
  6
ByLayer
 62
  256
370
   -1
100
AcDbLine
 10
28750
 20
8600
 11
28250
 21
8600
  0
LINE
  5
40A
100
AcDbEntity
  8
FURN
  6
ByLayer
 62
  256
370
   -1
100
AcDbLine
 10
28250
 20
8600
 11
28250
 21
8800
  0
LINE
  5
40B
100
AcDbEntity
  8
FURN
  6
ByLayer
 62
  256
370
   -1
100
AcDbLine
 10
28725
 20
9150
 11
28707.9
 21
9044.799999999999
  0
LINE
  5
40C
100
AcDbEntity
  8
FURN
  6
ByLayer
 62
  256
370
   -1
100
AcDbLine
 10
28707.9
 20
9044.799999999999
 11
28659.1
 21
8955.5
  0
LINE
  5
40D
100
AcDbEntity
  8
FURN
  6
ByLayer
 62
  256
370
   -1
100
AcDbLine
 10
28659.1
 20
8955.5
 11
28586.1
 21
8895.9
  0
LINE
  5
40E
100
AcDbEntity
  8
FURN
  6
ByLayer
 62
  256
370
   -1
100
AcDbLine
 10
28586.1
 20
8895.9
 11
28500
 21
8875
  0
LINE
  5
40F
100
AcDbEntity
  8
FURN
  6
ByLayer
 62
  256
370
   -1
100
AcDbLine
 10
28500
 20
8875
 11
28413.9
 21
8895.9
  0
LINE
  5
410
100
AcDbEntity
  8
FURN
  6
ByLayer
 62
  256
370
   -1
100
AcDbLine
 10
28413.9
 20
8895.9
 11
28340.9
 21
8955.5
  0
LINE
  5
411
100
AcDbEntity
  8
FURN
  6
ByLayer
 62
  256
370
   -1
100
AcDbLine
 10
28340.9
 20
8955.5
 11
28292.1
 21
9044.799999999999
  0
LINE
  5
412
100
AcDbEntity
  8
FURN
  6
ByLayer
 62
  256
370
   -1
100
AcDbLine
 10
28292.1
 20
9044.799999999999
 11
28275
 21
9150
  0
LINE
  5
413
100
AcDbEntity
  8
FURN
  6
ByLayer
 62
  256
370
   -1
100
AcDbLine
 10
28275
 20
9150
 11
28292.1
 21
9255.200000000001
  0
LINE
  5
414
100
AcDbEntity
  8
FURN
  6
ByLayer
 62
  256
370
   -1
100
AcDbLine
 10
28292.1
 20
9255.200000000001
 11
28340.9
 21
9344.5
  0
LINE
  5
415
100
AcDbEntity
  8
FURN
  6
ByLayer
 62
  256
370
   -1
100
AcDbLine
 10
28340.9
 20
9344.5
 11
28413.9
 21
9404.1
  0
LINE
  5
416
100
AcDbEntity
  8
FURN
  6
ByLayer
 62
  256
370
   -1
100
AcDbLine
 10
28413.9
 20
9404.1
 11
28500
 21
9425
  0
LINE
  5
417
100
AcDbEntity
  8
FURN
  6
ByLayer
 62
  256
370
   -1
100
AcDbLine
 10
28500
 20
9425
 11
28586.1
 21
9404.1
  0
LINE
  5
418
100
AcDbEntity
  8
FURN
  6
ByLayer
 62
  256
370
   -1
100
AcDbLine
 10
28586.1
 20
9404.1
 11
28659.1
 21
9344.5
  0
LINE
  5
419
100
AcDbEntity
  8
FURN
  6
ByLayer
 62
  256
370
   -1
100
AcDbLine
 10
28659.1
 20
9344.5
 11
28707.9
 21
9255.200000000001
  0
LINE
  5
41A
100
AcDbEntity
  8
FURN
  6
ByLayer
 62
  256
370
   -1
100
AcDbLine
 10
28707.9
 20
9255.200000000001
 11
28725
 21
9150
  0
LINE
  5
41B
100
AcDbEntity
  8
FURN
  6
ByLayer
 62
  256
370
   -1
100
AcDbLine
 10
28900
 20
10450
 11
29800
 21
10450
  0
LINE
  5
41C
100
AcDbEntity
  8
FURN
  6
ByLayer
 62
  256
370
   -1
100
AcDbLine
 10
29800
 20
10450
 11
29800
 21
9950
  0
LINE
  5
41D
100
AcDbEntity
  8
FURN
  6
ByLayer
 62
  256
370
   -1
100
AcDbLine
 10
29800
 20
9950
 11
28900
 21
9950
  0
LINE
  5
41E
100
AcDbEntity
  8
FURN
  6
ByLayer
 62
  256
370
   -1
100
AcDbLine
 10
28900
 20
9950
 11
28900
 21
10450
  0
LINE
  5
41F
100
AcDbEntity
  8
FURN
  6
ByLayer
 62
  256
370
   -1
100
AcDbLine
 10
29650
 20
10200
 11
29627.2
 21
10133
  0
LINE
  5
420
100
AcDbEntity
  8
FURN
  6
ByLayer
 62
  256
370
   -1
100
AcDbLine
 10
29627.2
 20
10133
 11
29562.1
 21
10076.3
  0
LINE
  5
421
100
AcDbEntity
  8
FURN
  6
ByLayer
 62
  256
370
   -1
100
AcDbLine
 10
29562.1
 20
10076.3
 11
29464.8
 21
10038.3
  0
LINE
  5
422
100
AcDbEntity
  8
FURN
  6
ByLayer
 62
  256
370
   -1
100
AcDbLine
 10
29464.8
 20
10038.3
 11
29350
 21
10025
  0
LINE
  5
423
100
AcDbEntity
  8
FURN
  6
ByLayer
 62
  256
370
   -1
100
AcDbLine
 10
29350
 20
10025
 11
29235.2
 21
10038.3
  0
LINE
  5
424
100
AcDbEntity
  8
FURN
  6
ByLayer
 62
  256
370
   -1
100
AcDbLine
 10
29235.2
 20
10038.3
 11
29137.9
 21
10076.3
  0
LINE
  5
425
100
AcDbEntity
  8
FURN
  6
ByLayer
 62
  256
370
   -1
100
AcDbLine
 10
29137.9
 20
10076.3
 11
29072.8
 21
10133
  0
LINE
  5
426
100
AcDbEntity
  8
FURN
  6
ByLayer
 62
  256
370
   -1
100
AcDbLine
 10
29072.8
 20
10133
 11
29050
 21
10200
  0
LINE
  5
427
100
AcDbEntity
  8
FURN
  6
ByLayer
 62
  256
370
   -1
100
AcDbLine
 10
29050
 20
10200
 11
29072.8
 21
10267
  0
LINE
  5
428
100
AcDbEntity
  8
FURN
  6
ByLayer
 62
  256
370
   -1
100
AcDbLine
 10
29072.8
 20
10267
 11
29137.9
 21
10323.7
  0
LINE
  5
429
100
AcDbEntity
  8
FURN
  6
ByLayer
 62
  256
370
   -1
100
AcDbLine
 10
29137.9
 20
10323.7
 11
29235.2
 21
10361.7
  0
LINE
  5
42A
100
AcDbEntity
  8
FURN
  6
ByLayer
 62
  256
370
   -1
100
AcDbLine
 10
29235.2
 20
10361.7
 11
29350
 21
10375
  0
LINE
  5
42B
100
AcDbEntity
  8
FURN
  6
ByLayer
 62
  256
370
   -1
100
AcDbLine
 10
29350
 20
10375
 11
29464.8
 21
10361.7
  0
LINE
  5
42C
100
AcDbEntity
  8
FURN
  6
ByLayer
 62
  256
370
   -1
100
AcDbLine
 10
29464.8
 20
10361.7
 11
29562.1
 21
10323.7
  0
LINE
  5
42D
100
AcDbEntity
  8
FURN
  6
ByLayer
 62
  256
370
   -1
100
AcDbLine
 10
29562.1
 20
10323.7
 11
29627.2
 21
10267
  0
LINE
  5
42E
100
AcDbEntity
  8
FURN
  6
ByLayer
 62
  256
370
   -1
100
AcDbLine
 10
29627.2
 20
10267
 11
29650
 21
10200
  0
LINE
  5
42F
100
AcDbEntity
  8
FURN
  6
ByLayer
 62
  256
370
   -1
100
AcDbLine
 10
27200
 20
10150
 11
27600
 21
10150
  0
LINE
  5
430
100
AcDbEntity
  8
FURN
  6
ByLayer
 62
  256
370
   -1
100
AcDbLine
 10
27600
 20
10150
 11
27600
 21
8550
  0
LINE
  5
431
100
AcDbEntity
  8
FURN
  6
ByLayer
 62
  256
370
   -1
100
AcDbLine
 10
27600
 20
8550
 11
27200
 21
8550
  0
LINE
  5
432
100
AcDbEntity
  8
FURN
  6
ByLayer
 62
  256
370
   -1
100
AcDbLine
 10
27200
 20
8550
 11
27200
 21
10150
  0
LINE
  5
433
100
AcDbEntity
  8
FURN
  6
ByLayer
 62
  256
370
   -1
100
AcDbLine
 10
27600
 20
9350
 11
27200
 21
9350
  0
LINE
  5
434
100
AcDbEntity
  8
FURN
  6
ByLayer
 62
  256
370
   -1
100
AcDbLine
 10
27900
 20
13500
 11
29900
 21
13500
  0
LINE
  5
435
100
AcDbEntity
  8
FURN
  6
ByLayer
 62
  256
370
   -1
100
AcDbLine
 10
29900
 20
13500
 11
29900
 21
11700
  0
LINE
  5
436
100
AcDbEntity
  8
FURN
  6
ByLayer
 62
  256
370
   -1
100
AcDbLine
 10
29900
 20
11700
 11
27900
 21
11700
  0
LINE
  5
437
100
AcDbEntity
  8
FURN
  6
ByLayer
 62
  256
370
   -1
100
AcDbLine
 10
27900
 20
11700
 11
27900
 21
13500
  0
LINE
  5
438
100
AcDbEntity
  8
FURN
  6
ByLayer
 62
  256
370
   -1
100
AcDbLine
 10
29725
 20
13500
 11
29900
 21
13500
  0
LINE
  5
439
100
AcDbEntity
  8
FURN
  6
ByLayer
 62
  256
370
   -1
100
AcDbLine
 10
29900
 20
13500
 11
29900
 21
11700
  0
LINE
  5
43A
100
AcDbEntity
  8
FURN
  6
ByLayer
 62
  256
370
   -1
100
AcDbLine
 10
29900
 20
11700
 11
29725
 21
11700
  0
LINE
  5
43B
100
AcDbEntity
  8
FURN
  6
ByLayer
 62
  256
370
   -1
100
AcDbLine
 10
29725
 20
11700
 11
29725
 21
13500
  0
LINE
  5
43C
100
AcDbEntity
  8
FURN
  6
ByLayer
 62
  256
370
   -1
100
AcDbLine
 10
29000
 20
12550
 11
29650
 21
12550
  0
LINE
  5
43D
100
AcDbEntity
  8
FURN
  6
ByLayer
 62
  256
370
   -1
100
AcDbLine
 10
29650
 20
12550
 11
29650
 21
11850
  0
LINE
  5
43E
100
AcDbEntity
  8
FURN
  6
ByLayer
 62
  256
370
   -1
100
AcDbLine
 10
29650
 20
11850
 11
29000
 21
11850
  0
LINE
  5
43F
100
AcDbEntity
  8
FURN
  6
ByLayer
 62
  256
370
   -1
100
AcDbLine
 10
29000
 20
11850
 11
29000
 21
12550
  0
LINE
  5
440
100
AcDbEntity
  8
FURN
  6
ByLayer
 62
  256
370
   -1
100
AcDbLine
 10
29000
 20
13350
 11
29650
 21
13350
  0
LINE
  5
441
100
AcDbEntity
  8
FURN
  6
ByLayer
 62
  256
370
   -1
100
AcDbLine
 10
29650
 20
13350
 11
29650
 21
12650
  0
LINE
  5
442
100
AcDbEntity
  8
FURN
  6
ByLayer
 62
  256
370
   -1
100
AcDbLine
 10
29650
 20
12650
 11
29000
 21
12650
  0
LINE
  5
443
100
AcDbEntity
  8
FURN
  6
ByLayer
 62
  256
370
   -1
100
AcDbLine
 10
29000
 20
12650
 11
29000
 21
13350
  0
LINE
  5
444
100
AcDbEntity
  8
FURN
  6
ByLayer
 62
  256
370
   -1
100
AcDbLine
 10
28350
 20
11700
 11
28350
 21
13500
  0
LINE
  5
445
100
AcDbEntity
  8
FURN
  6
ByLayer
 62
  256
370
   -1
100
AcDbLine
 10
29400
 20
11550
 11
29900
 21
11550
  0
LINE
  5
446
100
AcDbEntity
  8
FURN
  6
ByLayer
 62
  256
370
   -1
100
AcDbLine
 10
29900
 20
11550
 11
29900
 21
11100
  0
LINE
  5
447
100
AcDbEntity
  8
FURN
  6
ByLayer
 62
  256
370
   -1
100
AcDbLine
 10
29900
 20
11100
 11
29400
 21
11100
  0
LINE
  5
448
100
AcDbEntity
  8
FURN
  6
ByLayer
 62
  256
370
   -1
100
AcDbLine
 10
29400
 20
11100
 11
29400
 21
11550
  0
LINE
  5
449
100
AcDbEntity
  8
FURN
  6
ByLayer
 62
  256
370
   -1
100
AcDbLine
 10
29400
 20
14100
 11
29900
 21
14100
  0
LINE
  5
44A
100
AcDbEntity
  8
FURN
  6
ByLayer
 62
  256
370
   -1
100
AcDbLine
 10
29900
 20
14100
 11
29900
 21
13650
  0
LINE
  5
44B
100
AcDbEntity
  8
FURN
  6
ByLayer
 62
  256
370
   -1
100
AcDbLine
 10
29900
 20
13650
 11
29400
 21
13650
  0
LINE
  5
44C
100
AcDbEntity
  8
FURN
  6
ByLayer
 62
  256
370
   -1
100
AcDbLine
 10
29400
 20
13650
 11
29400
 21
14100
  0
LINE
  5
44D
100
AcDbEntity
  8
FURN
  6
ByLayer
 62
  256
370
   -1
100
AcDbLine
 10
26050
 20
13450
 11
26500
 21
13450
  0
LINE
  5
44E
100
AcDbEntity
  8
FURN
  6
ByLayer
 62
  256
370
   -1
100
AcDbLine
 10
26500
 20
13450
 11
26500
 21
11550
  0
LINE
  5
44F
100
AcDbEntity
  8
FURN
  6
ByLayer
 62
  256
370
   -1
100
AcDbLine
 10
26500
 20
11550
 11
26050
 21
11550
  0
LINE
  5
450
100
AcDbEntity
  8
FURN
  6
ByLayer
 62
  256
370
   -1
100
AcDbLine
 10
26050
 20
11550
 11
26050
 21
13450
  0
LINE
  5
451
100
AcDbEntity
  8
FURN
  6
ByLayer
 62
  256
370
   -1
100
AcDbLine
 10
26500
 20
12500
 11
26050
 21
12500
  0
LINE
  5
452
100
AcDbEntity
  8
FURN
  6
ByLayer
 62
  256
370
   -1
100
AcDbLine
 10
28150
 20
14500
 11
29350
 21
14500
  0
LINE
  5
453
100
AcDbEntity
  8
FURN
  6
ByLayer
 62
  256
370
   -1
100
AcDbLine
 10
29350
 20
14500
 11
29350
 21
14100
  0
LINE
  5
454
100
AcDbEntity
  8
FURN
  6
ByLayer
 62
  256
370
   -1
100
AcDbLine
 10
29350
 20
14100
 11
28150
 21
14100
  0
LINE
  5
455
100
AcDbEntity
  8
FURN
  6
ByLayer
 62
  256
370
   -1
100
AcDbLine
 10
28150
 20
14100
 11
28150
 21
14500
  0
LINE
  5
456
100
AcDbEntity
  8
WINDOW
  6
ByLayer
 62
  256
370
   -1
100
AcDbLine
 10
29500
 20
14925
 11
27950
 21
14925
  0
LINE
  5
457
100
AcDbEntity
  8
WINDOW
  6
ByLayer
 62
  256
370
   -1
100
AcDbLine
 10
28050
 20
15000
 11
26500
 21
15000
  0
LINE
  5
458
100
AcDbEntity
  8
FURN
  6
ByLayer
 62
  256
370
   -1
100
AcDbLine
 10
29950
 20
15000
 11
29950
 21
16450
  0
LINE
  5
459
100
AcDbEntity
  8
FURN
  6
ByLayer
 62
  256
370
   -1
100
AcDbLine
 10
26050
 20
15000
 11
26050
 21
16450
  0
LINE
  5
45A
100
AcDbEntity
  8
FURN
  6
ByLayer
 62
  256
370
   -1
100
AcDbLine
 10
29950
 20
16425
 11
26050
 21
16425
  0
LINE
  5
45B
100
AcDbEntity
  8
FURN
  6
ByLayer
 62
  256
370
   -1
100
AcDbLine
 10
29950
 20
16300
 11
26050
 21
16300
  0
LINE
  5
45C
100
AcDbEntity
  8
HVAC
  6
ByLayer
 62
  256
370
   -1
100
AcDbLine
 10
26150
 20
16000
 11
27050
 21
16000
  0
LINE
  5
45D
100
AcDbEntity
  8
HVAC
  6
ByLayer
 62
  256
370
   -1
100
AcDbLine
 10
27050
 20
16000
 11
27050
 21
15600
  0
LINE
  5
45E
100
AcDbEntity
  8
HVAC
  6
ByLayer
 62
  256
370
   -1
100
AcDbLine
 10
27050
 20
15600
 11
26150
 21
15600
  0
LINE
  5
45F
100
AcDbEntity
  8
HVAC
  6
ByLayer
 62
  256
370
   -1
100
AcDbLine
 10
26150
 20
15600
 11
26150
 21
16000
  0
LINE
  5
460
100
AcDbEntity
  8
HVAC
  6
ByLayer
 62
  256
370
   -1
100
AcDbLine
 10
26900
 20
15600
 11
26900
 21
16000
  0
LINE
  5
461
100
AcDbEntity
  8
HVAC
  6
ByLayer
 62
  256
370
   -1
100
AcDbLine
 10
26725
 20
15600
 11
26725
 21
16000
  0
LINE
  5
462
100
AcDbEntity
  8
HVAC
  6
ByLayer
 62
  256
370
   -1
100
AcDbLine
 10
26550
 20
15600
 11
26550
 21
16000
  0
LINE
  5
463
100
AcDbEntity
  8
HVAC
  6
ByLayer
 62
  256
370
   -1
100
AcDbLine
 10
26375
 20
15600
 11
26375
 21
16000
  0
LINE
  5
464
100
AcDbEntity
  8
DOOR
  6
ByLayer
 62
  256
370
   -1
100
AcDbLine
 10
23900
 20
10750
 11
24650
 21
10750
  0
ARC
  5
465
100
AcDbEntity
  8
DOOR
  6
ByLayer
 62
  256
370
   -1
100
AcDbCircle
 10
24650
 20
10000
 40
750
100
AcDbArc
 50
90
 51
180
  0
LINE
  5
466
100
AcDbEntity
  8
FURN
  6
ByLayer
 62
  256
370
   -1
100
AcDbLine
 10
24975
 20
9425
 11
25775
 21
9425
  0
LINE
  5
467
100
AcDbEntity
  8
FURN
  6
ByLayer
 62
  256
370
   -1
100
AcDbLine
 10
25775
 20
9425
 11
25775
 21
8625
  0
LINE
  5
468
100
AcDbEntity
  8
FURN
  6
ByLayer
 62
  256
370
   -1
100
AcDbLine
 10
25775
 20
8625
 11
24975
 21
8625
  0
LINE
  5
469
100
AcDbEntity
  8
FURN
  6
ByLayer
 62
  256
370
   -1
100
AcDbLine
 10
24975
 20
8625
 11
24975
 21
9425
  0
LINE
  5
46A
100
AcDbEntity
  8
FURN
  6
ByLayer
 62
  256
370
   -1
100
AcDbLine
 10
25775
 20
8625
 11
24975
 21
9425
  0
CIRCLE
  5
46B
100
AcDbEntity
  8
FURN
  6
ByLayer
 62
  256
370
   -1
100
AcDbCircle
 10
25375
 20
9025
 40
62.5
  0
LINE
  5
46C
100
AcDbEntity
  8
FURN
  6
ByLayer
 62
  256
370
   -1
100
AcDbLine
 10
24250
 20
8800
 11
24750
 21
8800
  0
LINE
  5
46D
100
AcDbEntity
  8
FURN
  6
ByLayer
 62
  256
370
   -1
100
AcDbLine
 10
24750
 20
8800
 11
24750
 21
8600
  0
LINE
  5
46E
100
AcDbEntity
  8
FURN
  6
ByLayer
 62
  256
370
   -1
100
AcDbLine
 10
24750
 20
8600
 11
24250
 21
8600
  0
LINE
  5
46F
100
AcDbEntity
  8
FURN
  6
ByLayer
 62
  256
370
   -1
100
AcDbLine
 10
24250
 20
8600
 11
24250
 21
8800
  0
LINE
  5
470
100
AcDbEntity
  8
FURN
  6
ByLayer
 62
  256
370
   -1
100
AcDbLine
 10
24725
 20
9150
 11
24707.9
 21
9044.799999999999
  0
LINE
  5
471
100
AcDbEntity
  8
FURN
  6
ByLayer
 62
  256
370
   -1
100
AcDbLine
 10
24707.9
 20
9044.799999999999
 11
24659.1
 21
8955.5
  0
LINE
  5
472
100
AcDbEntity
  8
FURN
  6
ByLayer
 62
  256
370
   -1
100
AcDbLine
 10
24659.1
 20
8955.5
 11
24586.1
 21
8895.9
  0
LINE
  5
473
100
AcDbEntity
  8
FURN
  6
ByLayer
 62
  256
370
   -1
100
AcDbLine
 10
24586.1
 20
8895.9
 11
24500
 21
8875
  0
LINE
  5
474
100
AcDbEntity
  8
FURN
  6
ByLayer
 62
  256
370
   -1
100
AcDbLine
 10
24500
 20
8875
 11
24413.9
 21
8895.9
  0
LINE
  5
475
100
AcDbEntity
  8
FURN
  6
ByLayer
 62
  256
370
   -1
100
AcDbLine
 10
24413.9
 20
8895.9
 11
24340.9
 21
8955.5
  0
LINE
  5
476
100
AcDbEntity
  8
FURN
  6
ByLayer
 62
  256
370
   -1
100
AcDbLine
 10
24340.9
 20
8955.5
 11
24292.1
 21
9044.799999999999
  0
LINE
  5
477
100
AcDbEntity
  8
FURN
  6
ByLayer
 62
  256
370
   -1
100
AcDbLine
 10
24292.1
 20
9044.799999999999
 11
24275
 21
9150
  0
LINE
  5
478
100
AcDbEntity
  8
FURN
  6
ByLayer
 62
  256
370
   -1
100
AcDbLine
 10
24275
 20
9150
 11
24292.1
 21
9255.200000000001
  0
LINE
  5
479
100
AcDbEntity
  8
FURN
  6
ByLayer
 62
  256
370
   -1
100
AcDbLine
 10
24292.1
 20
9255.200000000001
 11
24340.9
 21
9344.5
  0
LINE
  5
47A
100
AcDbEntity
  8
FURN
  6
ByLayer
 62
  256
370
   -1
100
AcDbLine
 10
24340.9
 20
9344.5
 11
24413.9
 21
9404.1
  0
LINE
  5
47B
100
AcDbEntity
  8
FURN
  6
ByLayer
 62
  256
370
   -1
100
AcDbLine
 10
24413.9
 20
9404.1
 11
24500
 21
9425
  0
LINE
  5
47C
100
AcDbEntity
  8
FURN
  6
ByLayer
 62
  256
370
   -1
100
AcDbLine
 10
24500
 20
9425
 11
24586.1
 21
9404.1
  0
LINE
  5
47D
100
AcDbEntity
  8
FURN
  6
ByLayer
 62
  256
370
   -1
100
AcDbLine
 10
24586.1
 20
9404.1
 11
24659.1
 21
9344.5
  0
LINE
  5
47E
100
AcDbEntity
  8
FURN
  6
ByLayer
 62
  256
370
   -1
100
AcDbLine
 10
24659.1
 20
9344.5
 11
24707.9
 21
9255.200000000001
  0
LINE
  5
47F
100
AcDbEntity
  8
FURN
  6
ByLayer
 62
  256
370
   -1
100
AcDbLine
 10
24707.9
 20
9255.200000000001
 11
24725
 21
9150
  0
LINE
  5
480
100
AcDbEntity
  8
FURN
  6
ByLayer
 62
  256
370
   -1
100
AcDbLine
 10
24900
 20
10450
 11
25800
 21
10450
  0
LINE
  5
481
100
AcDbEntity
  8
FURN
  6
ByLayer
 62
  256
370
   -1
100
AcDbLine
 10
25800
 20
10450
 11
25800
 21
9950
  0
LINE
  5
482
100
AcDbEntity
  8
FURN
  6
ByLayer
 62
  256
370
   -1
100
AcDbLine
 10
25800
 20
9950
 11
24900
 21
9950
  0
LINE
  5
483
100
AcDbEntity
  8
FURN
  6
ByLayer
 62
  256
370
   -1
100
AcDbLine
 10
24900
 20
9950
 11
24900
 21
10450
  0
LINE
  5
484
100
AcDbEntity
  8
FURN
  6
ByLayer
 62
  256
370
   -1
100
AcDbLine
 10
25650
 20
10200
 11
25627.2
 21
10133
  0
LINE
  5
485
100
AcDbEntity
  8
FURN
  6
ByLayer
 62
  256
370
   -1
100
AcDbLine
 10
25627.2
 20
10133
 11
25562.1
 21
10076.3
  0
LINE
  5
486
100
AcDbEntity
  8
FURN
  6
ByLayer
 62
  256
370
   -1
100
AcDbLine
 10
25562.1
 20
10076.3
 11
25464.8
 21
10038.3
  0
LINE
  5
487
100
AcDbEntity
  8
FURN
  6
ByLayer
 62
  256
370
   -1
100
AcDbLine
 10
25464.8
 20
10038.3
 11
25350
 21
10025
  0
LINE
  5
488
100
AcDbEntity
  8
FURN
  6
ByLayer
 62
  256
370
   -1
100
AcDbLine
 10
25350
 20
10025
 11
25235.2
 21
10038.3
  0
LINE
  5
489
100
AcDbEntity
  8
FURN
  6
ByLayer
 62
  256
370
   -1
100
AcDbLine
 10
25235.2
 20
10038.3
 11
25137.9
 21
10076.3
  0
LINE
  5
48A
100
AcDbEntity
  8
FURN
  6
ByLayer
 62
  256
370
   -1
100
AcDbLine
 10
25137.9
 20
10076.3
 11
25072.8
 21
10133
  0
LINE
  5
48B
100
AcDbEntity
  8
FURN
  6
ByLayer
 62
  256
370
   -1
100
AcDbLine
 10
25072.8
 20
10133
 11
25050
 21
10200
  0
LINE
  5
48C
100
AcDbEntity
  8
FURN
  6
ByLayer
 62
  256
370
   -1
100
AcDbLine
 10
25050
 20
10200
 11
25072.8
 21
10267
  0
LINE
  5
48D
100
AcDbEntity
  8
FURN
  6
ByLayer
 62
  256
370
   -1
100
AcDbLine
 10
25072.8
 20
10267
 11
25137.9
 21
10323.7
  0
LINE
  5
48E
100
AcDbEntity
  8
FURN
  6
ByLayer
 62
  256
370
   -1
100
AcDbLine
 10
25137.9
 20
10323.7
 11
25235.2
 21
10361.7
  0
LINE
  5
48F
100
AcDbEntity
  8
FURN
  6
ByLayer
 62
  256
370
   -1
100
AcDbLine
 10
25235.2
 20
10361.7
 11
25350
 21
10375
  0
LINE
  5
490
100
AcDbEntity
  8
FURN
  6
ByLayer
 62
  256
370
   -1
100
AcDbLine
 10
25350
 20
10375
 11
25464.8
 21
10361.7
  0
LINE
  5
491
100
AcDbEntity
  8
FURN
  6
ByLayer
 62
  256
370
   -1
100
AcDbLine
 10
25464.8
 20
10361.7
 11
25562.1
 21
10323.7
  0
LINE
  5
492
100
AcDbEntity
  8
FURN
  6
ByLayer
 62
  256
370
   -1
100
AcDbLine
 10
25562.1
 20
10323.7
 11
25627.2
 21
10267
  0
LINE
  5
493
100
AcDbEntity
  8
FURN
  6
ByLayer
 62
  256
370
   -1
100
AcDbLine
 10
25627.2
 20
10267
 11
25650
 21
10200
  0
LINE
  5
494
100
AcDbEntity
  8
FURN
  6
ByLayer
 62
  256
370
   -1
100
AcDbLine
 10
23200
 20
10150
 11
23600
 21
10150
  0
LINE
  5
495
100
AcDbEntity
  8
FURN
  6
ByLayer
 62
  256
370
   -1
100
AcDbLine
 10
23600
 20
10150
 11
23600
 21
8550
  0
LINE
  5
496
100
AcDbEntity
  8
FURN
  6
ByLayer
 62
  256
370
   -1
100
AcDbLine
 10
23600
 20
8550
 11
23200
 21
8550
  0
LINE
  5
497
100
AcDbEntity
  8
FURN
  6
ByLayer
 62
  256
370
   -1
100
AcDbLine
 10
23200
 20
8550
 11
23200
 21
10150
  0
LINE
  5
498
100
AcDbEntity
  8
FURN
  6
ByLayer
 62
  256
370
   -1
100
AcDbLine
 10
23600
 20
9350
 11
23200
 21
9350
  0
LINE
  5
499
100
AcDbEntity
  8
FURN
  6
ByLayer
 62
  256
370
   -1
100
AcDbLine
 10
23900
 20
13500
 11
25900
 21
13500
  0
LINE
  5
49A
100
AcDbEntity
  8
FURN
  6
ByLayer
 62
  256
370
   -1
100
AcDbLine
 10
25900
 20
13500
 11
25900
 21
11700
  0
LINE
  5
49B
100
AcDbEntity
  8
FURN
  6
ByLayer
 62
  256
370
   -1
100
AcDbLine
 10
25900
 20
11700
 11
23900
 21
11700
  0
LINE
  5
49C
100
AcDbEntity
  8
FURN
  6
ByLayer
 62
  256
370
   -1
100
AcDbLine
 10
23900
 20
11700
 11
23900
 21
13500
  0
LINE
  5
49D
100
AcDbEntity
  8
FURN
  6
ByLayer
 62
  256
370
   -1
100
AcDbLine
 10
25725
 20
13500
 11
25900
 21
13500
  0
LINE
  5
49E
100
AcDbEntity
  8
FURN
  6
ByLayer
 62
  256
370
   -1
100
AcDbLine
 10
25900
 20
13500
 11
25900
 21
11700
  0
LINE
  5
49F
100
AcDbEntity
  8
FURN
  6
ByLayer
 62
  256
370
   -1
100
AcDbLine
 10
25900
 20
11700
 11
25725
 21
11700
  0
LINE
  5
4A0
100
AcDbEntity
  8
FURN
  6
ByLayer
 62
  256
370
   -1
100
AcDbLine
 10
25725
 20
11700
 11
25725
 21
13500
  0
LINE
  5
4A1
100
AcDbEntity
  8
FURN
  6
ByLayer
 62
  256
370
   -1
100
AcDbLine
 10
25000
 20
12550
 11
25650
 21
12550
  0
LINE
  5
4A2
100
AcDbEntity
  8
FURN
  6
ByLayer
 62
  256
370
   -1
100
AcDbLine
 10
25650
 20
12550
 11
25650
 21
11850
  0
LINE
  5
4A3
100
AcDbEntity
  8
FURN
  6
ByLayer
 62
  256
370
   -1
100
AcDbLine
 10
25650
 20
11850
 11
25000
 21
11850
  0
LINE
  5
4A4
100
AcDbEntity
  8
FURN
  6
ByLayer
 62
  256
370
   -1
100
AcDbLine
 10
25000
 20
11850
 11
25000
 21
12550
  0
LINE
  5
4A5
100
AcDbEntity
  8
FURN
  6
ByLayer
 62
  256
370
   -1
100
AcDbLine
 10
25000
 20
13350
 11
25650
 21
13350
  0
LINE
  5
4A6
100
AcDbEntity
  8
FURN
  6
ByLayer
 62
  256
370
   -1
100
AcDbLine
 10
25650
 20
13350
 11
25650
 21
12650
  0
LINE
  5
4A7
100
AcDbEntity
  8
FURN
  6
ByLayer
 62
  256
370
   -1
100
AcDbLine
 10
25650
 20
12650
 11
25000
 21
12650
  0
LINE
  5
4A8
100
AcDbEntity
  8
FURN
  6
ByLayer
 62
  256
370
   -1
100
AcDbLine
 10
25000
 20
12650
 11
25000
 21
13350
  0
LINE
  5
4A9
100
AcDbEntity
  8
FURN
  6
ByLayer
 62
  256
370
   -1
100
AcDbLine
 10
24350
 20
11700
 11
24350
 21
13500
  0
LINE
  5
4AA
100
AcDbEntity
  8
FURN
  6
ByLayer
 62
  256
370
   -1
100
AcDbLine
 10
25400
 20
11550
 11
25900
 21
11550
  0
LINE
  5
4AB
100
AcDbEntity
  8
FURN
  6
ByLayer
 62
  256
370
   -1
100
AcDbLine
 10
25900
 20
11550
 11
25900
 21
11100
  0
LINE
  5
4AC
100
AcDbEntity
  8
FURN
  6
ByLayer
 62
  256
370
   -1
100
AcDbLine
 10
25900
 20
11100
 11
25400
 21
11100
  0
LINE
  5
4AD
100
AcDbEntity
  8
FURN
  6
ByLayer
 62
  256
370
   -1
100
AcDbLine
 10
25400
 20
11100
 11
25400
 21
11550
  0
LINE
  5
4AE
100
AcDbEntity
  8
FURN
  6
ByLayer
 62
  256
370
   -1
100
AcDbLine
 10
25400
 20
14100
 11
25900
 21
14100
  0
LINE
  5
4AF
100
AcDbEntity
  8
FURN
  6
ByLayer
 62
  256
370
   -1
100
AcDbLine
 10
25900
 20
14100
 11
25900
 21
13650
  0
LINE
  5
4B0
100
AcDbEntity
  8
FURN
  6
ByLayer
 62
  256
370
   -1
100
AcDbLine
 10
25900
 20
13650
 11
25400
 21
13650
  0
LINE
  5
4B1
100
AcDbEntity
  8
FURN
  6
ByLayer
 62
  256
370
   -1
100
AcDbLine
 10
25400
 20
13650
 11
25400
 21
14100
  0
LINE
  5
4B2
100
AcDbEntity
  8
FURN
  6
ByLayer
 62
  256
370
   -1
100
AcDbLine
 10
22050
 20
13450
 11
22500
 21
13450
  0
LINE
  5
4B3
100
AcDbEntity
  8
FURN
  6
ByLayer
 62
  256
370
   -1
100
AcDbLine
 10
22500
 20
13450
 11
22500
 21
11550
  0
LINE
  5
4B4
100
AcDbEntity
  8
FURN
  6
ByLayer
 62
  256
370
   -1
100
AcDbLine
 10
22500
 20
11550
 11
22050
 21
11550
  0
LINE
  5
4B5
100
AcDbEntity
  8
FURN
  6
ByLayer
 62
  256
370
   -1
100
AcDbLine
 10
22050
 20
11550
 11
22050
 21
13450
  0
LINE
  5
4B6
100
AcDbEntity
  8
FURN
  6
ByLayer
 62
  256
370
   -1
100
AcDbLine
 10
22500
 20
12500
 11
22050
 21
12500
  0
LINE
  5
4B7
100
AcDbEntity
  8
FURN
  6
ByLayer
 62
  256
370
   -1
100
AcDbLine
 10
24150
 20
14500
 11
25350
 21
14500
  0
LINE
  5
4B8
100
AcDbEntity
  8
FURN
  6
ByLayer
 62
  256
370
   -1
100
AcDbLine
 10
25350
 20
14500
 11
25350
 21
14100
  0
LINE
  5
4B9
100
AcDbEntity
  8
FURN
  6
ByLayer
 62
  256
370
   -1
100
AcDbLine
 10
25350
 20
14100
 11
24150
 21
14100
  0
LINE
  5
4BA
100
AcDbEntity
  8
FURN
  6
ByLayer
 62
  256
370
   -1
100
AcDbLine
 10
24150
 20
14100
 11
24150
 21
14500
  0
LINE
  5
4BB
100
AcDbEntity
  8
WINDOW
  6
ByLayer
 62
  256
370
   -1
100
AcDbLine
 10
25500
 20
14925
 11
23950
 21
14925
  0
LINE
  5
4BC
100
AcDbEntity
  8
WINDOW
  6
ByLayer
 62
  256
370
   -1
100
AcDbLine
 10
24050
 20
15000
 11
22500
 21
15000
  0
LINE
  5
4BD
100
AcDbEntity
  8
FURN
  6
ByLayer
 62
  256
370
   -1
100
AcDbLine
 10
25950
 20
15000
 11
25950
 21
16450
  0
LINE
  5
4BE
100
AcDbEntity
  8
FURN
  6
ByLayer
 62
  256
370
   -1
100
AcDbLine
 10
22050
 20
15000
 11
22050
 21
16450
  0
LINE
  5
4BF
100
AcDbEntity
  8
FURN
  6
ByLayer
 62
  256
370
   -1
100
AcDbLine
 10
25950
 20
16425
 11
22050
 21
16425
  0
LINE
  5
4C0
100
AcDbEntity
  8
FURN
  6
ByLayer
 62
  256
370
   -1
100
AcDbLine
 10
25950
 20
16300
 11
22050
 21
16300
  0
LINE
  5
4C1
100
AcDbEntity
  8
HVAC
  6
ByLayer
 62
  256
370
   -1
100
AcDbLine
 10
22150
 20
16000
 11
23050
 21
16000
  0
LINE
  5
4C2
100
AcDbEntity
  8
HVAC
  6
ByLayer
 62
  256
370
   -1
100
AcDbLine
 10
23050
 20
16000
 11
23050
 21
15600
  0
LINE
  5
4C3
100
AcDbEntity
  8
HVAC
  6
ByLayer
 62
  256
370
   -1
100
AcDbLine
 10
23050
 20
15600
 11
22150
 21
15600
  0
LINE
  5
4C4
100
AcDbEntity
  8
HVAC
  6
ByLayer
 62
  256
370
   -1
100
AcDbLine
 10
22150
 20
15600
 11
22150
 21
16000
  0
LINE
  5
4C5
100
AcDbEntity
  8
HVAC
  6
ByLayer
 62
  256
370
   -1
100
AcDbLine
 10
22900
 20
15600
 11
22900
 21
16000
  0
LINE
  5
4C6
100
AcDbEntity
  8
HVAC
  6
ByLayer
 62
  256
370
   -1
100
AcDbLine
 10
22725
 20
15600
 11
22725
 21
16000
  0
LINE
  5
4C7
100
AcDbEntity
  8
HVAC
  6
ByLayer
 62
  256
370
   -1
100
AcDbLine
 10
22550
 20
15600
 11
22550
 21
16000
  0
LINE
  5
4C8
100
AcDbEntity
  8
HVAC
  6
ByLayer
 62
  256
370
   -1
100
AcDbLine
 10
22375
 20
15600
 11
22375
 21
16000
  0
LINE
  5
4C9
100
AcDbEntity
  8
WALL
  6
ByLayer
 62
  256
370
   -1
100
AcDbLine
 10
38000
 20
0
 11
22000
 21
0
  0
LINE
  5
4CA
100
AcDbEntity
  8
WALL
  6
ByLayer
 62
  256
370
   -1
100
AcDbLine
 10
22000
 20
0
 11
22000
 21
15000
  0
LINE
  5
4CB
100
AcDbEntity
  8
WALL
  6
ByLayer
 62
  256
370
   -1
100
AcDbLine
 10
22000
 20
15000
 11
34000
 21
15000
  0
LINE
  5
4CC
100
AcDbEntity
  8
WALL
  6
ByLayer
 62
  256
370
   -1
100
AcDbLine
 10
34000
 20
15000
 11
34000
 21
20000
  0
LINE
  5
4CD
100
AcDbEntity
  8
WALL
  6
ByLayer
 62
  256
370
   -1
100
AcDbLine
 10
34000
 20
20000
 11
38000
 21
20000
  0
LINE
  5
4CE
100
AcDbEntity
  8
WALL
  6
ByLayer
 62
  256
370
   -1
100
AcDbLine
 10
38000
 20
20000
 11
38000
 21
0
  0
LINE
  5
4CF
100
AcDbEntity
  8
WALL
  6
ByLayer
 62
  256
370
   -1
100
AcDbLine
 10
37750
 20
250
 11
22250
 21
250
  0
LINE
  5
4D0
100
AcDbEntity
  8
WALL
  6
ByLayer
 62
  256
370
   -1
100
AcDbLine
 10
22250
 20
250
 11
22250
 21
14750
  0
LINE
  5
4D1
100
AcDbEntity
  8
WALL
  6
ByLayer
 62
  256
370
   -1
100
AcDbLine
 10
22250
 20
14750
 11
33750
 21
14750
  0
LINE
  5
4D2
100
AcDbEntity
  8
WALL
  6
ByLayer
 62
  256
370
   -1
100
AcDbLine
 10
33750
 20
14750
 11
33750
 21
19750
  0
LINE
  5
4D3
100
AcDbEntity
  8
WALL
  6
ByLayer
 62
  256
370
   -1
100
AcDbLine
 10
33750
 20
19750
 11
37750
 21
19750
  0
LINE
  5
4D4
100
AcDbEntity
  8
WALL
  6
ByLayer
 62
  256
370
   -1
100
AcDbLine
 10
37750
 20
19750
 11
37750
 21
250
  0
LINE
  5
4D5
100
AcDbEntity
  8
WINDOW
  6
ByLayer
 62
  256
370
   -1
100
AcDbLine
 10
37100
 20
7612.5
 11
36000
 21
7612.5
  0
LINE
  5
4D6
100
AcDbEntity
  8
FURN
  6
ByLayer
 62
  256
370
   -1
100
AcDbLine
 10
37650
 20
9925
 11
35500
 21
7725
  0
LINE
  5
4D7
100
AcDbEntity
  8
FURN
  6
ByLayer
 62
  256
370
   -1
100
AcDbLine
 10
35500
 20
9925
 11
37650
 21
7725
  0
LINE
  5
4D8
100
AcDbEntity
  8
DOOR
  6
ByLayer
 62
  256
370
   -1
100
AcDbLine
 10
35400
 20
10150
 11
36400
 21
10150
  0
ARC
  5
4D9
100
AcDbEntity
  8
DOOR
  6
ByLayer
 62
  256
370
   -1
100
AcDbCircle
 10
36400
 20
11150
 40
1000
100
AcDbArc
 50
180
 51
270
  0
LINE
  5
4DA
100
AcDbEntity
  8
FURN
  6
ByLayer
 62
  256
370
   -1
100
AcDbLine
 10
37650
 20
15000
 11
35400
 21
15000
  0
LINE
  5
4DB
100
AcDbEntity
  8
FURN
  6
ByLayer
 62
  256
370
   -1
100
AcDbLine
 10
37650
 20
14675
 11
36600
 21
14675
  0
LINE
  5
4DC
100
AcDbEntity
  8
FURN
  6
ByLayer
 62
  256
370
   -1
100
AcDbLine
 10
36450
 20
14675
 11
35400
 21
14675
  0
LINE
  5
4DD
100
AcDbEntity
  8
FURN
  6
ByLayer
 62
  256
370
   -1
100
AcDbLine
 10
37650
 20
14350
 11
36600
 21
14350
  0
LINE
  5
4DE
100
AcDbEntity
  8
FURN
  6
ByLayer
 62
  256
370
   -1
100
AcDbLine
 10
36450
 20
14350
 11
35400
 21
14350
  0
LINE
  5
4DF
100
AcDbEntity
  8
FURN
  6
ByLayer
 62
  256
370
   -1
100
AcDbLine
 10
37650
 20
14025
 11
36600
 21
14025
  0
LINE
  5
4E0
100
AcDbEntity
  8
FURN
  6
ByLayer
 62
  256
370
   -1
100
AcDbLine
 10
36450
 20
14025
 11
35400
 21
14025
  0
LINE
  5
4E1
100
AcDbEntity
  8
FURN
  6
ByLayer
 62
  256
370
   -1
100
AcDbLine
 10
37650
 20
13700
 11
36600
 21
13700
  0
LINE
  5
4E2
100
AcDbEntity
  8
FURN
  6
ByLayer
 62
  256
370
   -1
100
AcDbLine
 10
36450
 20
13700
 11
35400
 21
13700
  0
LINE
  5
4E3
100
AcDbEntity
  8
FURN
  6
ByLayer
 62
  256
370
   -1
100
AcDbLine
 10
37650
 20
13375
 11
36600
 21
13375
  0
LINE
  5
4E4
100
AcDbEntity
  8
FURN
  6
ByLayer
 62
  256
370
   -1
100
AcDbLine
 10
36450
 20
13375
 11
35400
 21
13375
  0
LINE
  5
4E5
100
AcDbEntity
  8
FURN
  6
ByLayer
 62
  256
370
   -1
100
AcDbLine
 10
37650
 20
13050
 11
36600
 21
13050
  0
LINE
  5
4E6
100
AcDbEntity
  8
FURN
  6
ByLayer
 62
  256
370
   -1
100
AcDbLine
 10
36450
 20
13050
 11
35400
 21
13050
  0
LINE
  5
4E7
100
AcDbEntity
  8
FURN
  6
ByLayer
 62
  256
370
   -1
100
AcDbLine
 10
37650
 20
12725
 11
36600
 21
12725
  0
LINE
  5
4E8
100
AcDbEntity
  8
FURN
  6
ByLayer
 62
  256
370
   -1
100
AcDbLine
 10
36450
 20
12725
 11
35400
 21
12725
  0
LINE
  5
4E9
100
AcDbEntity
  8
FURN
  6
ByLayer
 62
  256
370
   -1
100
AcDbLine
 10
37650
 20
12400
 11
36600
 21
12400
  0
LINE
  5
4EA
100
AcDbEntity
  8
FURN
  6
ByLayer
 62
  256
370
   -1
100
AcDbLine
 10
36450
 20
12400
 11
35400
 21
12400
  0
LINE
  5
4EB
100
AcDbEntity
  8
FURN
  6
ByLayer
 62
  256
370
   -1
100
AcDbLine
 10
37650
 20
12075
 11
36600
 21
12075
  0
LINE
  5
4EC
100
AcDbEntity
  8
FURN
  6
ByLayer
 62
  256
370
   -1
100
AcDbLine
 10
36450
 20
12075
 11
35400
 21
12075
  0
LINE
  5
4ED
100
AcDbEntity
  8
FURN
  6
ByLayer
 62
  256
370
   -1
100
AcDbLine
 10
37650
 20
11750
 11
36600
 21
11750
  0
LINE
  5
4EE
100
AcDbEntity
  8
FURN
  6
ByLayer
 62
  256
370
   -1
100
AcDbLine
 10
36450
 20
11750
 11
35400
 21
11750
  0
LINE
  5
4EF
100
AcDbEntity
  8
FURN
  6
ByLayer
 62
  256
370
   -1
100
AcDbLine
 10
36600
 20
14675
 11
36600
 21
10375
  0
LINE
  5
4F0
100
AcDbEntity
  8
FURN
  6
ByLayer
 62
  256
370
   -1
100
AcDbLine
 10
36450
 20
14675
 11
36450
 21
10375
  0
LINE
  5
4F1
100
AcDbEntity
  8
FURN
  6
ByLayer
 62
  256
370
   -1
100
AcDbLine
 10
37125
 20
10625
 11
37125
 21
14250
  0
LINE
  5
4F2
100
AcDbEntity
  8
FURN
  6
ByLayer
 62
  256
370
   -1
100
AcDbLine
 10
37225
 20
14050
 11
37125
 21
14250
  0
LINE
  5
4F3
100
AcDbEntity
  8
FURN
  6
ByLayer
 62
  256
370
   -1
100
AcDbLine
 10
37125
 20
14250
 11
37025
 21
14050
  0
LINE
  5
4F4
100
AcDbEntity
  8
FURN
  6
DASHED
 62
  256
370
   -1
100
AcDbLine
 10
38000
 20
10050
 11
33850
 21
10850
  0
LINE
  5
4F5
100
AcDbEntity
  8
DOOR
  6
ByLayer
 62
  256
370
   -1
100
AcDbLine
 10
34200
 20
14975
 11
34200
 21
15975
  0
LINE
  5
4F6
100
AcDbEntity
  8
DOOR
  6
ByLayer
 62
  256
370
   -1
100
AcDbLine
 10
35675
 20
15200
 11
34825
 21
15200
  0
LINE
  5
4F7
100
AcDbEntity
  8
FURN
  6
ByLayer
 62
  256
370
   -1
100
AcDbLine
 10
36850
 20
16700
 11
37600
 21
16700
  0
LINE
  5
4F8
100
AcDbEntity
  8
FURN
  6
ByLayer
 62
  256
370
   -1
100
AcDbLine
 10
37600
 20
16700
 11
37600
 21
15950
  0
LINE
  5
4F9
100
AcDbEntity
  8
FURN
  6
ByLayer
 62
  256
370
   -1
100
AcDbLine
 10
37600
 20
15950
 11
36850
 21
15950
  0
LINE
  5
4FA
100
AcDbEntity
  8
FURN
  6
ByLayer
 62
  256
370
   -1
100
AcDbLine
 10
36850
 20
15950
 11
36850
 21
16700
  0
LINE
  5
4FB
100
AcDbEntity
  8
FURN
  6
ByLayer
 62
  256
370
   -1
100
AcDbLine
 10
37600
 20
16700
 11
36850
 21
15950
  0
CIRCLE
  5
4FC
100
AcDbEntity
  8
FURN
  6
ByLayer
 62
  256
370
   -1
100
AcDbCircle
 10
37225
 20
16325
 40
62.5
  0
LINE
  5
4FD
100
AcDbEntity
  8
FURN
  6
ByLayer
 62
  256
370
   -1
100
AcDbLine
 10
36200
 20
16750
 11
36650
 21
16750
  0
LINE
  5
4FE
100
AcDbEntity
  8
FURN
  6
ByLayer
 62
  256
370
   -1
100
AcDbLine
 10
36650
 20
16750
 11
36650
 21
16550
  0
LINE
  5
4FF
100
AcDbEntity
  8
FURN
  6
ByLayer
 62
  256
370
   -1
100
AcDbLine
 10
36650
 20
16550
 11
36200
 21
16550
  0
LINE
  5
500
100
AcDbEntity
  8
FURN
  6
ByLayer
 62
  256
370
   -1
100
AcDbLine
 10
36200
 20
16550
 11
36200
 21
16750
  0
LINE
  5
501
100
AcDbEntity
  8
FURN
  6
ByLayer
 62
  256
370
   -1
100
AcDbLine
 10
36650
 20
16250
 11
36632.9
 21
16144.8
  0
LINE
  5
502
100
AcDbEntity
  8
FURN
  6
ByLayer
 62
  256
370
   -1
100
AcDbLine
 10
36632.9
 20
16144.8
 11
36584.1
 21
16055.5
  0
LINE
  5
503
100
AcDbEntity
  8
FURN
  6
ByLayer
 62
  256
370
   -1
100
AcDbLine
 10
36584.1
 20
16055.5
 11
36511.1
 21
15995.9
  0
LINE
  5
504
100
AcDbEntity
  8
FURN
  6
ByLayer
 62
  256
370
   -1
100
AcDbLine
 10
36511.1
 20
15995.9
 11
36425
 21
15975
  0
LINE
  5
505
100
AcDbEntity
  8
FURN
  6
ByLayer
 62
  256
370
   -1
100
AcDbLine
 10
36425
 20
15975
 11
36338.9
 21
15995.9
  0
LINE
  5
506
100
AcDbEntity
  8
FURN
  6
ByLayer
 62
  256
370
   -1
100
AcDbLine
 10
36338.9
 20
15995.9
 11
36265.9
 21
16055.5
  0
LINE
  5
507
100
AcDbEntity
  8
FURN
  6
ByLayer
 62
  256
370
   -1
100
AcDbLine
 10
36265.9
 20
16055.5
 11
36217.1
 21
16144.8
  0
LINE
  5
508
100
AcDbEntity
  8
FURN
  6
ByLayer
 62
  256
370
   -1
100
AcDbLine
 10
36217.1
 20
16144.8
 11
36200
 21
16250
  0
LINE
  5
509
100
AcDbEntity
  8
FURN
  6
ByLayer
 62
  256
370
   -1
100
AcDbLine
 10
36200
 20
16250
 11
36217.1
 21
16355.2
  0
LINE
  5
50A
100
AcDbEntity
  8
FURN
  6
ByLayer
 62
  256
370
   -1
100
AcDbLine
 10
36217.1
 20
16355.2
 11
36265.9
 21
16444.5
  0
LINE
  5
50B
100
AcDbEntity
  8
FURN
  6
ByLayer
 62
  256
370
   -1
100
AcDbLine
 10
36265.9
 20
16444.5
 11
36338.9
 21
16504.1
  0
LINE
  5
50C
100
AcDbEntity
  8
FURN
  6
ByLayer
 62
  256
370
   -1
100
AcDbLine
 10
36338.9
 20
16504.1
 11
36425
 21
16525
  0
LINE
  5
50D
100
AcDbEntity
  8
FURN
  6
ByLayer
 62
  256
370
   -1
100
AcDbLine
 10
36425
 20
16525
 11
36511.1
 21
16504.1
  0
LINE
  5
50E
100
AcDbEntity
  8
FURN
  6
ByLayer
 62
  256
370
   -1
100
AcDbLine
 10
36511.1
 20
16504.1
 11
36584.1
 21
16444.5
  0
LINE
  5
50F
100
AcDbEntity
  8
FURN
  6
ByLayer
 62
  256
370
   -1
100
AcDbLine
 10
36584.1
 20
16444.5
 11
36632.9
 21
16355.2
  0
LINE
  5
510
100
AcDbEntity
  8
FURN
  6
ByLayer
 62
  256
370
   -1
100
AcDbLine
 10
36632.9
 20
16355.2
 11
36650
 21
16250
  0
LINE
  5
511
100
AcDbEntity
  8
FURN
  6
ByLayer
 62
  256
370
   -1
100
AcDbLine
 10
36850
 20
15650
 11
37600
 21
15650
  0
LINE
  5
512
100
AcDbEntity
  8
FURN
  6
ByLayer
 62
  256
370
   -1
100
AcDbLine
 10
37600
 20
15650
 11
37600
 21
15250
  0
LINE
  5
513
100
AcDbEntity
  8
FURN
  6
ByLayer
 62
  256
370
   -1
100
AcDbLine
 10
37600
 20
15250
 11
36850
 21
15250
  0
LINE
  5
514
100
AcDbEntity
  8
FURN
  6
ByLayer
 62
  256
370
   -1
100
AcDbLine
 10
36850
 20
15250
 11
36850
 21
15650
  0
LINE
  5
515
100
AcDbEntity
  8
FURN
  6
ByLayer
 62
  256
370
   -1
100
AcDbLine
 10
37500
 20
15450
 11
37479.1
 21
15392.6
  0
LINE
  5
516
100
AcDbEntity
  8
FURN
  6
ByLayer
 62
  256
370
   -1
100
AcDbLine
 10
37479.1
 20
15392.6
 11
37419.5
 21
15343.9
  0
LINE
  5
517
100
AcDbEntity
  8
FURN
  6
ByLayer
 62
  256
370
   -1
100
AcDbLine
 10
37419.5
 20
15343.9
 11
37330.2
 21
15311.4
  0
LINE
  5
518
100
AcDbEntity
  8
FURN
  6
ByLayer
 62
  256
370
   -1
100
AcDbLine
 10
37330.2
 20
15311.4
 11
37225
 21
15300
  0
LINE
  5
519
100
AcDbEntity
  8
FURN
  6
ByLayer
 62
  256
370
   -1
100
AcDbLine
 10
37225
 20
15300
 11
37119.8
 21
15311.4
  0
LINE
  5
51A
100
AcDbEntity
  8
FURN
  6
ByLayer
 62
  256
370
   -1
100
AcDbLine
 10
37119.8
 20
15311.4
 11
37030.5
 21
15343.9
  0
LINE
  5
51B
100
AcDbEntity
  8
FURN
  6
ByLayer
 62
  256
370
   -1
100
AcDbLine
 10
37030.5
 20
15343.9
 11
36970.9
 21
15392.6
  0
LINE
  5
51C
100
AcDbEntity
  8
FURN
  6
ByLayer
 62
  256
370
   -1
100
AcDbLine
 10
36970.9
 20
15392.6
 11
36950
 21
15450
  0
LINE
  5
51D
100
AcDbEntity
  8
FURN
  6
ByLayer
 62
  256
370
   -1
100
AcDbLine
 10
36950
 20
15450
 11
36970.9
 21
15507.4
  0
LINE
  5
51E
100
AcDbEntity
  8
FURN
  6
ByLayer
 62
  256
370
   -1
100
AcDbLine
 10
36970.9
 20
15507.4
 11
37030.5
 21
15556.1
  0
LINE
  5
51F
100
AcDbEntity
  8
FURN
  6
ByLayer
 62
  256
370
   -1
100
AcDbLine
 10
37030.5
 20
15556.1
 11
37119.8
 21
15588.6
  0
LINE
  5
520
100
AcDbEntity
  8
FURN
  6
ByLayer
 62
  256
370
   -1
100
AcDbLine
 10
37119.8
 20
15588.6
 11
37225
 21
15600
  0
LINE
  5
521
100
AcDbEntity
  8
FURN
  6
ByLayer
 62
  256
370
   -1
100
AcDbLine
 10
37225
 20
15600
 11
37330.2
 21
15588.6
  0
LINE
  5
522
100
AcDbEntity
  8
FURN
  6
ByLayer
 62
  256
370
   -1
100
AcDbLine
 10
37330.2
 20
15588.6
 11
37419.5
 21
15556.1
  0
LINE
  5
523
100
AcDbEntity
  8
FURN
  6
ByLayer
 62
  256
370
   -1
100
AcDbLine
 10
37419.5
 20
15556.1
 11
37479.1
 21
15507.4
  0
LINE
  5
524
100
AcDbEntity
  8
FURN
  6
ByLayer
 62
  256
370
   -1
100
AcDbLine
 10
37479.1
 20
15507.4
 11
37500
 21
15450
  0
LINE
  5
525
100
AcDbEntity
  8
FURN
  6
ByLayer
 62
  256
370
   -1
100
AcDbLine
 10
35200
 20
19500
 11
37300
 21
19500
  0
LINE
  5
526
100
AcDbEntity
  8
FURN
  6
ByLayer
 62
  256
370
   -1
100
AcDbLine
 10
37300
 20
19500
 11
37300
 21
17700
  0
LINE
  5
527
100
AcDbEntity
  8
FURN
  6
ByLayer
 62
  256
370
   -1
100
AcDbLine
 10
37300
 20
17700
 11
35200
 21
17700
  0
LINE
  5
528
100
AcDbEntity
  8
FURN
  6
ByLayer
 62
  256
370
   -1
100
AcDbLine
 10
35200
 20
17700
 11
35200
 21
19500
  0
LINE
  5
529
100
AcDbEntity
  8
FURN
  6
ByLayer
 62
  256
370
   -1
100
AcDbLine
 10
35200
 20
19500
 11
37300
 21
19500
  0
LINE
  5
52A
100
AcDbEntity
  8
FURN
  6
ByLayer
 62
  256
370
   -1
100
AcDbLine
 10
37300
 20
19500
 11
37300
 21
19300
  0
LINE
  5
52B
100
AcDbEntity
  8
FURN
  6
ByLayer
 62
  256
370
   -1
100
AcDbLine
 10
37300
 20
19300
 11
35200
 21
19300
  0
LINE
  5
52C
100
AcDbEntity
  8
FURN
  6
ByLayer
 62
  256
370
   -1
100
AcDbLine
 10
35200
 20
19300
 11
35200
 21
19500
  0
LINE
  5
52D
100
AcDbEntity
  8
FURN
  6
ByLayer
 62
  256
370
   -1
100
AcDbLine
 10
36350
 20
19150
 11
37100
 21
19150
  0
LINE
  5
52E
100
AcDbEntity
  8
FURN
  6
ByLayer
 62
  256
370
   -1
100
AcDbLine
 10
37100
 20
19150
 11
37100
 21
18550
  0
LINE
  5
52F
100
AcDbEntity
  8
FURN
  6
ByLayer
 62
  256
370
   -1
100
AcDbLine
 10
37100
 20
18550
 11
36350
 21
18550
  0
LINE
  5
530
100
AcDbEntity
  8
FURN
  6
ByLayer
 62
  256
370
   -1
100
AcDbLine
 10
36350
 20
18550
 11
36350
 21
19150
  0
LINE
  5
531
100
AcDbEntity
  8
FURN
  6
ByLayer
 62
  256
370
   -1
100
AcDbLine
 10
35400
 20
19150
 11
36150
 21
19150
  0
LINE
  5
532
100
AcDbEntity
  8
FURN
  6
ByLayer
 62
  256
370
   -1
100
AcDbLine
 10
36150
 20
19150
 11
36150
 21
18550
  0
LINE
  5
533
100
AcDbEntity
  8
FURN
  6
ByLayer
 62
  256
370
   -1
100
AcDbLine
 10
36150
 20
18550
 11
35400
 21
18550
  0
LINE
  5
534
100
AcDbEntity
  8
FURN
  6
ByLayer
 62
  256
370
   -1
100
AcDbLine
 10
35400
 20
18550
 11
35400
 21
19150
  0
LINE
  5
535
100
AcDbEntity
  8
FURN
  6
ByLayer
 62
  256
370
   -1
100
AcDbLine
 10
36800
 20
20150
 11
37300
 21
20150
  0
LINE
  5
536
100
AcDbEntity
  8
FURN
  6
ByLayer
 62
  256
370
   -1
100
AcDbLine
 10
37300
 20
20150
 11
37300
 21
19650
  0
LINE
  5
537
100
AcDbEntity
  8
FURN
  6
ByLayer
 62
  256
370
   -1
100
AcDbLine
 10
37300
 20
19650
 11
36800
 21
19650
  0
LINE
  5
538
100
AcDbEntity
  8
FURN
  6
ByLayer
 62
  256
370
   -1
100
AcDbLine
 10
36800
 20
19650
 11
36800
 21
20150
  0
LINE
  5
539
100
AcDbEntity
  8
FURN
  6
ByLayer
 62
  256
370
   -1
100
AcDbLine
 10
35200
 20
20150
 11
35700
 21
20150
  0
LINE
  5
53A
100
AcDbEntity
  8
FURN
  6
ByLayer
 62
  256
370
   -1
100
AcDbLine
 10
35700
 20
20150
 11
35700
 21
19650
  0
LINE
  5
53B
100
AcDbEntity
  8
FURN
  6
ByLayer
 62
  256
370
   -1
100
AcDbLine
 10
35700
 20
19650
 11
35200
 21
19650
  0
LINE
  5
53C
100
AcDbEntity
  8
FURN
  6
ByLayer
 62
  256
370
   -1
100
AcDbLine
 10
35200
 20
19650
 11
35200
 21
20150
  0
LINE
  5
53D
100
AcDbEntity
  8
FURN
  6
ByLayer
 62
  256
370
   -1
100
AcDbLine
 10
34400
 20
19500
 11
34850
 21
19500
  0
LINE
  5
53E
100
AcDbEntity
  8
FURN
  6
ByLayer
 62
  256
370
   -1
100
AcDbLine
 10
34850
 20
19500
 11
34850
 21
17750
  0
LINE
  5
53F
100
AcDbEntity
  8
FURN
  6
ByLayer
 62
  256
370
   -1
100
AcDbLine
 10
34850
 20
17750
 11
34400
 21
17750
  0
LINE
  5
540
100
AcDbEntity
  8
FURN
  6
ByLayer
 62
  256
370
   -1
100
AcDbLine
 10
34400
 20
17750
 11
34400
 21
19500
  0
LINE
  5
541
100
AcDbEntity
  8
WINDOW
  6
ByLayer
 62
  256
370
   -1
100
AcDbLine
 10
34750
 20
19962.5
 11
37000
 21
19962.5
  0
LINE
  5
542
100
AcDbEntity
  8
WINDOW
  6
ByLayer
 62
  256
370
   -1
100
AcDbLine
 10
37000
 20
19962.5
 11
37000
 21
19787.5
  0
LINE
  5
543
100
AcDbEntity
  8
WINDOW
  6
ByLayer
 62
  256
370
   -1
100
AcDbLine
 10
37000
 20
19787.5
 11
34750
 21
19787.5
  0
LINE
  5
544
100
AcDbEntity
  8
WINDOW
  6
ByLayer
 62
  256
370
   -1
100
AcDbLine
 10
34750
 20
19787.5
 11
34750
 21
19962.5
  0
LINE
  5
545
100
AcDbEntity
  8
WINDOW
  6
ByLayer
 62
  256
370
   -1
100
AcDbLine
 10
37000
 20
19875
 11
34750
 21
19875
  0
LINE
  5
546
100
AcDbEntity
  8
WINDOW
  6
ByLayer
 62
  256
370
   -1
100
AcDbLine
 10
37787.5
 20
19250
 11
37962.5
 21
19250
  0
LINE
  5
547
100
AcDbEntity
  8
WINDOW
  6
ByLayer
 62
  256
370
   -1
100
AcDbLine
 10
37962.5
 20
19250
 11
37962.5
 21
17250
  0
LINE
  5
548
100
AcDbEntity
  8
WINDOW
  6
ByLayer
 62
  256
370
   -1
100
AcDbLine
 10
37962.5
 20
17250
 11
37787.5
 21
17250
  0
LINE
  5
549
100
AcDbEntity
  8
WINDOW
  6
ByLayer
 62
  256
370
   -1
100
AcDbLine
 10
37787.5
 20
17250
 11
37787.5
 21
19250
  0
LINE
  5
54A
100
AcDbEntity
  8
WINDOW
  6
ByLayer
 62
  256
370
   -1
100
AcDbLine
 10
37875
 20
19250
 11
37875
 21
17250
  0
LINE
  5
54B
100
AcDbEntity
  8
HVAC
  6
ByLayer
 62
  256
370
   -1
100
AcDbLine
 10
34500
 20
16500
 11
34850
 21
16500
  0
LINE
  5
54C
100
AcDbEntity
  8
HVAC
  6
ByLayer
 62
  256
370
   -1
100
AcDbLine
 10
34850
 20
16500
 11
34850
 21
15650
  0
LINE
  5
54D
100
AcDbEntity
  8
HVAC
  6
ByLayer
 62
  256
370
   -1
100
AcDbLine
 10
34850
 20
15650
 11
34500
 21
15650
  0
LINE
  5
54E
100
AcDbEntity
  8
HVAC
  6
ByLayer
 62
  256
370
   -1
100
AcDbLine
 10
34500
 20
15650
 11
34500
 21
16500
  0
LINE
  5
54F
100
AcDbEntity
  8
HVAC
  6
ByLayer
 62
  256
370
   -1
100
AcDbLine
 10
34850
 20
16350
 11
34500
 21
16350
  0
LINE
  5
550
100
AcDbEntity
  8
HVAC
  6
ByLayer
 62
  256
370
   -1
100
AcDbLine
 10
34850
 20
16150
 11
34500
 21
16150
  0
LINE
  5
551
100
AcDbEntity
  8
HVAC
  6
ByLayer
 62
  256
370
   -1
100
AcDbLine
 10
34850
 20
15950
 11
34500
 21
15950
  0
LINE
  5
552
100
AcDbEntity
  8
HVAC
  6
ByLayer
 62
  256
370
   -1
100
AcDbLine
 10
34850
 20
15750
 11
34500
 21
15750
  0
LINE
  5
553
100
AcDbEntity
  8
WINDOW
  6
ByLayer
 62
  256
370
   -1
100
AcDbLine
 10
34875
 20
212.5
 11
37125
 21
212.5
  0
LINE
  5
554
100
AcDbEntity
  8
WINDOW
  6
ByLayer
 62
  256
370
   -1
100
AcDbLine
 10
37125
 20
212.5
 11
37125
 21
37.5
  0
LINE
  5
555
100
AcDbEntity
  8
WINDOW
  6
ByLayer
 62
  256
370
   -1
100
AcDbLine
 10
37125
 20
37.5
 11
34875
 21
37.5
  0
LINE
  5
556
100
AcDbEntity
  8
WINDOW
  6
ByLayer
 62
  256
370
   -1
100
AcDbLine
 10
34875
 20
37.5
 11
34875
 21
212.5
  0
LINE
  5
557
100
AcDbEntity
  8
WINDOW
  6
ByLayer
 62
  256
370
   -1
100
AcDbLine
 10
37125
 20
125
 11
34875
 21
125
  0
LINE
  5
558
100
AcDbEntity
  8
WINDOW
  6
ByLayer
 62
  256
370
   -1
100
AcDbLine
 10
30875
 20
212.5
 11
33125
 21
212.5
  0
LINE
  5
559
100
AcDbEntity
  8
WINDOW
  6
ByLayer
 62
  256
370
   -1
100
AcDbLine
 10
33125
 20
212.5
 11
33125
 21
37.5
  0
LINE
  5
55A
100
AcDbEntity
  8
WINDOW
  6
ByLayer
 62
  256
370
   -1
100
AcDbLine
 10
33125
 20
37.5
 11
30875
 21
37.5
  0
LINE
  5
55B
100
AcDbEntity
  8
WINDOW
  6
ByLayer
 62
  256
370
   -1
100
AcDbLine
 10
30875
 20
37.5
 11
30875
 21
212.5
  0
LINE
  5
55C
100
AcDbEntity
  8
WINDOW
  6
ByLayer
 62
  256
370
   -1
100
AcDbLine
 10
33125
 20
125
 11
30875
 21
125
  0
LINE
  5
55D
100
AcDbEntity
  8
WINDOW
  6
ByLayer
 62
  256
370
   -1
100
AcDbLine
 10
26875
 20
212.5
 11
29125
 21
212.5
  0
LINE
  5
55E
100
AcDbEntity
  8
WINDOW
  6
ByLayer
 62
  256
370
   -1
100
AcDbLine
 10
29125
 20
212.5
 11
29125
 21
37.5
  0
LINE
  5
55F
100
AcDbEntity
  8
WINDOW
  6
ByLayer
 62
  256
370
   -1
100
AcDbLine
 10
29125
 20
37.5
 11
26875
 21
37.5
  0
LINE
  5
560
100
AcDbEntity
  8
WINDOW
  6
ByLayer
 62
  256
370
   -1
100
AcDbLine
 10
26875
 20
37.5
 11
26875
 21
212.5
  0
LINE
  5
561
100
AcDbEntity
  8
WINDOW
  6
ByLayer
 62
  256
370
   -1
100
AcDbLine
 10
29125
 20
125
 11
26875
 21
125
  0
LINE
  5
562
100
AcDbEntity
  8
WINDOW
  6
ByLayer
 62
  256
370
   -1
100
AcDbLine
 10
22875
 20
212.5
 11
25125
 21
212.5
  0
LINE
  5
563
100
AcDbEntity
  8
WINDOW
  6
ByLayer
 62
  256
370
   -1
100
AcDbLine
 10
25125
 20
212.5
 11
25125
 21
37.5
  0
LINE
  5
564
100
AcDbEntity
  8
WINDOW
  6
ByLayer
 62
  256
370
   -1
100
AcDbLine
 10
25125
 20
37.5
 11
22875
 21
37.5
  0
LINE
  5
565
100
AcDbEntity
  8
WINDOW
  6
ByLayer
 62
  256
370
   -1
100
AcDbLine
 10
22875
 20
37.5
 11
22875
 21
212.5
  0
LINE
  5
566
100
AcDbEntity
  8
WINDOW
  6
ByLayer
 62
  256
370
   -1
100
AcDbLine
 10
25125
 20
125
 11
22875
 21
125
  0
LINE
  5
567
100
AcDbEntity
  8
WINDOW
  6
ByLayer
 62
  256
370
   -1
100
AcDbLine
 10
35000
 20
14962.5
 11
37000
 21
14962.5
  0
LINE
  5
568
100
AcDbEntity
  8
WINDOW
  6
ByLayer
 62
  256
370
   -1
100
AcDbLine
 10
37000
 20
14962.5
 11
37000
 21
14787.5
  0
LINE
  5
569
100
AcDbEntity
  8
WINDOW
  6
ByLayer
 62
  256
370
   -1
100
AcDbLine
 10
37000
 20
14787.5
 11
35000
 21
14787.5
  0
LINE
  5
56A
100
AcDbEntity
  8
WINDOW
  6
ByLayer
 62
  256
370
   -1
100
AcDbLine
 10
35000
 20
14787.5
 11
35000
 21
14962.5
  0
LINE
  5
56B
100
AcDbEntity
  8
WINDOW
  6
ByLayer
 62
  256
370
   -1
100
AcDbLine
 10
37000
 20
14875
 11
35000
 21
14875
  0
LINE
  5
56C
100
AcDbEntity
  8
WINDOW
  6
ByLayer
 62
  256
370
   -1
100
AcDbLine
 10
31000
 20
14962.5
 11
33000
 21
14962.5
  0
LINE
  5
56D
100
AcDbEntity
  8
WINDOW
  6
ByLayer
 62
  256
370
   -1
100
AcDbLine
 10
33000
 20
14962.5
 11
33000
 21
14787.5
  0
LINE
  5
56E
100
AcDbEntity
  8
WINDOW
  6
ByLayer
 62
  256
370
   -1
100
AcDbLine
 10
33000
 20
14787.5
 11
31000
 21
14787.5
  0
LINE
  5
56F
100
AcDbEntity
  8
WINDOW
  6
ByLayer
 62
  256
370
   -1
100
AcDbLine
 10
31000
 20
14787.5
 11
31000
 21
14962.5
  0
LINE
  5
570
100
AcDbEntity
  8
WINDOW
  6
ByLayer
 62
  256
370
   -1
100
AcDbLine
 10
33000
 20
14875
 11
31000
 21
14875
  0
LINE
  5
571
100
AcDbEntity
  8
WINDOW
  6
ByLayer
 62
  256
370
   -1
100
AcDbLine
 10
27000
 20
14962.5
 11
29000
 21
14962.5
  0
LINE
  5
572
100
AcDbEntity
  8
WINDOW
  6
ByLayer
 62
  256
370
   -1
100
AcDbLine
 10
29000
 20
14962.5
 11
29000
 21
14787.5
  0
LINE
  5
573
100
AcDbEntity
  8
WINDOW
  6
ByLayer
 62
  256
370
   -1
100
AcDbLine
 10
29000
 20
14787.5
 11
27000
 21
14787.5
  0
LINE
  5
574
100
AcDbEntity
  8
WINDOW
  6
ByLayer
 62
  256
370
   -1
100
AcDbLine
 10
27000
 20
14787.5
 11
27000
 21
14962.5
  0
LINE
  5
575
100
AcDbEntity
  8
WINDOW
  6
ByLayer
 62
  256
370
   -1
100
AcDbLine
 10
29000
 20
14875
 11
27000
 21
14875
  0
LINE
  5
576
100
AcDbEntity
  8
WINDOW
  6
ByLayer
 62
  256
370
   -1
100
AcDbLine
 10
23000
 20
14962.5
 11
25000
 21
14962.5
  0
LINE
  5
577
100
AcDbEntity
  8
WINDOW
  6
ByLayer
 62
  256
370
   -1
100
AcDbLine
 10
25000
 20
14962.5
 11
25000
 21
14787.5
  0
LINE
  5
578
100
AcDbEntity
  8
WINDOW
  6
ByLayer
 62
  256
370
   -1
100
AcDbLine
 10
25000
 20
14787.5
 11
23000
 21
14787.5
  0
LINE
  5
579
100
AcDbEntity
  8
WINDOW
  6
ByLayer
 62
  256
370
   -1
100
AcDbLine
 10
23000
 20
14787.5
 11
23000
 21
14962.5
  0
LINE
  5
57A
100
AcDbEntity
  8
WINDOW
  6
ByLayer
 62
  256
370
   -1
100
AcDbLine
 10
25000
 20
14875
 11
23000
 21
14875
  0
LINE
  5
57B
100
AcDbEntity
  8
WINDOW
  6
ByLayer
 62
  256
370
   -1
100
AcDbLine
 10
37787.5
 20
12750
 11
37962.5
 21
12750
  0
LINE
  5
57C
100
AcDbEntity
  8
WINDOW
  6
ByLayer
 62
  256
370
   -1
100
AcDbLine
 10
37962.5
 20
12750
 11
37962.5
 21
10750
  0
LINE
  5
57D
100
AcDbEntity
  8
WINDOW
  6
ByLayer
 62
  256
370
   -1
100
AcDbLine
 10
37962.5
 20
10750
 11
37787.5
 21
10750
  0
LINE
  5
57E
100
AcDbEntity
  8
WINDOW
  6
ByLayer
 62
  256
370
   -1
100
AcDbLine
 10
37787.5
 20
10750
 11
37787.5
 21
12750
  0
LINE
  5
57F
100
AcDbEntity
  8
WINDOW
  6
ByLayer
 62
  256
370
   -1
100
AcDbLine
 10
37875
 20
12750
 11
37875
 21
10750
  0
LINE
  5
580
100
AcDbEntity
  8
WINDOW
  6
ByLayer
 62
  256
370
   -1
100
AcDbLine
 10
37787.5
 20
4000
 11
37962.5
 21
4000
  0
LINE
  5
581
100
AcDbEntity
  8
WINDOW
  6
ByLayer
 62
  256
370
   -1
100
AcDbLine
 10
37962.5
 20
4000
 11
37962.5
 21
1750
  0
LINE
  5
582
100
AcDbEntity
  8
WINDOW
  6
ByLayer
 62
  256
370
   -1
100
AcDbLine
 10
37962.5
 20
1750
 11
37787.5
 21
1750
  0
LINE
  5
583
100
AcDbEntity
  8
WINDOW
  6
ByLayer
 62
  256
370
   -1
100
AcDbLine
 10
37787.5
 20
1750
 11
37787.5
 21
4000
  0
LINE
  5
584
100
AcDbEntity
  8
WINDOW
  6
ByLayer
 62
  256
370
   -1
100
AcDbLine
 10
37875
 20
4000
 11
37875
 21
1750
  0
LINE
  5
585
100
AcDbEntity
  8
WINDOW
  6
ByLayer
 62
  256
370
   -1
100
AcDbLine
 10
22037.5
 20
13000
 11
22212.5
 21
13000
  0
LINE
  5
586
100
AcDbEntity
  8
WINDOW
  6
ByLayer
 62
  256
370
   -1
100
AcDbLine
 10
22212.5
 20
13000
 11
22212.5
 21
10750
  0
LINE
  5
587
100
AcDbEntity
  8
WINDOW
  6
ByLayer
 62
  256
370
   -1
100
AcDbLine
 10
22212.5
 20
10750
 11
22037.5
 21
10750
  0
LINE
  5
588
100
AcDbEntity
  8
WINDOW
  6
ByLayer
 62
  256
370
   -1
100
AcDbLine
 10
22037.5
 20
10750
 11
22037.5
 21
13000
  0
LINE
  5
589
100
AcDbEntity
  8
WINDOW
  6
ByLayer
 62
  256
370
   -1
100
AcDbLine
 10
22125
 20
13000
 11
22125
 21
10750
  0
LINE
  5
58A
100
AcDbEntity
  8
WINDOW
  6
ByLayer
 62
  256
370
   -1
100
AcDbLine
 10
22037.5
 20
8250
 11
22212.5
 21
8250
  0
LINE
  5
58B
100
AcDbEntity
  8
WINDOW
  6
ByLayer
 62
  256
370
   -1
100
AcDbLine
 10
22212.5
 20
8250
 11
22212.5
 21
6750
  0
LINE
  5
58C
100
AcDbEntity
  8
WINDOW
  6
ByLayer
 62
  256
370
   -1
100
AcDbLine
 10
22212.5
 20
6750
 11
22037.5
 21
6750
  0
LINE
  5
58D
100
AcDbEntity
  8
WINDOW
  6
ByLayer
 62
  256
370
   -1
100
AcDbLine
 10
22037.5
 20
6750
 11
22037.5
 21
8250
  0
LINE
  5
58E
100
AcDbEntity
  8
WINDOW
  6
ByLayer
 62
  256
370
   -1
100
AcDbLine
 10
22125
 20
8250
 11
22125
 21
6750
  0
LINE
  5
58F
100
AcDbEntity
  8
WINDOW
  6
ByLayer
 62
  256
370
   -1
100
AcDbLine
 10
22037.5
 20
4000
 11
22212.5
 21
4000
  0
LINE
  5
590
100
AcDbEntity
  8
WINDOW
  6
ByLayer
 62
  256
370
   -1
100
AcDbLine
 10
22212.5
 20
4000
 11
22212.5
 21
1750
  0
LINE
  5
591
100
AcDbEntity
  8
WINDOW
  6
ByLayer
 62
  256
370
   -1
100
AcDbLine
 10
22212.5
 20
1750
 11
22037.5
 21
1750
  0
LINE
  5
592
100
AcDbEntity
  8
WINDOW
  6
ByLayer
 62
  256
370
   -1
100
AcDbLine
 10
22037.5
 20
1750
 11
22037.5
 21
4000
  0
LINE
  5
593
100
AcDbEntity
  8
WINDOW
  6
ByLayer
 62
  256
370
   -1
100
AcDbLine
 10
22125
 20
4000
 11
22125
 21
1750
  0
SOLID
  5
594
100
AcDbEntity
  8
COLUMN
  6
ByLayer
 62
  256
370
   -1
100
AcDbTrace
 10
37775
 20
-225
 30
0
 11
38225
 21
-225
 31
0
 12
37775
 22
225
 32
0
 13
38225
 23
225
 33
0
  0
LINE
  5
595
100
AcDbEntity
  8
COLUMN
  6
ByLayer
 62
  256
370
   -1
100
AcDbLine
 10
37775
 20
-225
 11
38225
 21
-225
  0
LINE
  5
596
100
AcDbEntity
  8
COLUMN
  6
ByLayer
 62
  256
370
   -1
100
AcDbLine
 10
38225
 20
-225
 11
38225
 21
225
  0
LINE
  5
597
100
AcDbEntity
  8
COLUMN
  6
ByLayer
 62
  256
370
   -1
100
AcDbLine
 10
38225
 20
225
 11
37775
 21
225
  0
LINE
  5
598
100
AcDbEntity
  8
COLUMN
  6
ByLayer
 62
  256
370
   -1
100
AcDbLine
 10
37775
 20
225
 11
37775
 21
-225
  0
SOLID
  5
599
100
AcDbEntity
  8
COLUMN
  6
ByLayer
 62
  256
370
   -1
100
AcDbTrace
 10
33775
 20
-225
 30
0
 11
34225
 21
-225
 31
0
 12
33775
 22
225
 32
0
 13
34225
 23
225
 33
0
  0
LINE
  5
59A
100
AcDbEntity
  8
COLUMN
  6
ByLayer
 62
  256
370
   -1
100
AcDbLine
 10
33775
 20
-225
 11
34225
 21
-225
  0
LINE
  5
59B
100
AcDbEntity
  8
COLUMN
  6
ByLayer
 62
  256
370
   -1
100
AcDbLine
 10
34225
 20
-225
 11
34225
 21
225
  0
LINE
  5
59C
100
AcDbEntity
  8
COLUMN
  6
ByLayer
 62
  256
370
   -1
100
AcDbLine
 10
34225
 20
225
 11
33775
 21
225
  0
LINE
  5
59D
100
AcDbEntity
  8
COLUMN
  6
ByLayer
 62
  256
370
   -1
100
AcDbLine
 10
33775
 20
225
 11
33775
 21
-225
  0
SOLID
  5
59E
100
AcDbEntity
  8
COLUMN
  6
ByLayer
 62
  256
370
   -1
100
AcDbTrace
 10
29775
 20
-225
 30
0
 11
30225
 21
-225
 31
0
 12
29775
 22
225
 32
0
 13
30225
 23
225
 33
0
  0
LINE
  5
59F
100
AcDbEntity
  8
COLUMN
  6
ByLayer
 62
  256
370
   -1
100
AcDbLine
 10
29775
 20
-225
 11
30225
 21
-225
  0
LINE
  5
5A0
100
AcDbEntity
  8
COLUMN
  6
ByLayer
 62
  256
370
   -1
100
AcDbLine
 10
30225
 20
-225
 11
30225
 21
225
  0
LINE
  5
5A1
100
AcDbEntity
  8
COLUMN
  6
ByLayer
 62
  256
370
   -1
100
AcDbLine
 10
30225
 20
225
 11
29775
 21
225
  0
LINE
  5
5A2
100
AcDbEntity
  8
COLUMN
  6
ByLayer
 62
  256
370
   -1
100
AcDbLine
 10
29775
 20
225
 11
29775
 21
-225
  0
SOLID
  5
5A3
100
AcDbEntity
  8
COLUMN
  6
ByLayer
 62
  256
370
   -1
100
AcDbTrace
 10
25775
 20
-225
 30
0
 11
26225
 21
-225
 31
0
 12
25775
 22
225
 32
0
 13
26225
 23
225
 33
0
  0
LINE
  5
5A4
100
AcDbEntity
  8
COLUMN
  6
ByLayer
 62
  256
370
   -1
100
AcDbLine
 10
25775
 20
-225
 11
26225
 21
-225
  0
LINE
  5
5A5
100
AcDbEntity
  8
COLUMN
  6
ByLayer
 62
  256
370
   -1
100
AcDbLine
 10
26225
 20
-225
 11
26225
 21
225
  0
LINE
  5
5A6
100
AcDbEntity
  8
COLUMN
  6
ByLayer
 62
  256
370
   -1
100
AcDbLine
 10
26225
 20
225
 11
25775
 21
225
  0
LINE
  5
5A7
100
AcDbEntity
  8
COLUMN
  6
ByLayer
 62
  256
370
   -1
100
AcDbLine
 10
25775
 20
225
 11
25775
 21
-225
  0
SOLID
  5
5A8
100
AcDbEntity
  8
COLUMN
  6
ByLayer
 62
  256
370
   -1
100
AcDbTrace
 10
21775
 20
-225
 30
0
 11
22225
 21
-225
 31
0
 12
21775
 22
225
 32
0
 13
22225
 23
225
 33
0
  0
LINE
  5
5A9
100
AcDbEntity
  8
COLUMN
  6
ByLayer
 62
  256
370
   -1
100
AcDbLine
 10
21775
 20
-225
 11
22225
 21
-225
  0
LINE
  5
5AA
100
AcDbEntity
  8
COLUMN
  6
ByLayer
 62
  256
370
   -1
100
AcDbLine
 10
22225
 20
-225
 11
22225
 21
225
  0
LINE
  5
5AB
100
AcDbEntity
  8
COLUMN
  6
ByLayer
 62
  256
370
   -1
100
AcDbLine
 10
22225
 20
225
 11
21775
 21
225
  0
LINE
  5
5AC
100
AcDbEntity
  8
COLUMN
  6
ByLayer
 62
  256
370
   -1
100
AcDbLine
 10
21775
 20
225
 11
21775
 21
-225
  0
SOLID
  5
5AD
100
AcDbEntity
  8
COLUMN
  6
ByLayer
 62
  256
370
   -1
100
AcDbTrace
 10
37775
 20
4775
 30
0
 11
38225
 21
4775
 31
0
 12
37775
 22
5225
 32
0
 13
38225
 23
5225
 33
0
  0
LINE
  5
5AE
100
AcDbEntity
  8
COLUMN
  6
ByLayer
 62
  256
370
   -1
100
AcDbLine
 10
37775
 20
4775
 11
38225
 21
4775
  0
LINE
  5
5AF
100
AcDbEntity
  8
COLUMN
  6
ByLayer
 62
  256
370
   -1
100
AcDbLine
 10
38225
 20
4775
 11
38225
 21
5225
  0
LINE
  5
5B0
100
AcDbEntity
  8
COLUMN
  6
ByLayer
 62
  256
370
   -1
100
AcDbLine
 10
38225
 20
5225
 11
37775
 21
5225
  0
LINE
  5
5B1
100
AcDbEntity
  8
COLUMN
  6
ByLayer
 62
  256
370
   -1
100
AcDbLine
 10
37775
 20
5225
 11
37775
 21
4775
  0
SOLID
  5
5B2
100
AcDbEntity
  8
COLUMN
  6
ByLayer
 62
  256
370
   -1
100
AcDbTrace
 10
33775
 20
4775
 30
0
 11
34225
 21
4775
 31
0
 12
33775
 22
5225
 32
0
 13
34225
 23
5225
 33
0
  0
LINE
  5
5B3
100
AcDbEntity
  8
COLUMN
  6
ByLayer
 62
  256
370
   -1
100
AcDbLine
 10
33775
 20
4775
 11
34225
 21
4775
  0
LINE
  5
5B4
100
AcDbEntity
  8
COLUMN
  6
ByLayer
 62
  256
370
   -1
100
AcDbLine
 10
34225
 20
4775
 11
34225
 21
5225
  0
LINE
  5
5B5
100
AcDbEntity
  8
COLUMN
  6
ByLayer
 62
  256
370
   -1
100
AcDbLine
 10
34225
 20
5225
 11
33775
 21
5225
  0
LINE
  5
5B6
100
AcDbEntity
  8
COLUMN
  6
ByLayer
 62
  256
370
   -1
100
AcDbLine
 10
33775
 20
5225
 11
33775
 21
4775
  0
SOLID
  5
5B7
100
AcDbEntity
  8
COLUMN
  6
ByLayer
 62
  256
370
   -1
100
AcDbTrace
 10
29775
 20
4775
 30
0
 11
30225
 21
4775
 31
0
 12
29775
 22
5225
 32
0
 13
30225
 23
5225
 33
0
  0
LINE
  5
5B8
100
AcDbEntity
  8
COLUMN
  6
ByLayer
 62
  256
370
   -1
100
AcDbLine
 10
29775
 20
4775
 11
30225
 21
4775
  0
LINE
  5
5B9
100
AcDbEntity
  8
COLUMN
  6
ByLayer
 62
  256
370
   -1
100
AcDbLine
 10
30225
 20
4775
 11
30225
 21
5225
  0
LINE
  5
5BA
100
AcDbEntity
  8
COLUMN
  6
ByLayer
 62
  256
370
   -1
100
AcDbLine
 10
30225
 20
5225
 11
29775
 21
5225
  0
LINE
  5
5BB
100
AcDbEntity
  8
COLUMN
  6
ByLayer
 62
  256
370
   -1
100
AcDbLine
 10
29775
 20
5225
 11
29775
 21
4775
  0
SOLID
  5
5BC
100
AcDbEntity
  8
COLUMN
  6
ByLayer
 62
  256
370
   -1
100
AcDbTrace
 10
25775
 20
4775
 30
0
 11
26225
 21
4775
 31
0
 12
25775
 22
5225
 32
0
 13
26225
 23
5225
 33
0
  0
LINE
  5
5BD
100
AcDbEntity
  8
COLUMN
  6
ByLayer
 62
  256
370
   -1
100
AcDbLine
 10
25775
 20
4775
 11
26225
 21
4775
  0
LINE
  5
5BE
100
AcDbEntity
  8
COLUMN
  6
ByLayer
 62
  256
370
   -1
100
AcDbLine
 10
26225
 20
4775
 11
26225
 21
5225
  0
LINE
  5
5BF
100
AcDbEntity
  8
COLUMN
  6
ByLayer
 62
  256
370
   -1
100
AcDbLine
 10
26225
 20
5225
 11
25775
 21
5225
  0
LINE
  5
5C0
100
AcDbEntity
  8
COLUMN
  6
ByLayer
 62
  256
370
   -1
100
AcDbLine
 10
25775
 20
5225
 11
25775
 21
4775
  0
SOLID
  5
5C1
100
AcDbEntity
  8
COLUMN
  6
ByLayer
 62
  256
370
   -1
100
AcDbTrace
 10
21775
 20
4775
 30
0
 11
22225
 21
4775
 31
0
 12
21775
 22
5225
 32
0
 13
22225
 23
5225
 33
0
  0
LINE
  5
5C2
100
AcDbEntity
  8
COLUMN
  6
ByLayer
 62
  256
370
   -1
100
AcDbLine
 10
21775
 20
4775
 11
22225
 21
4775
  0
LINE
  5
5C3
100
AcDbEntity
  8
COLUMN
  6
ByLayer
 62
  256
370
   -1
100
AcDbLine
 10
22225
 20
4775
 11
22225
 21
5225
  0
LINE
  5
5C4
100
AcDbEntity
  8
COLUMN
  6
ByLayer
 62
  256
370
   -1
100
AcDbLine
 10
22225
 20
5225
 11
21775
 21
5225
  0
LINE
  5
5C5
100
AcDbEntity
  8
COLUMN
  6
ByLayer
 62
  256
370
   -1
100
AcDbLine
 10
21775
 20
5225
 11
21775
 21
4775
  0
SOLID
  5
5C6
100
AcDbEntity
  8
COLUMN
  6
ByLayer
 62
  256
370
   -1
100
AcDbTrace
 10
37775
 20
9775
 30
0
 11
38225
 21
9775
 31
0
 12
37775
 22
10225
 32
0
 13
38225
 23
10225
 33
0
  0
LINE
  5
5C7
100
AcDbEntity
  8
COLUMN
  6
ByLayer
 62
  256
370
   -1
100
AcDbLine
 10
37775
 20
9775
 11
38225
 21
9775
  0
LINE
  5
5C8
100
AcDbEntity
  8
COLUMN
  6
ByLayer
 62
  256
370
   -1
100
AcDbLine
 10
38225
 20
9775
 11
38225
 21
10225
  0
LINE
  5
5C9
100
AcDbEntity
  8
COLUMN
  6
ByLayer
 62
  256
370
   -1
100
AcDbLine
 10
38225
 20
10225
 11
37775
 21
10225
  0
LINE
  5
5CA
100
AcDbEntity
  8
COLUMN
  6
ByLayer
 62
  256
370
   -1
100
AcDbLine
 10
37775
 20
10225
 11
37775
 21
9775
  0
SOLID
  5
5CB
100
AcDbEntity
  8
COLUMN
  6
ByLayer
 62
  256
370
   -1
100
AcDbTrace
 10
33775
 20
9775
 30
0
 11
34225
 21
9775
 31
0
 12
33775
 22
10225
 32
0
 13
34225
 23
10225
 33
0
  0
LINE
  5
5CC
100
AcDbEntity
  8
COLUMN
  6
ByLayer
 62
  256
370
   -1
100
AcDbLine
 10
33775
 20
9775
 11
34225
 21
9775
  0
LINE
  5
5CD
100
AcDbEntity
  8
COLUMN
  6
ByLayer
 62
  256
370
   -1
100
AcDbLine
 10
34225
 20
9775
 11
34225
 21
10225
  0
LINE
  5
5CE
100
AcDbEntity
  8
COLUMN
  6
ByLayer
 62
  256
370
   -1
100
AcDbLine
 10
34225
 20
10225
 11
33775
 21
10225
  0
LINE
  5
5CF
100
AcDbEntity
  8
COLUMN
  6
ByLayer
 62
  256
370
   -1
100
AcDbLine
 10
33775
 20
10225
 11
33775
 21
9775
  0
SOLID
  5
5D0
100
AcDbEntity
  8
COLUMN
  6
ByLayer
 62
  256
370
   -1
100
AcDbTrace
 10
29775
 20
9775
 30
0
 11
30225
 21
9775
 31
0
 12
29775
 22
10225
 32
0
 13
30225
 23
10225
 33
0
  0
LINE
  5
5D1
100
AcDbEntity
  8
COLUMN
  6
ByLayer
 62
  256
370
   -1
100
AcDbLine
 10
29775
 20
9775
 11
30225
 21
9775
  0
LINE
  5
5D2
100
AcDbEntity
  8
COLUMN
  6
ByLayer
 62
  256
370
   -1
100
AcDbLine
 10
30225
 20
9775
 11
30225
 21
10225
  0
LINE
  5
5D3
100
AcDbEntity
  8
COLUMN
  6
ByLayer
 62
  256
370
   -1
100
AcDbLine
 10
30225
 20
10225
 11
29775
 21
10225
  0
LINE
  5
5D4
100
AcDbEntity
  8
COLUMN
  6
ByLayer
 62
  256
370
   -1
100
AcDbLine
 10
29775
 20
10225
 11
29775
 21
9775
  0
SOLID
  5
5D5
100
AcDbEntity
  8
COLUMN
  6
ByLayer
 62
  256
370
   -1
100
AcDbTrace
 10
25775
 20
9775
 30
0
 11
26225
 21
9775
 31
0
 12
25775
 22
10225
 32
0
 13
26225
 23
10225
 33
0
  0
LINE
  5
5D6
100
AcDbEntity
  8
COLUMN
  6
ByLayer
 62
  256
370
   -1
100
AcDbLine
 10
25775
 20
9775
 11
26225
 21
9775
  0
LINE
  5
5D7
100
AcDbEntity
  8
COLUMN
  6
ByLayer
 62
  256
370
   -1
100
AcDbLine
 10
26225
 20
9775
 11
26225
 21
10225
  0
LINE
  5
5D8
100
AcDbEntity
  8
COLUMN
  6
ByLayer
 62
  256
370
   -1
100
AcDbLine
 10
26225
 20
10225
 11
25775
 21
10225
  0
LINE
  5
5D9
100
AcDbEntity
  8
COLUMN
  6
ByLayer
 62
  256
370
   -1
100
AcDbLine
 10
25775
 20
10225
 11
25775
 21
9775
  0
SOLID
  5
5DA
100
AcDbEntity
  8
COLUMN
  6
ByLayer
 62
  256
370
   -1
100
AcDbTrace
 10
21775
 20
9775
 30
0
 11
22225
 21
9775
 31
0
 12
21775
 22
10225
 32
0
 13
22225
 23
10225
 33
0
  0
LINE
  5
5DB
100
AcDbEntity
  8
COLUMN
  6
ByLayer
 62
  256
370
   -1
100
AcDbLine
 10
21775
 20
9775
 11
22225
 21
9775
  0
LINE
  5
5DC
100
AcDbEntity
  8
COLUMN
  6
ByLayer
 62
  256
370
   -1
100
AcDbLine
 10
22225
 20
9775
 11
22225
 21
10225
  0
LINE
  5
5DD
100
AcDbEntity
  8
COLUMN
  6
ByLayer
 62
  256
370
   -1
100
AcDbLine
 10
22225
 20
10225
 11
21775
 21
10225
  0
LINE
  5
5DE
100
AcDbEntity
  8
COLUMN
  6
ByLayer
 62
  256
370
   -1
100
AcDbLine
 10
21775
 20
10225
 11
21775
 21
9775
  0
SOLID
  5
5DF
100
AcDbEntity
  8
COLUMN
  6
ByLayer
 62
  256
370
   -1
100
AcDbTrace
 10
37775
 20
14775
 30
0
 11
38225
 21
14775
 31
0
 12
37775
 22
15225
 32
0
 13
38225
 23
15225
 33
0
  0
LINE
  5
5E0
100
AcDbEntity
  8
COLUMN
  6
ByLayer
 62
  256
370
   -1
100
AcDbLine
 10
37775
 20
14775
 11
38225
 21
14775
  0
LINE
  5
5E1
100
AcDbEntity
  8
COLUMN
  6
ByLayer
 62
  256
370
   -1
100
AcDbLine
 10
38225
 20
14775
 11
38225
 21
15225
  0
LINE
  5
5E2
100
AcDbEntity
  8
COLUMN
  6
ByLayer
 62
  256
370
   -1
100
AcDbLine
 10
38225
 20
15225
 11
37775
 21
15225
  0
LINE
  5
5E3
100
AcDbEntity
  8
COLUMN
  6
ByLayer
 62
  256
370
   -1
100
AcDbLine
 10
37775
 20
15225
 11
37775
 21
14775
  0
SOLID
  5
5E4
100
AcDbEntity
  8
COLUMN
  6
ByLayer
 62
  256
370
   -1
100
AcDbTrace
 10
33775
 20
14775
 30
0
 11
34225
 21
14775
 31
0
 12
33775
 22
15225
 32
0
 13
34225
 23
15225
 33
0
  0
LINE
  5
5E5
100
AcDbEntity
  8
COLUMN
  6
ByLayer
 62
  256
370
   -1
100
AcDbLine
 10
33775
 20
14775
 11
34225
 21
14775
  0
LINE
  5
5E6
100
AcDbEntity
  8
COLUMN
  6
ByLayer
 62
  256
370
   -1
100
AcDbLine
 10
34225
 20
14775
 11
34225
 21
15225
  0
LINE
  5
5E7
100
AcDbEntity
  8
COLUMN
  6
ByLayer
 62
  256
370
   -1
100
AcDbLine
 10
34225
 20
15225
 11
33775
 21
15225
  0
LINE
  5
5E8
100
AcDbEntity
  8
COLUMN
  6
ByLayer
 62
  256
370
   -1
100
AcDbLine
 10
33775
 20
15225
 11
33775
 21
14775
  0
SOLID
  5
5E9
100
AcDbEntity
  8
COLUMN
  6
ByLayer
 62
  256
370
   -1
100
AcDbTrace
 10
29775
 20
14775
 30
0
 11
30225
 21
14775
 31
0
 12
29775
 22
15225
 32
0
 13
30225
 23
15225
 33
0
  0
LINE
  5
5EA
100
AcDbEntity
  8
COLUMN
  6
ByLayer
 62
  256
370
   -1
100
AcDbLine
 10
29775
 20
14775
 11
30225
 21
14775
  0
LINE
  5
5EB
100
AcDbEntity
  8
COLUMN
  6
ByLayer
 62
  256
370
   -1
100
AcDbLine
 10
30225
 20
14775
 11
30225
 21
15225
  0
LINE
  5
5EC
100
AcDbEntity
  8
COLUMN
  6
ByLayer
 62
  256
370
   -1
100
AcDbLine
 10
30225
 20
15225
 11
29775
 21
15225
  0
LINE
  5
5ED
100
AcDbEntity
  8
COLUMN
  6
ByLayer
 62
  256
370
   -1
100
AcDbLine
 10
29775
 20
15225
 11
29775
 21
14775
  0
SOLID
  5
5EE
100
AcDbEntity
  8
COLUMN
  6
ByLayer
 62
  256
370
   -1
100
AcDbTrace
 10
25775
 20
14775
 30
0
 11
26225
 21
14775
 31
0
 12
25775
 22
15225
 32
0
 13
26225
 23
15225
 33
0
  0
LINE
  5
5EF
100
AcDbEntity
  8
COLUMN
  6
ByLayer
 62
  256
370
   -1
100
AcDbLine
 10
25775
 20
14775
 11
26225
 21
14775
  0
LINE
  5
5F0
100
AcDbEntity
  8
COLUMN
  6
ByLayer
 62
  256
370
   -1
100
AcDbLine
 10
26225
 20
14775
 11
26225
 21
15225
  0
LINE
  5
5F1
100
AcDbEntity
  8
COLUMN
  6
ByLayer
 62
  256
370
   -1
100
AcDbLine
 10
26225
 20
15225
 11
25775
 21
15225
  0
LINE
  5
5F2
100
AcDbEntity
  8
COLUMN
  6
ByLayer
 62
  256
370
   -1
100
AcDbLine
 10
25775
 20
15225
 11
25775
 21
14775
  0
SOLID
  5
5F3
100
AcDbEntity
  8
COLUMN
  6
ByLayer
 62
  256
370
   -1
100
AcDbTrace
 10
21775
 20
14775
 30
0
 11
22225
 21
14775
 31
0
 12
21775
 22
15225
 32
0
 13
22225
 23
15225
 33
0
  0
LINE
  5
5F4
100
AcDbEntity
  8
COLUMN
  6
ByLayer
 62
  256
370
   -1
100
AcDbLine
 10
21775
 20
14775
 11
22225
 21
14775
  0
LINE
  5
5F5
100
AcDbEntity
  8
COLUMN
  6
ByLayer
 62
  256
370
   -1
100
AcDbLine
 10
22225
 20
14775
 11
22225
 21
15225
  0
LINE
  5
5F6
100
AcDbEntity
  8
COLUMN
  6
ByLayer
 62
  256
370
   -1
100
AcDbLine
 10
22225
 20
15225
 11
21775
 21
15225
  0
LINE
  5
5F7
100
AcDbEntity
  8
COLUMN
  6
ByLayer
 62
  256
370
   -1
100
AcDbLine
 10
21775
 20
15225
 11
21775
 21
14775
  0
LINE
  5
5F8
100
AcDbEntity
  8
DOOR
  6
ByLayer
 62
  256
370
   -1
100
AcDbLine
 10
35250
 20
6575
 11
35250
 21
5725
  0
ARC
  5
5F9
100
AcDbEntity
  8
DOOR
  6
ByLayer
 62
  256
370
   -1
100
AcDbCircle
 10
34400
 20
5725
 40
850
100
AcDbArc
 50
0
 51
90
  0
LINE
  5
5FA
100
AcDbEntity
  8
DOOR
  6
ByLayer
 62
  256
370
   -1
100
AcDbLine
 10
31250
 20
6575
 11
31250
 21
5725
  0
ARC
  5
5FB
100
AcDbEntity
  8
DOOR
  6
ByLayer
 62
  256
370
   -1
100
AcDbCircle
 10
30400
 20
5725
 40
850
100
AcDbArc
 50
0
 51
90
  0
LINE
  5
5FC
100
AcDbEntity
  8
DOOR
  6
ByLayer
 62
  256
370
   -1
100
AcDbLine
 10
27250
 20
6575
 11
27250
 21
5725
  0
ARC
  5
5FD
100
AcDbEntity
  8
DOOR
  6
ByLayer
 62
  256
370
   -1
100
AcDbCircle
 10
26400
 20
5725
 40
850
100
AcDbArc
 50
0
 51
90
  0
LINE
  5
5FE
100
AcDbEntity
  8
DOOR
  6
ByLayer
 62
  256
370
   -1
100
AcDbLine
 10
23250
 20
6575
 11
23250
 21
5725
  0
ARC
  5
5FF
100
AcDbEntity
  8
DOOR
  6
ByLayer
 62
  256
370
   -1
100
AcDbCircle
 10
22400
 20
5725
 40
850
100
AcDbArc
 50
0
 51
90
  0
LINE
  5
600
100
AcDbEntity
  8
FURN
  6
ByLayer
 62
  256
370
   -1
100
AcDbLine
 10
37700
 20
7450
 11
37200
 21
7075
  0
LINE
  5
601
100
AcDbEntity
  8
FURN
  6
ByLayer
 62
  256
370
   -1
100
AcDbLine
 10
37200
 20
7450
 11
37700
 21
7075
  0
LINE
  5
602
100
AcDbEntity
  8
FURN
  6
ByLayer
 62
  256
370
   -1
100
AcDbLine
 10
37700
 20
7025
 11
37200
 21
6650
  0
LINE
  5
603
100
AcDbEntity
  8
FURN
  6
ByLayer
 62
  256
370
   -1
100
AcDbLine
 10
37200
 20
7025
 11
37700
 21
6650
  0
LINE
  5
604
100
AcDbEntity
  8
DOOR
  6
ByLayer
 62
  256
370
   -1
100
AcDbLine
 10
31250
 20
8500
 11
31250
 21
9350
  0
ARC
  5
605
100
AcDbEntity
  8
DOOR
  6
ByLayer
 62
  256
370
   -1
100
AcDbCircle
 10
30400
 20
9350
 40
850
100
AcDbArc
 50
270
 51
0
  0
LINE
  5
606
100
AcDbEntity
  8
DOOR
  6
ByLayer
 62
  256
370
   -1
100
AcDbLine
 10
27250
 20
8500
 11
27250
 21
9350
  0
ARC
  5
607
100
AcDbEntity
  8
DOOR
  6
ByLayer
 62
  256
370
   -1
100
AcDbCircle
 10
26400
 20
9350
 40
850
100
AcDbArc
 50
270
 51
0
  0
LINE
  5
608
100
AcDbEntity
  8
DOOR
  6
ByLayer
 62
  256
370
   -1
100
AcDbLine
 10
23250
 20
8500
 11
23250
 21
9350
  0
ARC
  5
609
100
AcDbEntity
  8
DOOR
  6
ByLayer
 62
  256
370
   -1
100
AcDbCircle
 10
22400
 20
9350
 40
850
100
AcDbArc
 50
270
 51
0
  0
LINE
  5
60A
100
AcDbEntity
  8
FURN
  6
ByLayer
 62
  256
370
   -1
100
AcDbLine
 10
22000
 20
4500
 11
20700
 21
4500
  0
LINE
  5
60B
100
AcDbEntity
  8
FURN
  6
ByLayer
 62
  256
370
   -1
100
AcDbLine
 10
20700
 20
4500
 11
20700
 21
-1450
  0
LINE
  5
60C
100
AcDbEntity
  8
FURN
  6
ByLayer
 62
  256
370
   -1
100
AcDbLine
 10
22050
 20
-1425
 11
20700
 21
-1425
  0
LINE
  5
60D
100
AcDbEntity
  8
FURN
  6
ByLayer
 62
  256
370
   -1
100
AcDbLine
 10
20825
 20
4375
 11
20825
 21
-1325
  0
LINE
  5
60E
100
AcDbEntity
  8
WINDOW
  6
ByLayer
 62
  256
370
   -1
100
AcDbLine
 10
22050
 20
4000
 11
22050
 21
1750
  0
LINE
  5
60F
100
AcDbEntity
  8
HVAC
  6
ByLayer
 62
  256
370
   -1
100
AcDbLine
 10
37750
 20
7050
 11
38100
 21
7050
  0
LINE
  5
610
100
AcDbEntity
  8
HVAC
  6
ByLayer
 62
  256
370
   -1
100
AcDbLine
 10
35350
 20
-1600
 11
34600
 21
-900
  0
LINE
  5
611
100
AcDbEntity
  8
DIM
  6
ByLayer
 62
  256
370
   -1
100
AcDbLine
 10
38000
 20
20000
 11
38850
 21
20000
  0
LINE
  5
612
100
AcDbEntity
  8
DIM
  6
ByLayer
 62
  256
370
   -1
100
AcDbLine
 10
38000
 20
15000
 11
38850
 21
15000
  0
LINE
  5
613
100
AcDbEntity
  8
DIM
  6
ByLayer
 62
  256
370
   -1
100
AcDbLine
 10
38700
 20
20000
 11
38700
 21
15000
  0
LINE
  5
614
100
AcDbEntity
  8
DIM
  6
ByLayer
 62
  256
370
   -1
100
AcDbLine
 10
38600
 20
19900
 11
38800
 21
20100
  0
LINE
  5
615
100
AcDbEntity
  8
DIM
  6
ByLayer
 62
  256
370
   -1
100
AcDbLine
 10
38600
 20
14900
 11
38800
 21
15100
  0
LINE
  5
616
100
AcDbEntity
  8
DIM
  6
ByLayer
 62
  256
370
   -1
100
AcDbLine
 10
34000
 20
20000
 11
34000
 21
20650
  0
LINE
  5
617
100
AcDbEntity
  8
DIM
  6
ByLayer
 62
  256
370
   -1
100
AcDbLine
 10
38000
 20
20000
 11
38000
 21
20650
  0
LINE
  5
618
100
AcDbEntity
  8
DIM
  6
ByLayer
 62
  256
370
   -1
100
AcDbLine
 10
34000
 20
20500
 11
38000
 21
20500
  0
LINE
  5
619
100
AcDbEntity
  8
DIM
  6
ByLayer
 62
  256
370
   -1
100
AcDbLine
 10
33900
 20
20400
 11
34100
 21
20600
  0
LINE
  5
61A
100
AcDbEntity
  8
DIM
  6
ByLayer
 62
  256
370
   -1
100
AcDbLine
 10
37900
 20
20400
 11
38100
 21
20600
  0
LINE
  5
61B
100
AcDbEntity
  8
DIM
  6
ByLayer
 62
  256
370
   -1
100
AcDbLine
 10
22000
 20
-1500
 11
22000
 21
-3200
  0
LINE
  5
61C
100
AcDbEntity
  8
DIM
  6
ByLayer
 62
  256
370
   -1
100
AcDbLine
 10
26000
 20
-1500
 11
26000
 21
-2850
  0
LINE
  5
61D
100
AcDbEntity
  8
DIM
  6
ByLayer
 62
  256
370
   -1
100
AcDbLine
 10
30000
 20
-1500
 11
30000
 21
-2850
  0
LINE
  5
61E
100
AcDbEntity
  8
DIM
  6
ByLayer
 62
  256
370
   -1
100
AcDbLine
 10
34000
 20
-1500
 11
34000
 21
-2850
  0
LINE
  5
61F
100
AcDbEntity
  8
DIM
  6
ByLayer
 62
  256
370
   -1
100
AcDbLine
 10
38000
 20
-1500
 11
38000
 21
-3200
  0
LINE
  5
620
100
AcDbEntity
  8
DIM
  6
ByLayer
 62
  256
370
   -1
100
AcDbLine
 10
22000
 20
-2750
 11
38000
 21
-2750
  0
LINE
  5
621
100
AcDbEntity
  8
DIM
  6
ByLayer
 62
  256
370
   -1
100
AcDbLine
 10
21900
 20
-2850
 11
22100
 21
-2650
  0
LINE
  5
622
100
AcDbEntity
  8
DIM
  6
ByLayer
 62
  256
370
   -1
100
AcDbLine
 10
25900
 20
-2850
 11
26100
 21
-2650
  0
LINE
  5
623
100
AcDbEntity
  8
DIM
  6
ByLayer
 62
  256
370
   -1
100
AcDbLine
 10
29900
 20
-2850
 11
30100
 21
-2650
  0
LINE
  5
624
100
AcDbEntity
  8
DIM
  6
ByLayer
 62
  256
370
   -1
100
AcDbLine
 10
33900
 20
-2850
 11
34100
 21
-2650
  0
LINE
  5
625
100
AcDbEntity
  8
DIM
  6
ByLayer
 62
  256
370
   -1
100
AcDbLine
 10
37900
 20
-2850
 11
38100
 21
-2650
  0
LINE
  5
626
100
AcDbEntity
  8
DIM
  6
ByLayer
 62
  256
370
   -1
100
AcDbLine
 10
22000
 20
-3250
 11
38000
 21
-3250
  0
LINE
  5
627
100
AcDbEntity
  8
DIM
  6
ByLayer
 62
  256
370
   -1
100
AcDbLine
 10
21900
 20
-3350
 11
22100
 21
-3150
  0
LINE
  5
628
100
AcDbEntity
  8
DIM
  6
ByLayer
 62
  256
370
   -1
100
AcDbLine
 10
37900
 20
-3350
 11
38100
 21
-3150
  0
LINE
  5
629
100
AcDbEntity
  8
DIM
  6
ByLayer
 62
  256
370
   -1
100
AcDbLine
 10
22000
 20
15000
 11
19800
 21
15000
  0
LINE
  5
62A
100
AcDbEntity
  8
DIM
  6
ByLayer
 62
  256
370
   -1
100
AcDbLine
 10
22000
 20
10000
 11
20150
 21
10000
  0
LINE
  5
62B
100
AcDbEntity
  8
DIM
  6
ByLayer
 62
  256
370
   -1
100
AcDbLine
 10
22000
 20
5000
 11
20150
 21
5000
  0
LINE
  5
62C
100
AcDbEntity
  8
DIM
  6
ByLayer
 62
  256
370
   -1
100
AcDbLine
 10
22000
 20
0
 11
19800
 21
0
  0
LINE
  5
62D
100
AcDbEntity
  8
DIM
  6
ByLayer
 62
  256
370
   -1
100
AcDbLine
 10
20250
 20
15000
 11
20250
 21
0
  0
LINE
  5
62E
100
AcDbEntity
  8
DIM
  6
ByLayer
 62
  256
370
   -1
100
AcDbLine
 10
20150
 20
14900
 11
20350
 21
15100
  0
LINE
  5
62F
100
AcDbEntity
  8
DIM
  6
ByLayer
 62
  256
370
   -1
100
AcDbLine
 10
20150
 20
9900
 11
20350
 21
10100
  0
LINE
  5
630
100
AcDbEntity
  8
DIM
  6
ByLayer
 62
  256
370
   -1
100
AcDbLine
 10
20150
 20
4900
 11
20350
 21
5100
  0
LINE
  5
631
100
AcDbEntity
  8
DIM
  6
ByLayer
 62
  256
370
   -1
100
AcDbLine
 10
20150
 20
-100
 11
20350
 21
100
  0
LINE
  5
632
100
AcDbEntity
  8
DIM
  6
ByLayer
 62
  256
370
   -1
100
AcDbLine
 10
19900
 20
15000
 11
19900
 21
0
  0
LINE
  5
633
100
AcDbEntity
  8
DIM
  6
ByLayer
 62
  256
370
   -1
100
AcDbLine
 10
19800
 20
14900
 11
20000
 21
15100
  0
LINE
  5
634
100
AcDbEntity
  8
DIM
  6
ByLayer
 62
  256
370
   -1
100
AcDbLine
 10
19800
 20
-100
 11
20000
 21
100
  0
SOLID
  5
635
100
AcDbEntity
  8
WALL
  6
ByLayer
 62
  256
370
   -1
100
AcDbTrace
 10
35800
 20
4250
 30
0
 11
35900
 21
4250
 31
0
 12
35800
 22
6500
 32
0
 13
35900
 23
6500
 33
0
  0
LINE
  5
636
100
AcDbEntity
  8
WALL
  6
ByLayer
 62
  256
370
   -1
100
AcDbLine
 10
35800
 20
4250
 11
35900
 21
4250
  0
LINE
  5
637
100
AcDbEntity
  8
WALL
  6
ByLayer
 62
  256
370
   -1
100
AcDbLine
 10
35900
 20
4250
 11
35900
 21
6500
  0
LINE
  5
638
100
AcDbEntity
  8
WALL
  6
ByLayer
 62
  256
370
   -1
100
AcDbLine
 10
35900
 20
6500
 11
35800
 21
6500
  0
LINE
  5
639
100
AcDbEntity
  8
WALL
  6
ByLayer
 62
  256
370
   -1
100
AcDbLine
 10
35800
 20
6500
 11
35800
 21
4250
  0
SOLID
  5
63A
100
AcDbEntity
  8
WALL
  6
ByLayer
 62
  256
370
   -1
100
AcDbTrace
 10
36650
 20
4250
 30
0
 11
37900
 21
4250
 31
0
 12
36650
 22
4350
 32
0
 13
37900
 23
4350
 33
0
  0
LINE
  5
63B
100
AcDbEntity
  8
WALL
  6
ByLayer
 62
  256
370
   -1
100
AcDbLine
 10
36650
 20
4250
 11
37900
 21
4250
  0
LINE
  5
63C
100
AcDbEntity
  8
WALL
  6
ByLayer
 62
  256
370
   -1
100
AcDbLine
 10
37900
 20
4250
 11
37900
 21
4350
  0
LINE
  5
63D
100
AcDbEntity
  8
WALL
  6
ByLayer
 62
  256
370
   -1
100
AcDbLine
 10
37900
 20
4350
 11
36650
 21
4350
  0
LINE
  5
63E
100
AcDbEntity
  8
WALL
  6
ByLayer
 62
  256
370
   -1
100
AcDbLine
 10
36650
 20
4350
 11
36650
 21
4250
  0
SOLID
  5
63F
100
AcDbEntity
  8
WALL
  6
ByLayer
 62
  256
370
   -1
100
AcDbTrace
 10
31800
 20
4250
 30
0
 11
31900
 21
4250
 31
0
 12
31800
 22
6500
 32
0
 13
31900
 23
6500
 33
0
  0
LINE
  5
640
100
AcDbEntity
  8
WALL
  6
ByLayer
 62
  256
370
   -1
100
AcDbLine
 10
31800
 20
4250
 11
31900
 21
4250
  0
LINE
  5
641
100
AcDbEntity
  8
WALL
  6
ByLayer
 62
  256
370
   -1
100
AcDbLine
 10
31900
 20
4250
 11
31900
 21
6500
  0
LINE
  5
642
100
AcDbEntity
  8
WALL
  6
ByLayer
 62
  256
370
   -1
100
AcDbLine
 10
31900
 20
6500
 11
31800
 21
6500
  0
LINE
  5
643
100
AcDbEntity
  8
WALL
  6
ByLayer
 62
  256
370
   -1
100
AcDbLine
 10
31800
 20
6500
 11
31800
 21
4250
  0
SOLID
  5
644
100
AcDbEntity
  8
WALL
  6
ByLayer
 62
  256
370
   -1
100
AcDbTrace
 10
32650
 20
4250
 30
0
 11
33900
 21
4250
 31
0
 12
32650
 22
4350
 32
0
 13
33900
 23
4350
 33
0
  0
LINE
  5
645
100
AcDbEntity
  8
WALL
  6
ByLayer
 62
  256
370
   -1
100
AcDbLine
 10
32650
 20
4250
 11
33900
 21
4250
  0
LINE
  5
646
100
AcDbEntity
  8
WALL
  6
ByLayer
 62
  256
370
   -1
100
AcDbLine
 10
33900
 20
4250
 11
33900
 21
4350
  0
LINE
  5
647
100
AcDbEntity
  8
WALL
  6
ByLayer
 62
  256
370
   -1
100
AcDbLine
 10
33900
 20
4350
 11
32650
 21
4350
  0
LINE
  5
648
100
AcDbEntity
  8
WALL
  6
ByLayer
 62
  256
370
   -1
100
AcDbLine
 10
32650
 20
4350
 11
32650
 21
4250
  0
SOLID
  5
649
100
AcDbEntity
  8
WALL
  6
ByLayer
 62
  256
370
   -1
100
AcDbTrace
 10
27800
 20
4250
 30
0
 11
27900
 21
4250
 31
0
 12
27800
 22
6500
 32
0
 13
27900
 23
6500
 33
0
  0
LINE
  5
64A
100
AcDbEntity
  8
WALL
  6
ByLayer
 62
  256
370
   -1
100
AcDbLine
 10
27800
 20
4250
 11
27900
 21
4250
  0
LINE
  5
64B
100
AcDbEntity
  8
WALL
  6
ByLayer
 62
  256
370
   -1
100
AcDbLine
 10
27900
 20
4250
 11
27900
 21
6500
  0
LINE
  5
64C
100
AcDbEntity
  8
WALL
  6
ByLayer
 62
  256
370
   -1
100
AcDbLine
 10
27900
 20
6500
 11
27800
 21
6500
  0
LINE
  5
64D
100
AcDbEntity
  8
WALL
  6
ByLayer
 62
  256
370
   -1
100
AcDbLine
 10
27800
 20
6500
 11
27800
 21
4250
  0
SOLID
  5
64E
100
AcDbEntity
  8
WALL
  6
ByLayer
 62
  256
370
   -1
100
AcDbTrace
 10
28650
 20
4250
 30
0
 11
29900
 21
4250
 31
0
 12
28650
 22
4350
 32
0
 13
29900
 23
4350
 33
0
  0
LINE
  5
64F
100
AcDbEntity
  8
WALL
  6
ByLayer
 62
  256
370
   -1
100
AcDbLine
 10
28650
 20
4250
 11
29900
 21
4250
  0
LINE
  5
650
100
AcDbEntity
  8
WALL
  6
ByLayer
 62
  256
370
   -1
100
AcDbLine
 10
29900
 20
4250
 11
29900
 21
4350
  0
LINE
  5
651
100
AcDbEntity
  8
WALL
  6
ByLayer
 62
  256
370
   -1
100
AcDbLine
 10
29900
 20
4350
 11
28650
 21
4350
  0
LINE
  5
652
100
AcDbEntity
  8
WALL
  6
ByLayer
 62
  256
370
   -1
100
AcDbLine
 10
28650
 20
4350
 11
28650
 21
4250
  0
SOLID
  5
653
100
AcDbEntity
  8
WALL
  6
ByLayer
 62
  256
370
   -1
100
AcDbTrace
 10
23800
 20
4250
 30
0
 11
23900
 21
4250
 31
0
 12
23800
 22
6500
 32
0
 13
23900
 23
6500
 33
0
  0
LINE
  5
654
100
AcDbEntity
  8
WALL
  6
ByLayer
 62
  256
370
   -1
100
AcDbLine
 10
23800
 20
4250
 11
23900
 21
4250
  0
LINE
  5
655
100
AcDbEntity
  8
WALL
  6
ByLayer
 62
  256
370
   -1
100
AcDbLine
 10
23900
 20
4250
 11
23900
 21
6500
  0
LINE
  5
656
100
AcDbEntity
  8
WALL
  6
ByLayer
 62
  256
370
   -1
100
AcDbLine
 10
23900
 20
6500
 11
23800
 21
6500
  0
LINE
  5
657
100
AcDbEntity
  8
WALL
  6
ByLayer
 62
  256
370
   -1
100
AcDbLine
 10
23800
 20
6500
 11
23800
 21
4250
  0
SOLID
  5
658
100
AcDbEntity
  8
WALL
  6
ByLayer
 62
  256
370
   -1
100
AcDbTrace
 10
24650
 20
4250
 30
0
 11
25900
 21
4250
 31
0
 12
24650
 22
4350
 32
0
 13
25900
 23
4350
 33
0
  0
LINE
  5
659
100
AcDbEntity
  8
WALL
  6
ByLayer
 62
  256
370
   -1
100
AcDbLine
 10
24650
 20
4250
 11
25900
 21
4250
  0
LINE
  5
65A
100
AcDbEntity
  8
WALL
  6
ByLayer
 62
  256
370
   -1
100
AcDbLine
 10
25900
 20
4250
 11
25900
 21
4350
  0
LINE
  5
65B
100
AcDbEntity
  8
WALL
  6
ByLayer
 62
  256
370
   -1
100
AcDbLine
 10
25900
 20
4350
 11
24650
 21
4350
  0
LINE
  5
65C
100
AcDbEntity
  8
WALL
  6
ByLayer
 62
  256
370
   -1
100
AcDbLine
 10
24650
 20
4350
 11
24650
 21
4250
  0
SOLID
  5
65D
100
AcDbEntity
  8
WALL
  6
ByLayer
 62
  256
370
   -1
100
AcDbTrace
 10
31800
 20
8500
 30
0
 11
31900
 21
8500
 31
0
 12
31800
 22
10750
 32
0
 13
31900
 23
10750
 33
0
  0
LINE
  5
65E
100
AcDbEntity
  8
WALL
  6
ByLayer
 62
  256
370
   -1
100
AcDbLine
 10
31800
 20
8500
 11
31900
 21
8500
  0
LINE
  5
65F
100
AcDbEntity
  8
WALL
  6
ByLayer
 62
  256
370
   -1
100
AcDbLine
 10
31900
 20
8500
 11
31900
 21
10750
  0
LINE
  5
660
100
AcDbEntity
  8
WALL
  6
ByLayer
 62
  256
370
   -1
100
AcDbLine
 10
31900
 20
10750
 11
31800
 21
10750
  0
LINE
  5
661
100
AcDbEntity
  8
WALL
  6
ByLayer
 62
  256
370
   -1
100
AcDbLine
 10
31800
 20
10750
 11
31800
 21
8500
  0
SOLID
  5
662
100
AcDbEntity
  8
WALL
  6
ByLayer
 62
  256
370
   -1
100
AcDbTrace
 10
32650
 20
10650
 30
0
 11
33900
 21
10650
 31
0
 12
32650
 22
10750
 32
0
 13
33900
 23
10750
 33
0
  0
LINE
  5
663
100
AcDbEntity
  8
WALL
  6
ByLayer
 62
  256
370
   -1
100
AcDbLine
 10
32650
 20
10650
 11
33900
 21
10650
  0
LINE
  5
664
100
AcDbEntity
  8
WALL
  6
ByLayer
 62
  256
370
   -1
100
AcDbLine
 10
33900
 20
10650
 11
33900
 21
10750
  0
LINE
  5
665
100
AcDbEntity
  8
WALL
  6
ByLayer
 62
  256
370
   -1
100
AcDbLine
 10
33900
 20
10750
 11
32650
 21
10750
  0
LINE
  5
666
100
AcDbEntity
  8
WALL
  6
ByLayer
 62
  256
370
   -1
100
AcDbLine
 10
32650
 20
10750
 11
32650
 21
10650
  0
SOLID
  5
667
100
AcDbEntity
  8
WALL
  6
ByLayer
 62
  256
370
   -1
100
AcDbTrace
 10
27800
 20
8500
 30
0
 11
27900
 21
8500
 31
0
 12
27800
 22
10750
 32
0
 13
27900
 23
10750
 33
0
  0
LINE
  5
668
100
AcDbEntity
  8
WALL
  6
ByLayer
 62
  256
370
   -1
100
AcDbLine
 10
27800
 20
8500
 11
27900
 21
8500
  0
LINE
  5
669
100
AcDbEntity
  8
WALL
  6
ByLayer
 62
  256
370
   -1
100
AcDbLine
 10
27900
 20
8500
 11
27900
 21
10750
  0
LINE
  5
66A
100
AcDbEntity
  8
WALL
  6
ByLayer
 62
  256
370
   -1
100
AcDbLine
 10
27900
 20
10750
 11
27800
 21
10750
  0
LINE
  5
66B
100
AcDbEntity
  8
WALL
  6
ByLayer
 62
  256
370
   -1
100
AcDbLine
 10
27800
 20
10750
 11
27800
 21
8500
  0
SOLID
  5
66C
100
AcDbEntity
  8
WALL
  6
ByLayer
 62
  256
370
   -1
100
AcDbTrace
 10
28650
 20
10650
 30
0
 11
29900
 21
10650
 31
0
 12
28650
 22
10750
 32
0
 13
29900
 23
10750
 33
0
  0
LINE
  5
66D
100
AcDbEntity
  8
WALL
  6
ByLayer
 62
  256
370
   -1
100
AcDbLine
 10
28650
 20
10650
 11
29900
 21
10650
  0
LINE
  5
66E
100
AcDbEntity
  8
WALL
  6
ByLayer
 62
  256
370
   -1
100
AcDbLine
 10
29900
 20
10650
 11
29900
 21
10750
  0
LINE
  5
66F
100
AcDbEntity
  8
WALL
  6
ByLayer
 62
  256
370
   -1
100
AcDbLine
 10
29900
 20
10750
 11
28650
 21
10750
  0
LINE
  5
670
100
AcDbEntity
  8
WALL
  6
ByLayer
 62
  256
370
   -1
100
AcDbLine
 10
28650
 20
10750
 11
28650
 21
10650
  0
SOLID
  5
671
100
AcDbEntity
  8
WALL
  6
ByLayer
 62
  256
370
   -1
100
AcDbTrace
 10
23800
 20
8500
 30
0
 11
23900
 21
8500
 31
0
 12
23800
 22
10750
 32
0
 13
23900
 23
10750
 33
0
  0
LINE
  5
672
100
AcDbEntity
  8
WALL
  6
ByLayer
 62
  256
370
   -1
100
AcDbLine
 10
23800
 20
8500
 11
23900
 21
8500
  0
LINE
  5
673
100
AcDbEntity
  8
WALL
  6
ByLayer
 62
  256
370
   -1
100
AcDbLine
 10
23900
 20
8500
 11
23900
 21
10750
  0
LINE
  5
674
100
AcDbEntity
  8
WALL
  6
ByLayer
 62
  256
370
   -1
100
AcDbLine
 10
23900
 20
10750
 11
23800
 21
10750
  0
LINE
  5
675
100
AcDbEntity
  8
WALL
  6
ByLayer
 62
  256
370
   -1
100
AcDbLine
 10
23800
 20
10750
 11
23800
 21
8500
  0
SOLID
  5
676
100
AcDbEntity
  8
WALL
  6
ByLayer
 62
  256
370
   -1
100
AcDbTrace
 10
24650
 20
10650
 30
0
 11
25900
 21
10650
 31
0
 12
24650
 22
10750
 32
0
 13
25900
 23
10750
 33
0
  0
LINE
  5
677
100
AcDbEntity
  8
WALL
  6
ByLayer
 62
  256
370
   -1
100
AcDbLine
 10
24650
 20
10650
 11
25900
 21
10650
  0
LINE
  5
678
100
AcDbEntity
  8
WALL
  6
ByLayer
 62
  256
370
   -1
100
AcDbLine
 10
25900
 20
10650
 11
25900
 21
10750
  0
LINE
  5
679
100
AcDbEntity
  8
WALL
  6
ByLayer
 62
  256
370
   -1
100
AcDbLine
 10
25900
 20
10750
 11
24650
 21
10750
  0
LINE
  5
67A
100
AcDbEntity
  8
WALL
  6
ByLayer
 62
  256
370
   -1
100
AcDbLine
 10
24650
 20
10750
 11
24650
 21
10650
  0
SOLID
  5
67B
100
AcDbEntity
  8
WALL
  6
ByLayer
 62
  256
370
   -1
100
AcDbTrace
 10
33925
 20
250
 30
0
 11
34050
 21
250
 31
0
 12
33925
 22
6600
 32
0
 13
34050
 23
6600
 33
0
  0
LINE
  5
67C
100
AcDbEntity
  8
WALL
  6
ByLayer
 62
  256
370
   -1
100
AcDbLine
 10
33925
 20
250
 11
34050
 21
250
  0
LINE
  5
67D
100
AcDbEntity
  8
WALL
  6
ByLayer
 62
  256
370
   -1
100
AcDbLine
 10
34050
 20
250
 11
34050
 21
6600
  0
LINE
  5
67E
100
AcDbEntity
  8
WALL
  6
ByLayer
 62
  256
370
   -1
100
AcDbLine
 10
34050
 20
6600
 11
33925
 21
6600
  0
LINE
  5
67F
100
AcDbEntity
  8
WALL
  6
ByLayer
 62
  256
370
   -1
100
AcDbLine
 10
33925
 20
6600
 11
33925
 21
250
  0
SOLID
  5
680
100
AcDbEntity
  8
WALL
  6
ByLayer
 62
  256
370
   -1
100
AcDbTrace
 10
29925
 20
250
 30
0
 11
30050
 21
250
 31
0
 12
29925
 22
6600
 32
0
 13
30050
 23
6600
 33
0
  0
LINE
  5
681
100
AcDbEntity
  8
WALL
  6
ByLayer
 62
  256
370
   -1
100
AcDbLine
 10
29925
 20
250
 11
30050
 21
250
  0
LINE
  5
682
100
AcDbEntity
  8
WALL
  6
ByLayer
 62
  256
370
   -1
100
AcDbLine
 10
30050
 20
250
 11
30050
 21
6600
  0
LINE
  5
683
100
AcDbEntity
  8
WALL
  6
ByLayer
 62
  256
370
   -1
100
AcDbLine
 10
30050
 20
6600
 11
29925
 21
6600
  0
LINE
  5
684
100
AcDbEntity
  8
WALL
  6
ByLayer
 62
  256
370
   -1
100
AcDbLine
 10
29925
 20
6600
 11
29925
 21
250
  0
SOLID
  5
685
100
AcDbEntity
  8
WALL
  6
ByLayer
 62
  256
370
   -1
100
AcDbTrace
 10
25925
 20
250
 30
0
 11
26050
 21
250
 31
0
 12
25925
 22
6600
 32
0
 13
26050
 23
6600
 33
0
  0
LINE
  5
686
100
AcDbEntity
  8
WALL
  6
ByLayer
 62
  256
370
   -1
100
AcDbLine
 10
25925
 20
250
 11
26050
 21
250
  0
LINE
  5
687
100
AcDbEntity
  8
WALL
  6
ByLayer
 62
  256
370
   -1
100
AcDbLine
 10
26050
 20
250
 11
26050
 21
6600
  0
LINE
  5
688
100
AcDbEntity
  8
WALL
  6
ByLayer
 62
  256
370
   -1
100
AcDbLine
 10
26050
 20
6600
 11
25925
 21
6600
  0
LINE
  5
689
100
AcDbEntity
  8
WALL
  6
ByLayer
 62
  256
370
   -1
100
AcDbLine
 10
25925
 20
6600
 11
25925
 21
250
  0
SOLID
  5
68A
100
AcDbEntity
  8
WALL
  6
ByLayer
 62
  256
370
   -1
100
AcDbTrace
 10
33925
 20
8400
 30
0
 11
34050
 21
8400
 31
0
 12
33925
 22
14750
 32
0
 13
34050
 23
14750
 33
0
  0
LINE
  5
68B
100
AcDbEntity
  8
WALL
  6
ByLayer
 62
  256
370
   -1
100
AcDbLine
 10
33925
 20
8400
 11
34050
 21
8400
  0
LINE
  5
68C
100
AcDbEntity
  8
WALL
  6
ByLayer
 62
  256
370
   -1
100
AcDbLine
 10
34050
 20
8400
 11
34050
 21
14750
  0
LINE
  5
68D
100
AcDbEntity
  8
WALL
  6
ByLayer
 62
  256
370
   -1
100
AcDbLine
 10
34050
 20
14750
 11
33925
 21
14750
  0
LINE
  5
68E
100
AcDbEntity
  8
WALL
  6
ByLayer
 62
  256
370
   -1
100
AcDbLine
 10
33925
 20
14750
 11
33925
 21
8400
  0
SOLID
  5
68F
100
AcDbEntity
  8
WALL
  6
ByLayer
 62
  256
370
   -1
100
AcDbTrace
 10
29925
 20
8400
 30
0
 11
30050
 21
8400
 31
0
 12
29925
 22
14750
 32
0
 13
30050
 23
14750
 33
0
  0
LINE
  5
690
100
AcDbEntity
  8
WALL
  6
ByLayer
 62
  256
370
   -1
100
AcDbLine
 10
29925
 20
8400
 11
30050
 21
8400
  0
LINE
  5
691
100
AcDbEntity
  8
WALL
  6
ByLayer
 62
  256
370
   -1
100
AcDbLine
 10
30050
 20
8400
 11
30050
 21
14750
  0
LINE
  5
692
100
AcDbEntity
  8
WALL
  6
ByLayer
 62
  256
370
   -1
100
AcDbLine
 10
30050
 20
14750
 11
29925
 21
14750
  0
LINE
  5
693
100
AcDbEntity
  8
WALL
  6
ByLayer
 62
  256
370
   -1
100
AcDbLine
 10
29925
 20
14750
 11
29925
 21
8400
  0
SOLID
  5
694
100
AcDbEntity
  8
WALL
  6
ByLayer
 62
  256
370
   -1
100
AcDbTrace
 10
25925
 20
8400
 30
0
 11
26050
 21
8400
 31
0
 12
25925
 22
14750
 32
0
 13
26050
 23
14750
 33
0
  0
LINE
  5
695
100
AcDbEntity
  8
WALL
  6
ByLayer
 62
  256
370
   -1
100
AcDbLine
 10
25925
 20
8400
 11
26050
 21
8400
  0
LINE
  5
696
100
AcDbEntity
  8
WALL
  6
ByLayer
 62
  256
370
   -1
100
AcDbLine
 10
26050
 20
8400
 11
26050
 21
14750
  0
LINE
  5
697
100
AcDbEntity
  8
WALL
  6
ByLayer
 62
  256
370
   -1
100
AcDbLine
 10
26050
 20
14750
 11
25925
 21
14750
  0
LINE
  5
698
100
AcDbEntity
  8
WALL
  6
ByLayer
 62
  256
370
   -1
100
AcDbLine
 10
25925
 20
14750
 11
25925
 21
8400
  0
SOLID
  5
699
100
AcDbEntity
  8
WALL
  6
ByLayer
 62
  256
370
   -1
100
AcDbTrace
 10
22250
 20
6575
 30
0
 11
22400
 21
6575
 31
0
 12
22250
 22
6700
 32
0
 13
22400
 23
6700
 33
0
  0
LINE
  5
69A
100
AcDbEntity
  8
WALL
  6
ByLayer
 62
  256
370
   -1
100
AcDbLine
 10
22250
 20
6575
 11
22400
 21
6575
  0
LINE
  5
69B
100
AcDbEntity
  8
WALL
  6
ByLayer
 62
  256
370
   -1
100
AcDbLine
 10
22400
 20
6575
 11
22400
 21
6700
  0
LINE
  5
69C
100
AcDbEntity
  8
WALL
  6
ByLayer
 62
  256
370
   -1
100
AcDbLine
 10
22400
 20
6700
 11
22250
 21
6700
  0
LINE
  5
69D
100
AcDbEntity
  8
WALL
  6
ByLayer
 62
  256
370
   -1
100
AcDbLine
 10
22250
 20
6700
 11
22250
 21
6575
  0
SOLID
  5
69E
100
AcDbEntity
  8
WALL
  6
ByLayer
 62
  256
370
   -1
100
AcDbTrace
 10
23250
 20
6575
 30
0
 11
26400
 21
6575
 31
0
 12
23250
 22
6700
 32
0
 13
26400
 23
6700
 33
0
  0
LINE
  5
69F
100
AcDbEntity
  8
WALL
  6
ByLayer
 62
  256
370
   -1
100
AcDbLine
 10
23250
 20
6575
 11
26400
 21
6575
  0
LINE
  5
6A0
100
AcDbEntity
  8
WALL
  6
ByLayer
 62
  256
370
   -1
100
AcDbLine
 10
26400
 20
6575
 11
26400
 21
6700
  0
LINE
  5
6A1
100
AcDbEntity
  8
WALL
  6
ByLayer
 62
  256
370
   -1
100
AcDbLine
 10
26400
 20
6700
 11
23250
 21
6700
  0
LINE
  5
6A2
100
AcDbEntity
  8
WALL
  6
ByLayer
 62
  256
370
   -1
100
AcDbLine
 10
23250
 20
6700
 11
23250
 21
6575
  0
SOLID
  5
6A3
100
AcDbEntity
  8
WALL
  6
ByLayer
 62
  256
370
   -1
100
AcDbTrace
 10
27250
 20
6575
 30
0
 11
30400
 21
6575
 31
0
 12
27250
 22
6700
 32
0
 13
30400
 23
6700
 33
0
  0
LINE
  5
6A4
100
AcDbEntity
  8
WALL
  6
ByLayer
 62
  256
370
   -1
100
AcDbLine
 10
27250
 20
6575
 11
30400
 21
6575
  0
LINE
  5
6A5
100
AcDbEntity
  8
WALL
  6
ByLayer
 62
  256
370
   -1
100
AcDbLine
 10
30400
 20
6575
 11
30400
 21
6700
  0
LINE
  5
6A6
100
AcDbEntity
  8
WALL
  6
ByLayer
 62
  256
370
   -1
100
AcDbLine
 10
30400
 20
6700
 11
27250
 21
6700
  0
LINE
  5
6A7
100
AcDbEntity
  8
WALL
  6
ByLayer
 62
  256
370
   -1
100
AcDbLine
 10
27250
 20
6700
 11
27250
 21
6575
  0
SOLID
  5
6A8
100
AcDbEntity
  8
WALL
  6
ByLayer
 62
  256
370
   -1
100
AcDbTrace
 10
31250
 20
6575
 30
0
 11
34400
 21
6575
 31
0
 12
31250
 22
6700
 32
0
 13
34400
 23
6700
 33
0
  0
LINE
  5
6A9
100
AcDbEntity
  8
WALL
  6
ByLayer
 62
  256
370
   -1
100
AcDbLine
 10
31250
 20
6575
 11
34400
 21
6575
  0
LINE
  5
6AA
100
AcDbEntity
  8
WALL
  6
ByLayer
 62
  256
370
   -1
100
AcDbLine
 10
34400
 20
6575
 11
34400
 21
6700
  0
LINE
  5
6AB
100
AcDbEntity
  8
WALL
  6
ByLayer
 62
  256
370
   -1
100
AcDbLine
 10
34400
 20
6700
 11
31250
 21
6700
  0
LINE
  5
6AC
100
AcDbEntity
  8
WALL
  6
ByLayer
 62
  256
370
   -1
100
AcDbLine
 10
31250
 20
6700
 11
31250
 21
6575
  0
SOLID
  5
6AD
100
AcDbEntity
  8
WALL
  6
ByLayer
 62
  256
370
   -1
100
AcDbTrace
 10
35250
 20
6575
 30
0
 11
37200
 21
6575
 31
0
 12
35250
 22
6700
 32
0
 13
37200
 23
6700
 33
0
  0
LINE
  5
6AE
100
AcDbEntity
  8
WALL
  6
ByLayer
 62
  256
370
   -1
100
AcDbLine
 10
35250
 20
6575
 11
37200
 21
6575
  0
LINE
  5
6AF
100
AcDbEntity
  8
WALL
  6
ByLayer
 62
  256
370
   -1
100
AcDbLine
 10
37200
 20
6575
 11
37200
 21
6700
  0
LINE
  5
6B0
100
AcDbEntity
  8
WALL
  6
ByLayer
 62
  256
370
   -1
100
AcDbLine
 10
37200
 20
6700
 11
35250
 21
6700
  0
LINE
  5
6B1
100
AcDbEntity
  8
WALL
  6
ByLayer
 62
  256
370
   -1
100
AcDbLine
 10
35250
 20
6700
 11
35250
 21
6575
  0
SOLID
  5
6B2
100
AcDbEntity
  8
WALL
  6
ByLayer
 62
  256
370
   -1
100
AcDbTrace
 10
37700
 20
6575
 30
0
 11
37750
 21
6575
 31
0
 12
37700
 22
6700
 32
0
 13
37750
 23
6700
 33
0
  0
LINE
  5
6B3
100
AcDbEntity
  8
WALL
  6
ByLayer
 62
  256
370
   -1
100
AcDbLine
 10
37700
 20
6575
 11
37750
 21
6575
  0
LINE
  5
6B4
100
AcDbEntity
  8
WALL
  6
ByLayer
 62
  256
370
   -1
100
AcDbLine
 10
37750
 20
6575
 11
37750
 21
6700
  0
LINE
  5
6B5
100
AcDbEntity
  8
WALL
  6
ByLayer
 62
  256
370
   -1
100
AcDbLine
 10
37750
 20
6700
 11
37700
 21
6700
  0
LINE
  5
6B6
100
AcDbEntity
  8
WALL
  6
ByLayer
 62
  256
370
   -1
100
AcDbLine
 10
37700
 20
6700
 11
37700
 21
6575
  0
SOLID
  5
6B7
100
AcDbEntity
  8
WALL
  6
ByLayer
 62
  256
370
   -1
100
AcDbTrace
 10
22250
 20
8375
 30
0
 11
22400
 21
8375
 31
0
 12
22250
 22
8500
 32
0
 13
22400
 23
8500
 33
0
  0
LINE
  5
6B8
100
AcDbEntity
  8
WALL
  6
ByLayer
 62
  256
370
   -1
100
AcDbLine
 10
22250
 20
8375
 11
22400
 21
8375
  0
LINE
  5
6B9
100
AcDbEntity
  8
WALL
  6
ByLayer
 62
  256
370
   -1
100
AcDbLine
 10
22400
 20
8375
 11
22400
 21
8500
  0
LINE
  5
6BA
100
AcDbEntity
  8
WALL
  6
ByLayer
 62
  256
370
   -1
100
AcDbLine
 10
22400
 20
8500
 11
22250
 21
8500
  0
LINE
  5
6BB
100
AcDbEntity
  8
WALL
  6
ByLayer
 62
  256
370
   -1
100
AcDbLine
 10
22250
 20
8500
 11
22250
 21
8375
  0
SOLID
  5
6BC
100
AcDbEntity
  8
WALL
  6
ByLayer
 62
  256
370
   -1
100
AcDbTrace
 10
23250
 20
8375
 30
0
 11
26400
 21
8375
 31
0
 12
23250
 22
8500
 32
0
 13
26400
 23
8500
 33
0
  0
LINE
  5
6BD
100
AcDbEntity
  8
WALL
  6
ByLayer
 62
  256
370
   -1
100
AcDbLine
 10
23250
 20
8375
 11
26400
 21
8375
  0
LINE
  5
6BE
100
AcDbEntity
  8
WALL
  6
ByLayer
 62
  256
370
   -1
100
AcDbLine
 10
26400
 20
8375
 11
26400
 21
8500
  0
LINE
  5
6BF
100
AcDbEntity
  8
WALL
  6
ByLayer
 62
  256
370
   -1
100
AcDbLine
 10
26400
 20
8500
 11
23250
 21
8500
  0
LINE
  5
6C0
100
AcDbEntity
  8
WALL
  6
ByLayer
 62
  256
370
   -1
100
AcDbLine
 10
23250
 20
8500
 11
23250
 21
8375
  0
SOLID
  5
6C1
100
AcDbEntity
  8
WALL
  6
ByLayer
 62
  256
370
   -1
100
AcDbTrace
 10
27250
 20
8375
 30
0
 11
30400
 21
8375
 31
0
 12
27250
 22
8500
 32
0
 13
30400
 23
8500
 33
0
  0
LINE
  5
6C2
100
AcDbEntity
  8
WALL
  6
ByLayer
 62
  256
370
   -1
100
AcDbLine
 10
27250
 20
8375
 11
30400
 21
8375
  0
LINE
  5
6C3
100
AcDbEntity
  8
WALL
  6
ByLayer
 62
  256
370
   -1
100
AcDbLine
 10
30400
 20
8375
 11
30400
 21
8500
  0
LINE
  5
6C4
100
AcDbEntity
  8
WALL
  6
ByLayer
 62
  256
370
   -1
100
AcDbLine
 10
30400
 20
8500
 11
27250
 21
8500
  0
LINE
  5
6C5
100
AcDbEntity
  8
WALL
  6
ByLayer
 62
  256
370
   -1
100
AcDbLine
 10
27250
 20
8500
 11
27250
 21
8375
  0
SOLID
  5
6C6
100
AcDbEntity
  8
WALL
  6
ByLayer
 62
  256
370
   -1
100
AcDbTrace
 10
31250
 20
8375
 30
0
 11
34000
 21
8375
 31
0
 12
31250
 22
8500
 32
0
 13
34000
 23
8500
 33
0
  0
LINE
  5
6C7
100
AcDbEntity
  8
WALL
  6
ByLayer
 62
  256
370
   -1
100
AcDbLine
 10
31250
 20
8375
 11
34000
 21
8375
  0
LINE
  5
6C8
100
AcDbEntity
  8
WALL
  6
ByLayer
 62
  256
370
   -1
100
AcDbLine
 10
34000
 20
8375
 11
34000
 21
8500
  0
LINE
  5
6C9
100
AcDbEntity
  8
WALL
  6
ByLayer
 62
  256
370
   -1
100
AcDbLine
 10
34000
 20
8500
 11
31250
 21
8500
  0
LINE
  5
6CA
100
AcDbEntity
  8
WALL
  6
ByLayer
 62
  256
370
   -1
100
AcDbLine
 10
31250
 20
8500
 11
31250
 21
8375
  0
SOLID
  5
6CB
100
AcDbEntity
  8
WALL
  6
ByLayer
 62
  256
370
   -1
100
AcDbTrace
 10
35350
 20
9925
 30
0
 11
37750
 21
9925
 31
0
 12
35350
 22
10050
 32
0
 13
37750
 23
10050
 33
0
  0
LINE
  5
6CC
100
AcDbEntity
  8
WALL
  6
ByLayer
 62
  256
370
   -1
100
AcDbLine
 10
35350
 20
9925
 11
37750
 21
9925
  0
LINE
  5
6CD
100
AcDbEntity
  8
WALL
  6
ByLayer
 62
  256
370
   -1
100
AcDbLine
 10
37750
 20
9925
 11
37750
 21
10050
  0
LINE
  5
6CE
100
AcDbEntity
  8
WALL
  6
ByLayer
 62
  256
370
   -1
100
AcDbLine
 10
37750
 20
10050
 11
35350
 21
10050
  0
LINE
  5
6CF
100
AcDbEntity
  8
WALL
  6
ByLayer
 62
  256
370
   -1
100
AcDbLine
 10
35350
 20
10050
 11
35350
 21
9925
  0
SOLID
  5
6D0
100
AcDbEntity
  8
WALL
  6
ByLayer
 62
  256
370
   -1
100
AcDbTrace
 10
35300
 20
7550
 30
0
 11
35425
 21
7550
 31
0
 12
35300
 22
10050
 32
0
 13
35425
 23
10050
 33
0
  0
LINE
  5
6D1
100
AcDbEntity
  8
WALL
  6
ByLayer
 62
  256
370
   -1
100
AcDbLine
 10
35300
 20
7550
 11
35425
 21
7550
  0
LINE
  5
6D2
100
AcDbEntity
  8
WALL
  6
ByLayer
 62
  256
370
   -1
100
AcDbLine
 10
35425
 20
7550
 11
35425
 21
10050
  0
LINE
  5
6D3
100
AcDbEntity
  8
WALL
  6
ByLayer
 62
  256
370
   -1
100
AcDbLine
 10
35425
 20
10050
 11
35300
 21
10050
  0
LINE
  5
6D4
100
AcDbEntity
  8
WALL
  6
ByLayer
 62
  256
370
   -1
100
AcDbLine
 10
35300
 20
10050
 11
35300
 21
7550
  0
SOLID
  5
6D5
100
AcDbEntity
  8
WALL
  6
ByLayer
 62
  256
370
   -1
100
AcDbTrace
 10
37100
 20
7550
 30
0
 11
37750
 21
7550
 31
0
 12
37100
 22
7675
 32
0
 13
37750
 23
7675
 33
0
  0
LINE
  5
6D6
100
AcDbEntity
  8
WALL
  6
ByLayer
 62
  256
370
   -1
100
AcDbLine
 10
37100
 20
7550
 11
37750
 21
7550
  0
LINE
  5
6D7
100
AcDbEntity
  8
WALL
  6
ByLayer
 62
  256
370
   -1
100
AcDbLine
 10
37750
 20
7550
 11
37750
 21
7675
  0
LINE
  5
6D8
100
AcDbEntity
  8
WALL
  6
ByLayer
 62
  256
370
   -1
100
AcDbLine
 10
37750
 20
7675
 11
37100
 21
7675
  0
LINE
  5
6D9
100
AcDbEntity
  8
WALL
  6
ByLayer
 62
  256
370
   -1
100
AcDbLine
 10
37100
 20
7675
 11
37100
 21
7550
  0
SOLID
  5
6DA
100
AcDbEntity
  8
WALL
  6
ByLayer
 62
  256
370
   -1
100
AcDbTrace
 10
35300
 20
7550
 30
0
 11
36000
 21
7550
 31
0
 12
35300
 22
7675
 32
0
 13
36000
 23
7675
 33
0
  0
LINE
  5
6DB
100
AcDbEntity
  8
WALL
  6
ByLayer
 62
  256
370
   -1
100
AcDbLine
 10
35300
 20
7550
 11
36000
 21
7550
  0
LINE
  5
6DC
100
AcDbEntity
  8
WALL
  6
ByLayer
 62
  256
370
   -1
100
AcDbLine
 10
36000
 20
7550
 11
36000
 21
7675
  0
LINE
  5
6DD
100
AcDbEntity
  8
WALL
  6
ByLayer
 62
  256
370
   -1
100
AcDbLine
 10
36000
 20
7675
 11
35300
 21
7675
  0
LINE
  5
6DE
100
AcDbEntity
  8
WALL
  6
ByLayer
 62
  256
370
   -1
100
AcDbLine
 10
35300
 20
7675
 11
35300
 21
7550
  0
SOLID
  5
6DF
100
AcDbEntity
  8
WALL
  6
ByLayer
 62
  256
370
   -1
100
AcDbTrace
 10
35300
 20
11150
 30
0
 11
35400
 21
11150
 31
0
 12
35300
 22
14750
 32
0
 13
35400
 23
14750
 33
0
  0
LINE
  5
6E0
100
AcDbEntity
  8
WALL
  6
ByLayer
 62
  256
370
   -1
100
AcDbLine
 10
35300
 20
11150
 11
35400
 21
11150
  0
LINE
  5
6E1
100
AcDbEntity
  8
WALL
  6
ByLayer
 62
  256
370
   -1
100
AcDbLine
 10
35400
 20
11150
 11
35400
 21
14750
  0
LINE
  5
6E2
100
AcDbEntity
  8
WALL
  6
ByLayer
 62
  256
370
   -1
100
AcDbLine
 10
35400
 20
14750
 11
35300
 21
14750
  0
LINE
  5
6E3
100
AcDbEntity
  8
WALL
  6
ByLayer
 62
  256
370
   -1
100
AcDbLine
 10
35300
 20
14750
 11
35300
 21
11150
  0
SOLID
  5
6E4
100
AcDbEntity
  8
WALL
  6
ByLayer
 62
  256
370
   -1
100
AcDbTrace
 10
37000
 20
14975
 30
0
 11
37750
 21
14975
 31
0
 12
37000
 22
15100
 32
0
 13
37750
 23
15100
 33
0
  0
LINE
  5
6E5
100
AcDbEntity
  8
WALL
  6
ByLayer
 62
  256
370
   -1
100
AcDbLine
 10
37000
 20
14975
 11
37750
 21
14975
  0
LINE
  5
6E6
100
AcDbEntity
  8
WALL
  6
ByLayer
 62
  256
370
   -1
100
AcDbLine
 10
37750
 20
14975
 11
37750
 21
15100
  0
LINE
  5
6E7
100
AcDbEntity
  8
WALL
  6
ByLayer
 62
  256
370
   -1
100
AcDbLine
 10
37750
 20
15100
 11
37000
 21
15100
  0
LINE
  5
6E8
100
AcDbEntity
  8
WALL
  6
ByLayer
 62
  256
370
   -1
100
AcDbLine
 10
37000
 20
15100
 11
37000
 21
14975
  0
SOLID
  5
6E9
100
AcDbEntity
  8
WALL
  6
ByLayer
 62
  256
370
   -1
100
AcDbTrace
 10
35675
 20
16000
 30
0
 11
35800
 21
16000
 31
0
 12
35675
 22
16850
 32
0
 13
35800
 23
16850
 33
0
  0
LINE
  5
6EA
100
AcDbEntity
  8
WALL
  6
ByLayer
 62
  256
370
   -1
100
AcDbLine
 10
35675
 20
16000
 11
35800
 21
16000
  0
LINE
  5
6EB
100
AcDbEntity
  8
WALL
  6
ByLayer
 62
  256
370
   -1
100
AcDbLine
 10
35800
 20
16000
 11
35800
 21
16850
  0
LINE
  5
6EC
100
AcDbEntity
  8
WALL
  6
ByLayer
 62
  256
370
   -1
100
AcDbLine
 10
35800
 20
16850
 11
35675
 21
16850
  0
LINE
  5
6ED
100
AcDbEntity
  8
WALL
  6
ByLayer
 62
  256
370
   -1
100
AcDbLine
 10
35675
 20
16850
 11
35675
 21
16000
  0
SOLID
  5
6EE
100
AcDbEntity
  8
WALL
  6
ByLayer
 62
  256
370
   -1
100
AcDbTrace
 10
35675
 20
15100
 30
0
 11
35800
 21
15100
 31
0
 12
35675
 22
15200
 32
0
 13
35800
 23
15200
 33
0
  0
LINE
  5
6EF
100
AcDbEntity
  8
WALL
  6
ByLayer
 62
  256
370
   -1
100
AcDbLine
 10
35675
 20
15100
 11
35800
 21
15100
  0
LINE
  5
6F0
100
AcDbEntity
  8
WALL
  6
ByLayer
 62
  256
370
   -1
100
AcDbLine
 10
35800
 20
15100
 11
35800
 21
15200
  0
LINE
  5
6F1
100
AcDbEntity
  8
WALL
  6
ByLayer
 62
  256
370
   -1
100
AcDbLine
 10
35800
 20
15200
 11
35675
 21
15200
  0
LINE
  5
6F2
100
AcDbEntity
  8
WALL
  6
ByLayer
 62
  256
370
   -1
100
AcDbLine
 10
35675
 20
15200
 11
35675
 21
15100
  0
SOLID
  5
6F3
100
AcDbEntity
  8
WALL
  6
ByLayer
 62
  256
370
   -1
100
AcDbTrace
 10
35675
 20
16725
 30
0
 11
37750
 21
16725
 31
0
 12
35675
 22
16850
 32
0
 13
37750
 23
16850
 33
0
  0
LINE
  5
6F4
100
AcDbEntity
  8
WALL
  6
ByLayer
 62
  256
370
   -1
100
AcDbLine
 10
35675
 20
16725
 11
37750
 21
16725
  0
LINE
  5
6F5
100
AcDbEntity
  8
WALL
  6
ByLayer
 62
  256
370
   -1
100
AcDbLine
 10
37750
 20
16725
 11
37750
 21
16850
  0
LINE
  5
6F6
100
AcDbEntity
  8
WALL
  6
ByLayer
 62
  256
370
   -1
100
AcDbLine
 10
37750
 20
16850
 11
35675
 21
16850
  0
LINE
  5
6F7
100
AcDbEntity
  8
WALL
  6
ByLayer
 62
  256
370
   -1
100
AcDbLine
 10
35675
 20
16850
 11
35675
 21
16725
  0
SOLID
  5
6F8
100
AcDbEntity
  8
WALL
  6
ByLayer
 62
  256
370
   -1
100
AcDbTrace
 10
37150
 20
7450
 30
0
 11
37750
 21
7450
 31
0
 12
37150
 22
7500
 32
0
 13
37750
 23
7500
 33
0
  0
LINE
  5
6F9
100
AcDbEntity
  8
WALL
  6
ByLayer
 62
  256
370
   -1
100
AcDbLine
 10
37150
 20
7450
 11
37750
 21
7450
  0
LINE
  5
6FA
100
AcDbEntity
  8
WALL
  6
ByLayer
 62
  256
370
   -1
100
AcDbLine
 10
37750
 20
7450
 11
37750
 21
7500
  0
LINE
  5
6FB
100
AcDbEntity
  8
WALL
  6
ByLayer
 62
  256
370
   -1
100
AcDbLine
 10
37750
 20
7500
 11
37150
 21
7500
  0
LINE
  5
6FC
100
AcDbEntity
  8
WALL
  6
ByLayer
 62
  256
370
   -1
100
AcDbLine
 10
37150
 20
7500
 11
37150
 21
7450
  0
SOLID
  5
6FD
100
AcDbEntity
  8
WALL
  6
ByLayer
 62
  256
370
   -1
100
AcDbTrace
 10
37150
 20
7025
 30
0
 11
37750
 21
7025
 31
0
 12
37150
 22
7075
 32
0
 13
37750
 23
7075
 33
0
  0
LINE
  5
6FE
100
AcDbEntity
  8
WALL
  6
ByLayer
 62
  256
370
   -1
100
AcDbLine
 10
37150
 20
7025
 11
37750
 21
7025
  0
LINE
  5
6FF
100
AcDbEntity
  8
WALL
  6
ByLayer
 62
  256
370
   -1
100
AcDbLine
 10
37750
 20
7025
 11
37750
 21
7075
  0
LINE
  5
700
100
AcDbEntity
  8
WALL
  6
ByLayer
 62
  256
370
   -1
100
AcDbLine
 10
37750
 20
7075
 11
37150
 21
7075
  0
LINE
  5
701
100
AcDbEntity
  8
WALL
  6
ByLayer
 62
  256
370
   -1
100
AcDbLine
 10
37150
 20
7075
 11
37150
 21
7025
  0
SOLID
  5
702
100
AcDbEntity
  8
WALL
  6
ByLayer
 62
  256
370
   -1
100
AcDbTrace
 10
37150
 20
6600
 30
0
 11
37750
 21
6600
 31
0
 12
37150
 22
6650
 32
0
 13
37750
 23
6650
 33
0
  0
LINE
  5
703
100
AcDbEntity
  8
WALL
  6
ByLayer
 62
  256
370
   -1
100
AcDbLine
 10
37150
 20
6600
 11
37750
 21
6600
  0
LINE
  5
704
100
AcDbEntity
  8
WALL
  6
ByLayer
 62
  256
370
   -1
100
AcDbLine
 10
37750
 20
6600
 11
37750
 21
6650
  0
LINE
  5
705
100
AcDbEntity
  8
WALL
  6
ByLayer
 62
  256
370
   -1
100
AcDbLine
 10
37750
 20
6650
 11
37150
 21
6650
  0
LINE
  5
706
100
AcDbEntity
  8
WALL
  6
ByLayer
 62
  256
370
   -1
100
AcDbLine
 10
37150
 20
6650
 11
37150
 21
6600
  0
LINE
  5
707
100
AcDbEntity
  8
WALL
  6
ByLayer
 62
  256
370
   -1
100
AcDbLine
 10
60000
 20
0
 11
44000
 21
0
  0
LINE
  5
708
100
AcDbEntity
  8
WALL
  6
ByLayer
 62
  256
370
   -1
100
AcDbLine
 10
44000
 20
0
 11
44000
 21
15000
  0
LINE
  5
709
100
AcDbEntity
  8
WALL
  6
ByLayer
 62
  256
370
   -1
100
AcDbLine
 10
44000
 20
15000
 11
56000
 21
15000
  0
LINE
  5
70A
100
AcDbEntity
  8
WALL
  6
ByLayer
 62
  256
370
   -1
100
AcDbLine
 10
56000
 20
15000
 11
56000
 21
20000
  0
LINE
  5
70B
100
AcDbEntity
  8
WALL
  6
ByLayer
 62
  256
370
   -1
100
AcDbLine
 10
56000
 20
20000
 11
60000
 21
20000
  0
LINE
  5
70C
100
AcDbEntity
  8
WALL
  6
ByLayer
 62
  256
370
   -1
100
AcDbLine
 10
60000
 20
20000
 11
60000
 21
0
  0
LINE
  5
70D
100
AcDbEntity
  8
WALL
  6
ByLayer
 62
  256
370
   -1
100
AcDbLine
 10
59750
 20
250
 11
44250
 21
250
  0
LINE
  5
70E
100
AcDbEntity
  8
WALL
  6
ByLayer
 62
  256
370
   -1
100
AcDbLine
 10
44250
 20
250
 11
44250
 21
14750
  0
LINE
  5
70F
100
AcDbEntity
  8
WALL
  6
ByLayer
 62
  256
370
   -1
100
AcDbLine
 10
44250
 20
14750
 11
55750
 21
14750
  0
LINE
  5
710
100
AcDbEntity
  8
WALL
  6
ByLayer
 62
  256
370
   -1
100
AcDbLine
 10
55750
 20
14750
 11
55750
 21
19750
  0
LINE
  5
711
100
AcDbEntity
  8
WALL
  6
ByLayer
 62
  256
370
   -1
100
AcDbLine
 10
55750
 20
19750
 11
59750
 21
19750
  0
LINE
  5
712
100
AcDbEntity
  8
WALL
  6
ByLayer
 62
  256
370
   -1
100
AcDbLine
 10
59750
 20
19750
 11
59750
 21
250
  0
LINE
  5
713
100
AcDbEntity
  8
WINDOW
  6
ByLayer
 62
  256
370
   -1
100
AcDbLine
 10
59100
 20
7612.5
 11
58000
 21
7612.5
  0
LINE
  5
714
100
AcDbEntity
  8
DOOR
  6
ByLayer
 62
  256
370
   -1
100
AcDbLine
 10
54250
 20
10050
 11
54250
 21
10900
  0
ARC
  5
715
100
AcDbEntity
  8
DOOR
  6
ByLayer
 62
  256
370
   -1
100
AcDbCircle
 10
53400
 20
10900
 40
850
100
AcDbArc
 50
270
 51
0
  0
LINE
  5
716
100
AcDbEntity
  8
DOOR
  6
ByLayer
 62
  256
370
   -1
100
AcDbLine
 10
50500
 20
10050
 11
50500
 21
10900
  0
ARC
  5
717
100
AcDbEntity
  8
DOOR
  6
ByLayer
 62
  256
370
   -1
100
AcDbCircle
 10
49650
 20
10900
 40
850
100
AcDbArc
 50
270
 51
0
  0
LINE
  5
718
100
AcDbEntity
  8
DOOR
  6
ByLayer
 62
  256
370
   -1
100
AcDbLine
 10
46750
 20
10050
 11
46750
 21
10900
  0
ARC
  5
719
100
AcDbEntity
  8
DOOR
  6
ByLayer
 62
  256
370
   -1
100
AcDbCircle
 10
45900
 20
10900
 40
850
100
AcDbArc
 50
270
 51
0
  0
LINE
  5
71A
100
AcDbEntity
  8
DOOR
  6
ByLayer
 62
  256
370
   -1
100
AcDbLine
 10
54250
 20
9350
 11
55100
 21
9350
  0
ARC
  5
71B
100
AcDbEntity
  8
DOOR
  6
ByLayer
 62
  256
370
   -1
100
AcDbCircle
 10
55100
 20
8500
 40
850
100
AcDbArc
 50
90
 51
180
  0
LINE
  5
71C
100
AcDbEntity
  8
WINDOW
  6
ByLayer
 62
  256
370
   -1
100
AcDbLine
 10
59350
 20
175
 11
51500
 21
175
  0
LINE
  5
71D
100
AcDbEntity
  8
WINDOW
  6
ByLayer
 62
  256
370
   -1
100
AcDbLine
 10
52050
 20
75
 11
44400
 21
75
  0
LINE
  5
71E
100
AcDbEntity
  8
WINDOW
  6
ByLayer
 62
  256
370
   -1
100
AcDbLine
 10
52750
 20
14962.5
 11
55000
 21
14962.5
  0
LINE
  5
71F
100
AcDbEntity
  8
WINDOW
  6
ByLayer
 62
  256
370
   -1
100
AcDbLine
 10
55000
 20
14962.5
 11
55000
 21
14787.5
  0
LINE
  5
720
100
AcDbEntity
  8
WINDOW
  6
ByLayer
 62
  256
370
   -1
100
AcDbLine
 10
55000
 20
14787.5
 11
52750
 21
14787.5
  0
LINE
  5
721
100
AcDbEntity
  8
WINDOW
  6
ByLayer
 62
  256
370
   -1
100
AcDbLine
 10
52750
 20
14787.5
 11
52750
 21
14962.5
  0
LINE
  5
722
100
AcDbEntity
  8
WINDOW
  6
ByLayer
 62
  256
370
   -1
100
AcDbLine
 10
55000
 20
14875
 11
52750
 21
14875
  0
LINE
  5
723
100
AcDbEntity
  8
WINDOW
  6
ByLayer
 62
  256
370
   -1
100
AcDbLine
 10
49000
 20
14962.5
 11
51250
 21
14962.5
  0
LINE
  5
724
100
AcDbEntity
  8
WINDOW
  6
ByLayer
 62
  256
370
   -1
100
AcDbLine
 10
51250
 20
14962.5
 11
51250
 21
14787.5
  0
LINE
  5
725
100
AcDbEntity
  8
WINDOW
  6
ByLayer
 62
  256
370
   -1
100
AcDbLine
 10
51250
 20
14787.5
 11
49000
 21
14787.5
  0
LINE
  5
726
100
AcDbEntity
  8
WINDOW
  6
ByLayer
 62
  256
370
   -1
100
AcDbLine
 10
49000
 20
14787.5
 11
49000
 21
14962.5
  0
LINE
  5
727
100
AcDbEntity
  8
WINDOW
  6
ByLayer
 62
  256
370
   -1
100
AcDbLine
 10
51250
 20
14875
 11
49000
 21
14875
  0
LINE
  5
728
100
AcDbEntity
  8
WINDOW
  6
ByLayer
 62
  256
370
   -1
100
AcDbLine
 10
44300
 20
14962.5
 11
45750
 21
14962.5
  0
LINE
  5
729
100
AcDbEntity
  8
WINDOW
  6
ByLayer
 62
  256
370
   -1
100
AcDbLine
 10
45750
 20
14962.5
 11
45750
 21
14787.5
  0
LINE
  5
72A
100
AcDbEntity
  8
WINDOW
  6
ByLayer
 62
  256
370
   -1
100
AcDbLine
 10
45750
 20
14787.5
 11
44300
 21
14787.5
  0
LINE
  5
72B
100
AcDbEntity
  8
WINDOW
  6
ByLayer
 62
  256
370
   -1
100
AcDbLine
 10
44300
 20
14787.5
 11
44300
 21
14962.5
  0
LINE
  5
72C
100
AcDbEntity
  8
WINDOW
  6
ByLayer
 62
  256
370
   -1
100
AcDbLine
 10
45750
 20
14875
 11
44300
 21
14875
  0
LINE
  5
72D
100
AcDbEntity
  8
WINDOW
  6
ByLayer
 62
  256
370
   -1
100
AcDbLine
 10
59787.5
 20
12750
 11
59962.5
 21
12750
  0
LINE
  5
72E
100
AcDbEntity
  8
WINDOW
  6
ByLayer
 62
  256
370
   -1
100
AcDbLine
 10
59962.5
 20
12750
 11
59962.5
 21
10750
  0
LINE
  5
72F
100
AcDbEntity
  8
WINDOW
  6
ByLayer
 62
  256
370
   -1
100
AcDbLine
 10
59962.5
 20
10750
 11
59787.5
 21
10750
  0
LINE
  5
730
100
AcDbEntity
  8
WINDOW
  6
ByLayer
 62
  256
370
   -1
100
AcDbLine
 10
59787.5
 20
10750
 11
59787.5
 21
12750
  0
LINE
  5
731
100
AcDbEntity
  8
WINDOW
  6
ByLayer
 62
  256
370
   -1
100
AcDbLine
 10
59875
 20
12750
 11
59875
 21
10750
  0
LINE
  5
732
100
AcDbEntity
  8
WINDOW
  6
ByLayer
 62
  256
370
   -1
100
AcDbLine
 10
44037.5
 20
14250
 11
44212.5
 21
14250
  0
LINE
  5
733
100
AcDbEntity
  8
WINDOW
  6
ByLayer
 62
  256
370
   -1
100
AcDbLine
 10
44212.5
 20
14250
 11
44212.5
 21
12500
  0
LINE
  5
734
100
AcDbEntity
  8
WINDOW
  6
ByLayer
 62
  256
370
   -1
100
AcDbLine
 10
44212.5
 20
12500
 11
44037.5
 21
12500
  0
LINE
  5
735
100
AcDbEntity
  8
WINDOW
  6
ByLayer
 62
  256
370
   -1
100
AcDbLine
 10
44037.5
 20
12500
 11
44037.5
 21
14250
  0
LINE
  5
736
100
AcDbEntity
  8
WINDOW
  6
ByLayer
 62
  256
370
   -1
100
AcDbLine
 10
44125
 20
14250
 11
44125
 21
12500
  0
LINE
  5
737
100
AcDbEntity
  8
WINDOW
  6
ByLayer
 62
  256
370
   -1
100
AcDbLine
 10
44037.5
 20
9500
 11
44212.5
 21
9500
  0
LINE
  5
738
100
AcDbEntity
  8
WINDOW
  6
ByLayer
 62
  256
370
   -1
100
AcDbLine
 10
44212.5
 20
9500
 11
44212.5
 21
6500
  0
LINE
  5
739
100
AcDbEntity
  8
WINDOW
  6
ByLayer
 62
  256
370
   -1
100
AcDbLine
 10
44212.5
 20
6500
 11
44037.5
 21
6500
  0
LINE
  5
73A
100
AcDbEntity
  8
WINDOW
  6
ByLayer
 62
  256
370
   -1
100
AcDbLine
 10
44037.5
 20
6500
 11
44037.5
 21
9500
  0
LINE
  5
73B
100
AcDbEntity
  8
WINDOW
  6
ByLayer
 62
  256
370
   -1
100
AcDbLine
 10
44125
 20
9500
 11
44125
 21
6500
  0
LINE
  5
73C
100
AcDbEntity
  8
FURN
  6
ByLayer
 62
  256
370
   -1
100
AcDbLine
 10
59650
 20
9925
 11
57500
 21
7725
  0
LINE
  5
73D
100
AcDbEntity
  8
FURN
  6
ByLayer
 62
  256
370
   -1
100
AcDbLine
 10
57500
 20
9925
 11
59650
 21
7725
  0
LINE
  5
73E
100
AcDbEntity
  8
DOOR
  6
ByLayer
 62
  256
370
   -1
100
AcDbLine
 10
57400
 20
10150
 11
58400
 21
10150
  0
ARC
  5
73F
100
AcDbEntity
  8
DOOR
  6
ByLayer
 62
  256
370
   -1
100
AcDbCircle
 10
58400
 20
11150
 40
1000
100
AcDbArc
 50
180
 51
270
  0
LINE
  5
740
100
AcDbEntity
  8
FURN
  6
ByLayer
 62
  256
370
   -1
100
AcDbLine
 10
59650
 20
15000
 11
57400
 21
15000
  0
LINE
  5
741
100
AcDbEntity
  8
FURN
  6
ByLayer
 62
  256
370
   -1
100
AcDbLine
 10
59650
 20
14675
 11
58600
 21
14675
  0
LINE
  5
742
100
AcDbEntity
  8
FURN
  6
ByLayer
 62
  256
370
   -1
100
AcDbLine
 10
58450
 20
14675
 11
57400
 21
14675
  0
LINE
  5
743
100
AcDbEntity
  8
FURN
  6
ByLayer
 62
  256
370
   -1
100
AcDbLine
 10
59650
 20
14350
 11
58600
 21
14350
  0
LINE
  5
744
100
AcDbEntity
  8
FURN
  6
ByLayer
 62
  256
370
   -1
100
AcDbLine
 10
58450
 20
14350
 11
57400
 21
14350
  0
LINE
  5
745
100
AcDbEntity
  8
FURN
  6
ByLayer
 62
  256
370
   -1
100
AcDbLine
 10
59650
 20
14025
 11
58600
 21
14025
  0
LINE
  5
746
100
AcDbEntity
  8
FURN
  6
ByLayer
 62
  256
370
   -1
100
AcDbLine
 10
58450
 20
14025
 11
57400
 21
14025
  0
LINE
  5
747
100
AcDbEntity
  8
FURN
  6
ByLayer
 62
  256
370
   -1
100
AcDbLine
 10
59650
 20
13700
 11
58600
 21
13700
  0
LINE
  5
748
100
AcDbEntity
  8
FURN
  6
ByLayer
 62
  256
370
   -1
100
AcDbLine
 10
58450
 20
13700
 11
57400
 21
13700
  0
LINE
  5
749
100
AcDbEntity
  8
FURN
  6
ByLayer
 62
  256
370
   -1
100
AcDbLine
 10
59650
 20
13375
 11
58600
 21
13375
  0
LINE
  5
74A
100
AcDbEntity
  8
FURN
  6
ByLayer
 62
  256
370
   -1
100
AcDbLine
 10
58450
 20
13375
 11
57400
 21
13375
  0
LINE
  5
74B
100
AcDbEntity
  8
FURN
  6
ByLayer
 62
  256
370
   -1
100
AcDbLine
 10
59650
 20
13050
 11
58600
 21
13050
  0
LINE
  5
74C
100
AcDbEntity
  8
FURN
  6
ByLayer
 62
  256
370
   -1
100
AcDbLine
 10
58450
 20
13050
 11
57400
 21
13050
  0
LINE
  5
74D
100
AcDbEntity
  8
FURN
  6
ByLayer
 62
  256
370
   -1
100
AcDbLine
 10
59650
 20
12725
 11
58600
 21
12725
  0
LINE
  5
74E
100
AcDbEntity
  8
FURN
  6
ByLayer
 62
  256
370
   -1
100
AcDbLine
 10
58450
 20
12725
 11
57400
 21
12725
  0
LINE
  5
74F
100
AcDbEntity
  8
FURN
  6
ByLayer
 62
  256
370
   -1
100
AcDbLine
 10
59650
 20
12400
 11
58600
 21
12400
  0
LINE
  5
750
100
AcDbEntity
  8
FURN
  6
ByLayer
 62
  256
370
   -1
100
AcDbLine
 10
58450
 20
12400
 11
57400
 21
12400
  0
LINE
  5
751
100
AcDbEntity
  8
FURN
  6
ByLayer
 62
  256
370
   -1
100
AcDbLine
 10
59650
 20
12075
 11
58600
 21
12075
  0
LINE
  5
752
100
AcDbEntity
  8
FURN
  6
ByLayer
 62
  256
370
   -1
100
AcDbLine
 10
58450
 20
12075
 11
57400
 21
12075
  0
LINE
  5
753
100
AcDbEntity
  8
FURN
  6
ByLayer
 62
  256
370
   -1
100
AcDbLine
 10
59650
 20
11750
 11
58600
 21
11750
  0
LINE
  5
754
100
AcDbEntity
  8
FURN
  6
ByLayer
 62
  256
370
   -1
100
AcDbLine
 10
58450
 20
11750
 11
57400
 21
11750
  0
LINE
  5
755
100
AcDbEntity
  8
FURN
  6
ByLayer
 62
  256
370
   -1
100
AcDbLine
 10
58600
 20
14675
 11
58600
 21
10375
  0
LINE
  5
756
100
AcDbEntity
  8
FURN
  6
ByLayer
 62
  256
370
   -1
100
AcDbLine
 10
58450
 20
14675
 11
58450
 21
10375
  0
LINE
  5
757
100
AcDbEntity
  8
FURN
  6
ByLayer
 62
  256
370
   -1
100
AcDbLine
 10
59125
 20
14250
 11
59125
 21
10625
  0
LINE
  5
758
100
AcDbEntity
  8
FURN
  6
ByLayer
 62
  256
370
   -1
100
AcDbLine
 10
59225
 20
10825
 11
59125
 21
10625
  0
LINE
  5
759
100
AcDbEntity
  8
FURN
  6
ByLayer
 62
  256
370
   -1
100
AcDbLine
 10
59125
 20
10625
 11
59025
 21
10825
  0
LINE
  5
75A
100
AcDbEntity
  8
FURN
  6
ByLayer
 62
  256
370
   -1
100
AcDbLine
 10
59700
 20
7450
 11
59200
 21
7075
  0
LINE
  5
75B
100
AcDbEntity
  8
FURN
  6
ByLayer
 62
  256
370
   -1
100
AcDbLine
 10
59200
 20
7450
 11
59700
 21
7075
  0
LINE
  5
75C
100
AcDbEntity
  8
FURN
  6
ByLayer
 62
  256
370
   -1
100
AcDbLine
 10
59700
 20
7025
 11
59200
 21
6650
  0
LINE
  5
75D
100
AcDbEntity
  8
FURN
  6
ByLayer
 62
  256
370
   -1
100
AcDbLine
 10
59200
 20
7025
 11
59700
 21
6650
  0
LINE
  5
75E
100
AcDbEntity
  8
DOOR
  6
ByLayer
 62
  256
370
   -1
100
AcDbLine
 10
56200
 20
14975
 11
56200
 21
15975
  0
LINE
  5
75F
100
AcDbEntity
  8
FURN
  6
ByLayer
 62
  256
370
   -1
100
AcDbLine
 10
58600
 20
19500
 11
59600
 21
19500
  0
LINE
  5
760
100
AcDbEntity
  8
FURN
  6
ByLayer
 62
  256
370
   -1
100
AcDbLine
 10
59600
 20
19500
 11
59600
 21
18500
  0
LINE
  5
761
100
AcDbEntity
  8
FURN
  6
ByLayer
 62
  256
370
   -1
100
AcDbLine
 10
59600
 20
18500
 11
58600
 21
18500
  0
LINE
  5
762
100
AcDbEntity
  8
FURN
  6
ByLayer
 62
  256
370
   -1
100
AcDbLine
 10
58600
 20
18500
 11
58600
 21
19500
  0
CIRCLE
  5
763
100
AcDbEntity
  8
FURN
  6
ByLayer
 62
  256
370
   -1
100
AcDbCircle
 10
59100
 20
19000
 40
300
  0
LINE
  5
764
100
AcDbEntity
  8
FURN
  6
ByLayer
 62
  256
370
   -1
100
AcDbLine
 10
57400
 20
19500
 11
58500
 21
19500
  0
LINE
  5
765
100
AcDbEntity
  8
FURN
  6
ByLayer
 62
  256
370
   -1
100
AcDbLine
 10
58500
 20
19500
 11
58500
 21
18500
  0
LINE
  5
766
100
AcDbEntity
  8
FURN
  6
ByLayer
 62
  256
370
   -1
100
AcDbLine
 10
58500
 20
18500
 11
57400
 21
18500
  0
LINE
  5
767
100
AcDbEntity
  8
FURN
  6
ByLayer
 62
  256
370
   -1
100
AcDbLine
 10
57400
 20
18500
 11
57400
 21
19500
  0
LINE
  5
768
100
AcDbEntity
  8
FURN
  6
ByLayer
 62
  256
370
   -1
100
AcDbLine
 10
58500
 20
19000
 11
57400
 21
19000
  0
LINE
  5
769
100
AcDbEntity
  8
FURN
  6
ByLayer
 62
  256
370
   -1
100
AcDbLine
 10
57250
 20
16850
 11
59600
 21
16850
  0
LINE
  5
76A
100
AcDbEntity
  8
FURN
  6
ByLayer
 62
  256
370
   -1
100
AcDbLine
 10
59600
 20
16850
 11
59600
 21
16400
  0
LINE
  5
76B
100
AcDbEntity
  8
FURN
  6
ByLayer
 62
  256
370
   -1
100
AcDbLine
 10
59600
 20
16400
 11
57250
 21
16400
  0
LINE
  5
76C
100
AcDbEntity
  8
FURN
  6
ByLayer
 62
  256
370
   -1
100
AcDbLine
 10
57250
 20
16400
 11
57250
 21
16850
  0
LINE
  5
76D
100
AcDbEntity
  8
FURN
  6
ByLayer
 62
  256
370
   -1
100
AcDbLine
 10
59600
 20
16625
 11
57250
 21
16625
  0
LINE
  5
76E
100
AcDbEntity
  8
FURN
  6
ByLayer
 62
  256
370
   -1
100
AcDbLine
 10
56350
 20
19500
 11
57200
 21
19500
  0
LINE
  5
76F
100
AcDbEntity
  8
FURN
  6
ByLayer
 62
  256
370
   -1
100
AcDbLine
 10
57200
 20
19500
 11
57200
 21
17350
  0
LINE
  5
770
100
AcDbEntity
  8
FURN
  6
ByLayer
 62
  256
370
   -1
100
AcDbLine
 10
57200
 20
17350
 11
56350
 21
17350
  0
LINE
  5
771
100
AcDbEntity
  8
FURN
  6
ByLayer
 62
  256
370
   -1
100
AcDbLine
 10
56350
 20
17350
 11
56350
 21
19500
  0
LINE
  5
772
100
AcDbEntity
  8
FURN
  6
ByLayer
 62
  256
370
   -1
100
AcDbLine
 10
57200
 20
18425
 11
56350
 21
18425
  0
LINE
  5
773
100
AcDbEntity
  8
WINDOW
  6
ByLayer
 62
  256
370
   -1
100
AcDbLine
 10
56750
 20
19962.5
 11
59000
 21
19962.5
  0
LINE
  5
774
100
AcDbEntity
  8
WINDOW
  6
ByLayer
 62
  256
370
   -1
100
AcDbLine
 10
59000
 20
19962.5
 11
59000
 21
19787.5
  0
LINE
  5
775
100
AcDbEntity
  8
WINDOW
  6
ByLayer
 62
  256
370
   -1
100
AcDbLine
 10
59000
 20
19787.5
 11
56750
 21
19787.5
  0
LINE
  5
776
100
AcDbEntity
  8
WINDOW
  6
ByLayer
 62
  256
370
   -1
100
AcDbLine
 10
56750
 20
19787.5
 11
56750
 21
19962.5
  0
LINE
  5
777
100
AcDbEntity
  8
WINDOW
  6
ByLayer
 62
  256
370
   -1
100
AcDbLine
 10
59000
 20
19875
 11
56750
 21
19875
  0
LINE
  5
778
100
AcDbEntity
  8
WINDOW
  6
ByLayer
 62
  256
370
   -1
100
AcDbLine
 10
59787.5
 20
19250
 11
59962.5
 21
19250
  0
LINE
  5
779
100
AcDbEntity
  8
WINDOW
  6
ByLayer
 62
  256
370
   -1
100
AcDbLine
 10
59962.5
 20
19250
 11
59962.5
 21
17250
  0
LINE
  5
77A
100
AcDbEntity
  8
WINDOW
  6
ByLayer
 62
  256
370
   -1
100
AcDbLine
 10
59962.5
 20
17250
 11
59787.5
 21
17250
  0
LINE
  5
77B
100
AcDbEntity
  8
WINDOW
  6
ByLayer
 62
  256
370
   -1
100
AcDbLine
 10
59787.5
 20
17250
 11
59787.5
 21
19250
  0
LINE
  5
77C
100
AcDbEntity
  8
WINDOW
  6
ByLayer
 62
  256
370
   -1
100
AcDbLine
 10
59875
 20
19250
 11
59875
 21
17250
  0
LINE
  5
77D
100
AcDbEntity
  8
FURN
  6
ByLayer
 62
  256
370
   -1
100
AcDbLine
 10
56150
 20
7200
 11
56750
 21
7200
  0
LINE
  5
77E
100
AcDbEntity
  8
FURN
  6
ByLayer
 62
  256
370
   -1
100
AcDbLine
 10
56750
 20
7200
 11
56750
 21
5250
  0
LINE
  5
77F
100
AcDbEntity
  8
FURN
  6
ByLayer
 62
  256
370
   -1
100
AcDbLine
 10
56750
 20
5250
 11
56150
 21
5250
  0
LINE
  5
780
100
AcDbEntity
  8
FURN
  6
ByLayer
 62
  256
370
   -1
100
AcDbLine
 10
56150
 20
5250
 11
56150
 21
7200
  0
LINE
  5
781
100
AcDbEntity
  8
FURN
  6
ByLayer
 62
  256
370
   -1
100
AcDbLine
 10
52175
 20
7600
 11
55925
 21
7600
  0
LINE
  5
782
100
AcDbEntity
  8
FURN
  6
ByLayer
 62
  256
370
   -1
100
AcDbLine
 10
55925
 20
7600
 11
55925
 21
7100
  0
LINE
  5
783
100
AcDbEntity
  8
FURN
  6
ByLayer
 62
  256
370
   -1
100
AcDbLine
 10
55925
 20
7100
 11
52175
 21
7100
  0
LINE
  5
784
100
AcDbEntity
  8
FURN
  6
ByLayer
 62
  256
370
   -1
100
AcDbLine
 10
52175
 20
7100
 11
52175
 21
7600
  0
LINE
  5
785
100
AcDbEntity
  8
FURN
  6
ByLayer
 62
  256
370
   -1
100
AcDbLine
 10
55425
 20
7100
 11
55925
 21
7100
  0
LINE
  5
786
100
AcDbEntity
  8
FURN
  6
ByLayer
 62
  256
370
   -1
100
AcDbLine
 10
55925
 20
7100
 11
55925
 21
5200
  0
LINE
  5
787
100
AcDbEntity
  8
FURN
  6
ByLayer
 62
  256
370
   -1
100
AcDbLine
 10
55925
 20
5200
 11
55425
 21
5200
  0
LINE
  5
788
100
AcDbEntity
  8
FURN
  6
ByLayer
 62
  256
370
   -1
100
AcDbLine
 10
55425
 20
5200
 11
55425
 21
7100
  0
LINE
  5
789
100
AcDbEntity
  8
FURN
  6
ByLayer
 62
  256
370
   -1
100
AcDbLine
 10
52400
 20
6600
 11
54750
 21
6600
  0
LINE
  5
78A
100
AcDbEntity
  8
FURN
  6
ByLayer
 62
  256
370
   -1
100
AcDbLine
 10
54750
 20
6600
 11
54750
 21
5750
  0
LINE
  5
78B
100
AcDbEntity
  8
FURN
  6
ByLayer
 62
  256
370
   -1
100
AcDbLine
 10
54750
 20
5750
 11
52400
 21
5750
  0
LINE
  5
78C
100
AcDbEntity
  8
FURN
  6
ByLayer
 62
  256
370
   -1
100
AcDbLine
 10
52400
 20
5750
 11
52400
 21
6600
  0
CIRCLE
  5
78D
100
AcDbEntity
  8
FURN
  6
ByLayer
 62
  256
370
   -1
100
AcDbCircle
 10
54200
 20
5350
 40
125
  0
CIRCLE
  5
78E
100
AcDbEntity
  8
FURN
  6
ByLayer
 62
  256
370
   -1
100
AcDbCircle
 10
53575
 20
5350
 40
125
  0
CIRCLE
  5
78F
100
AcDbEntity
  8
FURN
  6
ByLayer
 62
  256
370
   -1
100
AcDbCircle
 10
52950
 20
5350
 40
125
  0
LINE
  5
790
100
AcDbEntity
  8
FURN
  6
ByLayer
 62
  256
370
   -1
100
AcDbLine
 10
49050
 20
8250
 11
51450
 21
8250
  0
LINE
  5
791
100
AcDbEntity
  8
FURN
  6
ByLayer
 62
  256
370
   -1
100
AcDbLine
 10
51450
 20
8250
 11
51450
 21
6950
  0
LINE
  5
792
100
AcDbEntity
  8
FURN
  6
ByLayer
 62
  256
370
   -1
100
AcDbLine
 10
51450
 20
6950
 11
49050
 21
6950
  0
LINE
  5
793
100
AcDbEntity
  8
FURN
  6
ByLayer
 62
  256
370
   -1
100
AcDbLine
 10
49050
 20
6950
 11
49050
 21
8250
  0
LINE
  5
794
100
AcDbEntity
  8
FURN
  6
ByLayer
 62
  256
370
   -1
100
AcDbLine
 10
50800
 20
8550
 11
51250
 21
8550
  0
LINE
  5
795
100
AcDbEntity
  8
FURN
  6
ByLayer
 62
  256
370
   -1
100
AcDbLine
 10
51250
 20
8550
 11
51250
 21
8300
  0
LINE
  5
796
100
AcDbEntity
  8
FURN
  6
ByLayer
 62
  256
370
   -1
100
AcDbLine
 10
51250
 20
8300
 11
50800
 21
8300
  0
LINE
  5
797
100
AcDbEntity
  8
FURN
  6
ByLayer
 62
  256
370
   -1
100
AcDbLine
 10
50800
 20
8300
 11
50800
 21
8550
  0
LINE
  5
798
100
AcDbEntity
  8
FURN
  6
ByLayer
 62
  256
370
   -1
100
AcDbLine
 10
50025
 20
8550
 11
50475
 21
8550
  0
LINE
  5
799
100
AcDbEntity
  8
FURN
  6
ByLayer
 62
  256
370
   -1
100
AcDbLine
 10
50475
 20
8550
 11
50475
 21
8300
  0
LINE
  5
79A
100
AcDbEntity
  8
FURN
  6
ByLayer
 62
  256
370
   -1
100
AcDbLine
 10
50475
 20
8300
 11
50025
 21
8300
  0
LINE
  5
79B
100
AcDbEntity
  8
FURN
  6
ByLayer
 62
  256
370
   -1
100
AcDbLine
 10
50025
 20
8300
 11
50025
 21
8550
  0
LINE
  5
79C
100
AcDbEntity
  8
FURN
  6
ByLayer
 62
  256
370
   -1
100
AcDbLine
 10
49250
 20
8550
 11
49700
 21
8550
  0
LINE
  5
79D
100
AcDbEntity
  8
FURN
  6
ByLayer
 62
  256
370
   -1
100
AcDbLine
 10
49700
 20
8550
 11
49700
 21
8300
  0
LINE
  5
79E
100
AcDbEntity
  8
FURN
  6
ByLayer
 62
  256
370
   -1
100
AcDbLine
 10
49700
 20
8300
 11
49250
 21
8300
  0
LINE
  5
79F
100
AcDbEntity
  8
FURN
  6
ByLayer
 62
  256
370
   -1
100
AcDbLine
 10
49250
 20
8300
 11
49250
 21
8550
  0
LINE
  5
7A0
100
AcDbEntity
  8
FURN
  6
ByLayer
 62
  256
370
   -1
100
AcDbLine
 10
50800
 20
6900
 11
51250
 21
6900
  0
LINE
  5
7A1
100
AcDbEntity
  8
FURN
  6
ByLayer
 62
  256
370
   -1
100
AcDbLine
 10
51250
 20
6900
 11
51250
 21
6650
  0
LINE
  5
7A2
100
AcDbEntity
  8
FURN
  6
ByLayer
 62
  256
370
   -1
100
AcDbLine
 10
51250
 20
6650
 11
50800
 21
6650
  0
LINE
  5
7A3
100
AcDbEntity
  8
FURN
  6
ByLayer
 62
  256
370
   -1
100
AcDbLine
 10
50800
 20
6650
 11
50800
 21
6900
  0
LINE
  5
7A4
100
AcDbEntity
  8
FURN
  6
ByLayer
 62
  256
370
   -1
100
AcDbLine
 10
50025
 20
6900
 11
50475
 21
6900
  0
LINE
  5
7A5
100
AcDbEntity
  8
FURN
  6
ByLayer
 62
  256
370
   -1
100
AcDbLine
 10
50475
 20
6900
 11
50475
 21
6650
  0
LINE
  5
7A6
100
AcDbEntity
  8
FURN
  6
ByLayer
 62
  256
370
   -1
100
AcDbLine
 10
50475
 20
6650
 11
50025
 21
6650
  0
LINE
  5
7A7
100
AcDbEntity
  8
FURN
  6
ByLayer
 62
  256
370
   -1
100
AcDbLine
 10
50025
 20
6650
 11
50025
 21
6900
  0
LINE
  5
7A8
100
AcDbEntity
  8
FURN
  6
ByLayer
 62
  256
370
   -1
100
AcDbLine
 10
49250
 20
6900
 11
49700
 21
6900
  0
LINE
  5
7A9
100
AcDbEntity
  8
FURN
  6
ByLayer
 62
  256
370
   -1
100
AcDbLine
 10
49700
 20
6900
 11
49700
 21
6650
  0
LINE
  5
7AA
100
AcDbEntity
  8
FURN
  6
ByLayer
 62
  256
370
   -1
100
AcDbLine
 10
49700
 20
6650
 11
49250
 21
6650
  0
LINE
  5
7AB
100
AcDbEntity
  8
FURN
  6
ByLayer
 62
  256
370
   -1
100
AcDbLine
 10
49250
 20
6650
 11
49250
 21
6900
  0
LINE
  5
7AC
100
AcDbEntity
  8
FURN
  6
ByLayer
 62
  256
370
   -1
100
AcDbLine
 10
44400
 20
8750
 11
44900
 21
8750
  0
LINE
  5
7AD
100
AcDbEntity
  8
FURN
  6
ByLayer
 62
  256
370
   -1
100
AcDbLine
 10
44900
 20
8750
 11
44900
 21
5750
  0
LINE
  5
7AE
100
AcDbEntity
  8
FURN
  6
ByLayer
 62
  256
370
   -1
100
AcDbLine
 10
44900
 20
5750
 11
44400
 21
5750
  0
LINE
  5
7AF
100
AcDbEntity
  8
FURN
  6
ByLayer
 62
  256
370
   -1
100
AcDbLine
 10
44400
 20
5750
 11
44400
 21
8750
  0
LINE
  5
7B0
100
AcDbEntity
  8
FURN
  6
ByLayer
 62
  256
370
   -1
100
AcDbLine
 10
44900
 20
7250
 11
44400
 21
7250
  0
LINE
  5
7B1
100
AcDbEntity
  8
FURN
  6
ByLayer
 62
  256
370
   -1
100
AcDbLine
 10
53900
 20
14700
 11
55500
 21
14700
  0
LINE
  5
7B2
100
AcDbEntity
  8
FURN
  6
ByLayer
 62
  256
370
   -1
100
AcDbLine
 10
55500
 20
14700
 11
55500
 21
12650
  0
LINE
  5
7B3
100
AcDbEntity
  8
FURN
  6
ByLayer
 62
  256
370
   -1
100
AcDbLine
 10
55500
 20
12650
 11
53900
 21
12650
  0
LINE
  5
7B4
100
AcDbEntity
  8
FURN
  6
ByLayer
 62
  256
370
   -1
100
AcDbLine
 10
53900
 20
12650
 11
53900
 21
14700
  0
LINE
  5
7B5
100
AcDbEntity
  8
FURN
  6
ByLayer
 62
  256
370
   -1
100
AcDbLine
 10
54750
 20
14550
 11
55350
 21
14550
  0
LINE
  5
7B6
100
AcDbEntity
  8
FURN
  6
ByLayer
 62
  256
370
   -1
100
AcDbLine
 10
55350
 20
14550
 11
55350
 21
14225
  0
LINE
  5
7B7
100
AcDbEntity
  8
FURN
  6
ByLayer
 62
  256
370
   -1
100
AcDbLine
 10
55350
 20
14225
 11
54750
 21
14225
  0
LINE
  5
7B8
100
AcDbEntity
  8
FURN
  6
ByLayer
 62
  256
370
   -1
100
AcDbLine
 10
54750
 20
14225
 11
54750
 21
14550
  0
LINE
  5
7B9
100
AcDbEntity
  8
FURN
  6
ByLayer
 62
  256
370
   -1
100
AcDbLine
 10
54000
 20
14550
 11
54600
 21
14550
  0
LINE
  5
7BA
100
AcDbEntity
  8
FURN
  6
ByLayer
 62
  256
370
   -1
100
AcDbLine
 10
54600
 20
14550
 11
54600
 21
14225
  0
LINE
  5
7BB
100
AcDbEntity
  8
FURN
  6
ByLayer
 62
  256
370
   -1
100
AcDbLine
 10
54600
 20
14225
 11
54000
 21
14225
  0
LINE
  5
7BC
100
AcDbEntity
  8
FURN
  6
ByLayer
 62
  256
370
   -1
100
AcDbLine
 10
54000
 20
14225
 11
54000
 21
14550
  0
LINE
  5
7BD
100
AcDbEntity
  8
FURN
  6
ByLayer
 62
  256
370
   -1
100
AcDbLine
 10
52200
 20
14650
 11
53800
 21
14650
  0
LINE
  5
7BE
100
AcDbEntity
  8
FURN
  6
ByLayer
 62
  256
370
   -1
100
AcDbLine
 10
53800
 20
14650
 11
53800
 21
14200
  0
LINE
  5
7BF
100
AcDbEntity
  8
FURN
  6
ByLayer
 62
  256
370
   -1
100
AcDbLine
 10
53800
 20
14200
 11
52200
 21
14200
  0
LINE
  5
7C0
100
AcDbEntity
  8
FURN
  6
ByLayer
 62
  256
370
   -1
100
AcDbLine
 10
52200
 20
14200
 11
52200
 21
14650
  0
LINE
  5
7C1
100
AcDbEntity
  8
FURN
  6
ByLayer
 62
  256
370
   -1
100
AcDbLine
 10
53800
 20
14425
 11
52200
 21
14425
  0
LINE
  5
7C2
100
AcDbEntity
  8
FURN
  6
ByLayer
 62
  256
370
   -1
100
AcDbLine
 10
49900
 20
14700
 11
51500
 21
14700
  0
LINE
  5
7C3
100
AcDbEntity
  8
FURN
  6
ByLayer
 62
  256
370
   -1
100
AcDbLine
 10
51500
 20
14700
 11
51500
 21
12650
  0
LINE
  5
7C4
100
AcDbEntity
  8
FURN
  6
ByLayer
 62
  256
370
   -1
100
AcDbLine
 10
51500
 20
12650
 11
49900
 21
12650
  0
LINE
  5
7C5
100
AcDbEntity
  8
FURN
  6
ByLayer
 62
  256
370
   -1
100
AcDbLine
 10
49900
 20
12650
 11
49900
 21
14700
  0
LINE
  5
7C6
100
AcDbEntity
  8
FURN
  6
ByLayer
 62
  256
370
   -1
100
AcDbLine
 10
50750
 20
14550
 11
51350
 21
14550
  0
LINE
  5
7C7
100
AcDbEntity
  8
FURN
  6
ByLayer
 62
  256
370
   -1
100
AcDbLine
 10
51350
 20
14550
 11
51350
 21
14225
  0
LINE
  5
7C8
100
AcDbEntity
  8
FURN
  6
ByLayer
 62
  256
370
   -1
100
AcDbLine
 10
51350
 20
14225
 11
50750
 21
14225
  0
LINE
  5
7C9
100
AcDbEntity
  8
FURN
  6
ByLayer
 62
  256
370
   -1
100
AcDbLine
 10
50750
 20
14225
 11
50750
 21
14550
  0
LINE
  5
7CA
100
AcDbEntity
  8
FURN
  6
ByLayer
 62
  256
370
   -1
100
AcDbLine
 10
50000
 20
14550
 11
50600
 21
14550
  0
LINE
  5
7CB
100
AcDbEntity
  8
FURN
  6
ByLayer
 62
  256
370
   -1
100
AcDbLine
 10
50600
 20
14550
 11
50600
 21
14225
  0
LINE
  5
7CC
100
AcDbEntity
  8
FURN
  6
ByLayer
 62
  256
370
   -1
100
AcDbLine
 10
50600
 20
14225
 11
50000
 21
14225
  0
LINE
  5
7CD
100
AcDbEntity
  8
FURN
  6
ByLayer
 62
  256
370
   -1
100
AcDbLine
 10
50000
 20
14225
 11
50000
 21
14550
  0
LINE
  5
7CE
100
AcDbEntity
  8
FURN
  6
ByLayer
 62
  256
370
   -1
100
AcDbLine
 10
48250
 20
14650
 11
49800
 21
14650
  0
LINE
  5
7CF
100
AcDbEntity
  8
FURN
  6
ByLayer
 62
  256
370
   -1
100
AcDbLine
 10
49800
 20
14650
 11
49800
 21
14200
  0
LINE
  5
7D0
100
AcDbEntity
  8
FURN
  6
ByLayer
 62
  256
370
   -1
100
AcDbLine
 10
49800
 20
14200
 11
48250
 21
14200
  0
LINE
  5
7D1
100
AcDbEntity
  8
FURN
  6
ByLayer
 62
  256
370
   -1
100
AcDbLine
 10
48250
 20
14200
 11
48250
 21
14650
  0
LINE
  5
7D2
100
AcDbEntity
  8
FURN
  6
ByLayer
 62
  256
370
   -1
100
AcDbLine
 10
49800
 20
14425
 11
48250
 21
14425
  0
LINE
  5
7D3
100
AcDbEntity
  8
FURN
  6
ByLayer
 62
  256
370
   -1
100
AcDbLine
 10
44300
 20
11800
 11
46100
 21
11800
  0
LINE
  5
7D4
100
AcDbEntity
  8
FURN
  6
ByLayer
 62
  256
370
   -1
100
AcDbLine
 10
46100
 20
11800
 11
46100
 21
10250
  0
LINE
  5
7D5
100
AcDbEntity
  8
FURN
  6
ByLayer
 62
  256
370
   -1
100
AcDbLine
 10
46100
 20
10250
 11
44300
 21
10250
  0
LINE
  5
7D6
100
AcDbEntity
  8
FURN
  6
ByLayer
 62
  256
370
   -1
100
AcDbLine
 10
44300
 20
10250
 11
44300
 21
11800
  0
LINE
  5
7D7
100
AcDbEntity
  8
FURN
  6
ByLayer
 62
  256
370
   -1
100
AcDbLine
 10
45200
 20
11650
 11
45950
 21
11650
  0
LINE
  5
7D8
100
AcDbEntity
  8
FURN
  6
ByLayer
 62
  256
370
   -1
100
AcDbLine
 10
45950
 20
11650
 11
45950
 21
11300
  0
LINE
  5
7D9
100
AcDbEntity
  8
FURN
  6
ByLayer
 62
  256
370
   -1
100
AcDbLine
 10
45950
 20
11300
 11
45200
 21
11300
  0
LINE
  5
7DA
100
AcDbEntity
  8
FURN
  6
ByLayer
 62
  256
370
   -1
100
AcDbLine
 10
45200
 20
11300
 11
45200
 21
11650
  0
LINE
  5
7DB
100
AcDbEntity
  8
FURN
  6
ByLayer
 62
  256
370
   -1
100
AcDbLine
 10
44400
 20
11650
 11
45150
 21
11650
  0
LINE
  5
7DC
100
AcDbEntity
  8
FURN
  6
ByLayer
 62
  256
370
   -1
100
AcDbLine
 10
45150
 20
11650
 11
45150
 21
11300
  0
LINE
  5
7DD
100
AcDbEntity
  8
FURN
  6
ByLayer
 62
  256
370
   -1
100
AcDbLine
 10
45150
 20
11300
 11
44400
 21
11300
  0
LINE
  5
7DE
100
AcDbEntity
  8
FURN
  6
ByLayer
 62
  256
370
   -1
100
AcDbLine
 10
44400
 20
11300
 11
44400
 21
11650
  0
LINE
  5
7DF
100
AcDbEntity
  8
FURN
  6
ByLayer
 62
  256
370
   -1
100
AcDbLine
 10
46525
 20
14700
 11
47825
 21
14700
  0
LINE
  5
7E0
100
AcDbEntity
  8
FURN
  6
ByLayer
 62
  256
370
   -1
100
AcDbLine
 10
47825
 20
14700
 11
47825
 21
14300
  0
LINE
  5
7E1
100
AcDbEntity
  8
FURN
  6
ByLayer
 62
  256
370
   -1
100
AcDbLine
 10
47825
 20
14300
 11
46525
 21
14300
  0
LINE
  5
7E2
100
AcDbEntity
  8
FURN
  6
ByLayer
 62
  256
370
   -1
100
AcDbLine
 10
46525
 20
14300
 11
46525
 21
14700
  0
LINE
  5
7E3
100
AcDbEntity
  8
FURN
  6
ByLayer
 62
  256
370
   -1
100
AcDbLine
 10
47825
 20
14500
 11
46525
 21
14500
  0
LINE
  5
7E4
100
AcDbEntity
  8
FURN
  6
ByLayer
 62
  256
370
   -1
100
AcDbLine
 10
46525
 20
14100
 11
47825
 21
14100
  0
LINE
  5
7E5
100
AcDbEntity
  8
FURN
  6
ByLayer
 62
  256
370
   -1
100
AcDbLine
 10
47825
 20
14100
 11
47825
 21
13700
  0
LINE
  5
7E6
100
AcDbEntity
  8
FURN
  6
ByLayer
 62
  256
370
   -1
100
AcDbLine
 10
47825
 20
13700
 11
46525
 21
13700
  0
LINE
  5
7E7
100
AcDbEntity
  8
FURN
  6
ByLayer
 62
  256
370
   -1
100
AcDbLine
 10
46525
 20
13700
 11
46525
 21
14100
  0
LINE
  5
7E8
100
AcDbEntity
  8
FURN
  6
ByLayer
 62
  256
370
   -1
100
AcDbLine
 10
47825
 20
13900
 11
46525
 21
13900
  0
LINE
  5
7E9
100
AcDbEntity
  8
FURN
  6
ByLayer
 62
  256
370
   -1
100
AcDbLine
 10
45500
 20
14650
 11
46250
 21
14650
  0
LINE
  5
7EA
100
AcDbEntity
  8
FURN
  6
ByLayer
 62
  256
370
   -1
100
AcDbLine
 10
46250
 20
14650
 11
46250
 21
14300
  0
LINE
  5
7EB
100
AcDbEntity
  8
FURN
  6
ByLayer
 62
  256
370
   -1
100
AcDbLine
 10
46250
 20
14300
 11
45500
 21
14300
  0
LINE
  5
7EC
100
AcDbEntity
  8
FURN
  6
ByLayer
 62
  256
370
   -1
100
AcDbLine
 10
45500
 20
14300
 11
45500
 21
14650
  0
LINE
  5
7ED
100
AcDbEntity
  8
FURN
  6
ByLayer
 62
  256
370
   -1
100
AcDbLine
 10
46125
 20
14475
 11
46106
 21
14427.2
  0
LINE
  5
7EE
100
AcDbEntity
  8
FURN
  6
ByLayer
 62
  256
370
   -1
100
AcDbLine
 10
46106
 20
14427.2
 11
46051.8
 21
14386.6
  0
LINE
  5
7EF
100
AcDbEntity
  8
FURN
  6
ByLayer
 62
  256
370
   -1
100
AcDbLine
 10
46051.8
 20
14386.6
 11
45970.7
 21
14359.5
  0
LINE
  5
7F0
100
AcDbEntity
  8
FURN
  6
ByLayer
 62
  256
370
   -1
100
AcDbLine
 10
45970.7
 20
14359.5
 11
45875
 21
14350
  0
LINE
  5
7F1
100
AcDbEntity
  8
FURN
  6
ByLayer
 62
  256
370
   -1
100
AcDbLine
 10
45875
 20
14350
 11
45779.3
 21
14359.5
  0
LINE
  5
7F2
100
AcDbEntity
  8
FURN
  6
ByLayer
 62
  256
370
   -1
100
AcDbLine
 10
45779.3
 20
14359.5
 11
45698.2
 21
14386.6
  0
LINE
  5
7F3
100
AcDbEntity
  8
FURN
  6
ByLayer
 62
  256
370
   -1
100
AcDbLine
 10
45698.2
 20
14386.6
 11
45644
 21
14427.2
  0
LINE
  5
7F4
100
AcDbEntity
  8
FURN
  6
ByLayer
 62
  256
370
   -1
100
AcDbLine
 10
45644
 20
14427.2
 11
45625
 21
14475
  0
LINE
  5
7F5
100
AcDbEntity
  8
FURN
  6
ByLayer
 62
  256
370
   -1
100
AcDbLine
 10
45625
 20
14475
 11
45644
 21
14522.8
  0
LINE
  5
7F6
100
AcDbEntity
  8
FURN
  6
ByLayer
 62
  256
370
   -1
100
AcDbLine
 10
45644
 20
14522.8
 11
45698.2
 21
14563.4
  0
LINE
  5
7F7
100
AcDbEntity
  8
FURN
  6
ByLayer
 62
  256
370
   -1
100
AcDbLine
 10
45698.2
 20
14563.4
 11
45779.3
 21
14590.5
  0
LINE
  5
7F8
100
AcDbEntity
  8
FURN
  6
ByLayer
 62
  256
370
   -1
100
AcDbLine
 10
45779.3
 20
14590.5
 11
45875
 21
14600
  0
LINE
  5
7F9
100
AcDbEntity
  8
FURN
  6
ByLayer
 62
  256
370
   -1
100
AcDbLine
 10
45875
 20
14600
 11
45970.7
 21
14590.5
  0
LINE
  5
7FA
100
AcDbEntity
  8
FURN
  6
ByLayer
 62
  256
370
   -1
100
AcDbLine
 10
45970.7
 20
14590.5
 11
46051.8
 21
14563.4
  0
LINE
  5
7FB
100
AcDbEntity
  8
FURN
  6
ByLayer
 62
  256
370
   -1
100
AcDbLine
 10
46051.8
 20
14563.4
 11
46106
 21
14522.8
  0
LINE
  5
7FC
100
AcDbEntity
  8
FURN
  6
ByLayer
 62
  256
370
   -1
100
AcDbLine
 10
46106
 20
14522.8
 11
46125
 21
14475
  0
LINE
  5
7FD
100
AcDbEntity
  8
FURN
  6
ByLayer
 62
  256
370
   -1
100
AcDbLine
 10
46025
 20
13500
 11
46007.9
 21
13394.8
  0
LINE
  5
7FE
100
AcDbEntity
  8
FURN
  6
ByLayer
 62
  256
370
   -1
100
AcDbLine
 10
46007.9
 20
13394.8
 11
45959.1
 21
13305.5
  0
LINE
  5
7FF
100
AcDbEntity
  8
FURN
  6
ByLayer
 62
  256
370
   -1
100
AcDbLine
 10
45959.1
 20
13305.5
 11
45886.1
 21
13245.9
  0
LINE
  5
800
100
AcDbEntity
  8
FURN
  6
ByLayer
 62
  256
370
   -1
100
AcDbLine
 10
45886.1
 20
13245.9
 11
45800
 21
13225
  0
LINE
  5
801
100
AcDbEntity
  8
FURN
  6
ByLayer
 62
  256
370
   -1
100
AcDbLine
 10
45800
 20
13225
 11
45713.9
 21
13245.9
  0
LINE
  5
802
100
AcDbEntity
  8
FURN
  6
ByLayer
 62
  256
370
   -1
100
AcDbLine
 10
45713.9
 20
13245.9
 11
45640.9
 21
13305.5
  0
LINE
  5
803
100
AcDbEntity
  8
FURN
  6
ByLayer
 62
  256
370
   -1
100
AcDbLine
 10
45640.9
 20
13305.5
 11
45592.1
 21
13394.8
  0
LINE
  5
804
100
AcDbEntity
  8
FURN
  6
ByLayer
 62
  256
370
   -1
100
AcDbLine
 10
45592.1
 20
13394.8
 11
45575
 21
13500
  0
LINE
  5
805
100
AcDbEntity
  8
FURN
  6
ByLayer
 62
  256
370
   -1
100
AcDbLine
 10
45575
 20
13500
 11
45592.1
 21
13605.2
  0
LINE
  5
806
100
AcDbEntity
  8
FURN
  6
ByLayer
 62
  256
370
   -1
100
AcDbLine
 10
45592.1
 20
13605.2
 11
45640.9
 21
13694.5
  0
LINE
  5
807
100
AcDbEntity
  8
FURN
  6
ByLayer
 62
  256
370
   -1
100
AcDbLine
 10
45640.9
 20
13694.5
 11
45713.9
 21
13754.1
  0
LINE
  5
808
100
AcDbEntity
  8
FURN
  6
ByLayer
 62
  256
370
   -1
100
AcDbLine
 10
45713.9
 20
13754.1
 11
45800
 21
13775
  0
LINE
  5
809
100
AcDbEntity
  8
FURN
  6
ByLayer
 62
  256
370
   -1
100
AcDbLine
 10
45800
 20
13775
 11
45886.1
 21
13754.1
  0
LINE
  5
80A
100
AcDbEntity
  8
FURN
  6
ByLayer
 62
  256
370
   -1
100
AcDbLine
 10
45886.1
 20
13754.1
 11
45959.1
 21
13694.5
  0
LINE
  5
80B
100
AcDbEntity
  8
FURN
  6
ByLayer
 62
  256
370
   -1
100
AcDbLine
 10
45959.1
 20
13694.5
 11
46007.9
 21
13605.2
  0
LINE
  5
80C
100
AcDbEntity
  8
FURN
  6
ByLayer
 62
  256
370
   -1
100
AcDbLine
 10
46007.9
 20
13605.2
 11
46025
 21
13500
  0
LINE
  5
80D
100
AcDbEntity
  8
FURN
  6
ByLayer
 62
  256
370
   -1
100
AcDbLine
 10
44200
 20
14650
 11
45100
 21
14650
  0
LINE
  5
80E
100
AcDbEntity
  8
FURN
  6
ByLayer
 62
  256
370
   -1
100
AcDbLine
 10
45100
 20
14650
 11
45100
 21
13650
  0
LINE
  5
80F
100
AcDbEntity
  8
FURN
  6
ByLayer
 62
  256
370
   -1
100
AcDbLine
 10
45100
 20
13650
 11
44200
 21
13650
  0
LINE
  5
810
100
AcDbEntity
  8
FURN
  6
ByLayer
 62
  256
370
   -1
100
AcDbLine
 10
44200
 20
13650
 11
44200
 21
14650
  0
LINE
  5
811
100
AcDbEntity
  8
FURN
  6
ByLayer
 62
  256
370
   -1
100
AcDbLine
 10
45100
 20
14650
 11
44200
 21
13650
  0
LINE
  5
812
100
AcDbEntity
  8
FURN
  6
ByLayer
 62
  256
370
   -1
100
AcDbLine
 10
55300
 20
9800
 11
55800
 21
9800
  0
LINE
  5
813
100
AcDbEntity
  8
FURN
  6
ByLayer
 62
  256
370
   -1
100
AcDbLine
 10
55800
 20
9800
 11
55800
 21
9600
  0
LINE
  5
814
100
AcDbEntity
  8
FURN
  6
ByLayer
 62
  256
370
   -1
100
AcDbLine
 10
55800
 20
9600
 11
55300
 21
9600
  0
LINE
  5
815
100
AcDbEntity
  8
FURN
  6
ByLayer
 62
  256
370
   -1
100
AcDbLine
 10
55300
 20
9600
 11
55300
 21
9800
  0
LINE
  5
816
100
AcDbEntity
  8
FURN
  6
ByLayer
 62
  256
370
   -1
100
AcDbLine
 10
55750
 20
9700
 11
55734.8
 21
9661.700000000001
  0
LINE
  5
817
100
AcDbEntity
  8
FURN
  6
ByLayer
 62
  256
370
   -1
100
AcDbLine
 10
55734.8
 20
9661.700000000001
 11
55691.4
 21
9629.299999999999
  0
LINE
  5
818
100
AcDbEntity
  8
FURN
  6
ByLayer
 62
  256
370
   -1
100
AcDbLine
 10
55691.4
 20
9629.299999999999
 11
55626.5
 21
9607.6
  0
LINE
  5
819
100
AcDbEntity
  8
FURN
  6
ByLayer
 62
  256
370
   -1
100
AcDbLine
 10
55626.5
 20
9607.6
 11
55550
 21
9600
  0
LINE
  5
81A
100
AcDbEntity
  8
FURN
  6
ByLayer
 62
  256
370
   -1
100
AcDbLine
 10
55550
 20
9600
 11
55473.5
 21
9607.6
  0
LINE
  5
81B
100
AcDbEntity
  8
FURN
  6
ByLayer
 62
  256
370
   -1
100
AcDbLine
 10
55473.5
 20
9607.6
 11
55408.6
 21
9629.299999999999
  0
LINE
  5
81C
100
AcDbEntity
  8
FURN
  6
ByLayer
 62
  256
370
   -1
100
AcDbLine
 10
55408.6
 20
9629.299999999999
 11
55365.2
 21
9661.700000000001
  0
LINE
  5
81D
100
AcDbEntity
  8
FURN
  6
ByLayer
 62
  256
370
   -1
100
AcDbLine
 10
55365.2
 20
9661.700000000001
 11
55350
 21
9700
  0
LINE
  5
81E
100
AcDbEntity
  8
FURN
  6
ByLayer
 62
  256
370
   -1
100
AcDbLine
 10
55350
 20
9700
 11
55365.2
 21
9738.299999999999
  0
LINE
  5
81F
100
AcDbEntity
  8
FURN
  6
ByLayer
 62
  256
370
   -1
100
AcDbLine
 10
55365.2
 20
9738.299999999999
 11
55408.6
 21
9770.700000000001
  0
LINE
  5
820
100
AcDbEntity
  8
FURN
  6
ByLayer
 62
  256
370
   -1
100
AcDbLine
 10
55408.6
 20
9770.700000000001
 11
55473.5
 21
9792.4
  0
LINE
  5
821
100
AcDbEntity
  8
FURN
  6
ByLayer
 62
  256
370
   -1
100
AcDbLine
 10
55473.5
 20
9792.4
 11
55550
 21
9800
  0
LINE
  5
822
100
AcDbEntity
  8
FURN
  6
ByLayer
 62
  256
370
   -1
100
AcDbLine
 10
55550
 20
9800
 11
55626.5
 21
9792.4
  0
LINE
  5
823
100
AcDbEntity
  8
FURN
  6
ByLayer
 62
  256
370
   -1
100
AcDbLine
 10
55626.5
 20
9792.4
 11
55691.4
 21
9770.700000000001
  0
LINE
  5
824
100
AcDbEntity
  8
FURN
  6
ByLayer
 62
  256
370
   -1
100
AcDbLine
 10
55691.4
 20
9770.700000000001
 11
55734.8
 21
9738.299999999999
  0
LINE
  5
825
100
AcDbEntity
  8
FURN
  6
ByLayer
 62
  256
370
   -1
100
AcDbLine
 10
55734.8
 20
9738.299999999999
 11
55750
 21
9700
  0
LINE
  5
826
100
AcDbEntity
  8
FURN
  6
ByLayer
 62
  256
370
   -1
100
AcDbLine
 10
55775
 20
8800
 11
55757.9
 21
8694.799999999999
  0
LINE
  5
827
100
AcDbEntity
  8
FURN
  6
ByLayer
 62
  256
370
   -1
100
AcDbLine
 10
55757.9
 20
8694.799999999999
 11
55709.1
 21
8605.5
  0
LINE
  5
828
100
AcDbEntity
  8
FURN
  6
ByLayer
 62
  256
370
   -1
100
AcDbLine
 10
55709.1
 20
8605.5
 11
55636.1
 21
8545.9
  0
LINE
  5
829
100
AcDbEntity
  8
FURN
  6
ByLayer
 62
  256
370
   -1
100
AcDbLine
 10
55636.1
 20
8545.9
 11
55550
 21
8525
  0
LINE
  5
82A
100
AcDbEntity
  8
FURN
  6
ByLayer
 62
  256
370
   -1
100
AcDbLine
 10
55550
 20
8525
 11
55463.9
 21
8545.9
  0
LINE
  5
82B
100
AcDbEntity
  8
FURN
  6
ByLayer
 62
  256
370
   -1
100
AcDbLine
 10
55463.9
 20
8545.9
 11
55390.9
 21
8605.5
  0
LINE
  5
82C
100
AcDbEntity
  8
FURN
  6
ByLayer
 62
  256
370
   -1
100
AcDbLine
 10
55390.9
 20
8605.5
 11
55342.1
 21
8694.799999999999
  0
LINE
  5
82D
100
AcDbEntity
  8
FURN
  6
ByLayer
 62
  256
370
   -1
100
AcDbLine
 10
55342.1
 20
8694.799999999999
 11
55325
 21
8800
  0
LINE
  5
82E
100
AcDbEntity
  8
FURN
  6
ByLayer
 62
  256
370
   -1
100
AcDbLine
 10
55325
 20
8800
 11
55342.1
 21
8905.200000000001
  0
LINE
  5
82F
100
AcDbEntity
  8
FURN
  6
ByLayer
 62
  256
370
   -1
100
AcDbLine
 10
55342.1
 20
8905.200000000001
 11
55390.9
 21
8994.5
  0
LINE
  5
830
100
AcDbEntity
  8
FURN
  6
ByLayer
 62
  256
370
   -1
100
AcDbLine
 10
55390.9
 20
8994.5
 11
55463.9
 21
9054.1
  0
LINE
  5
831
100
AcDbEntity
  8
FURN
  6
ByLayer
 62
  256
370
   -1
100
AcDbLine
 10
55463.9
 20
9054.1
 11
55550
 21
9075
  0
LINE
  5
832
100
AcDbEntity
  8
FURN
  6
ByLayer
 62
  256
370
   -1
100
AcDbLine
 10
55550
 20
9075
 11
55636.1
 21
9054.1
  0
LINE
  5
833
100
AcDbEntity
  8
FURN
  6
ByLayer
 62
  256
370
   -1
100
AcDbLine
 10
55636.1
 20
9054.1
 11
55709.1
 21
8994.5
  0
LINE
  5
834
100
AcDbEntity
  8
FURN
  6
ByLayer
 62
  256
370
   -1
100
AcDbLine
 10
55709.1
 20
8994.5
 11
55757.9
 21
8905.200000000001
  0
LINE
  5
835
100
AcDbEntity
  8
FURN
  6
ByLayer
 62
  256
370
   -1
100
AcDbLine
 10
55757.9
 20
8905.200000000001
 11
55775
 21
8800
  0
LINE
  5
836
100
AcDbEntity
  8
FURN
  6
ByLayer
 62
  256
370
   -1
100
AcDbLine
 10
54250
 20
9800
 11
54950
 21
9800
  0
LINE
  5
837
100
AcDbEntity
  8
FURN
  6
ByLayer
 62
  256
370
   -1
100
AcDbLine
 10
54950
 20
9800
 11
54950
 21
9350
  0
LINE
  5
838
100
AcDbEntity
  8
FURN
  6
ByLayer
 62
  256
370
   -1
100
AcDbLine
 10
54950
 20
9350
 11
54250
 21
9350
  0
LINE
  5
839
100
AcDbEntity
  8
FURN
  6
ByLayer
 62
  256
370
   -1
100
AcDbLine
 10
54250
 20
9350
 11
54250
 21
9800
  0
LINE
  5
83A
100
AcDbEntity
  8
FURN
  6
ByLayer
 62
  256
370
   -1
100
AcDbLine
 10
54950
 20
9800
 11
54250
 21
9350
  0
SOLID
  5
83B
100
AcDbEntity
  8
COLUMN
  6
ByLayer
 62
  256
370
   -1
100
AcDbTrace
 10
59775
 20
-225
 30
0
 11
60225
 21
-225
 31
0
 12
59775
 22
225
 32
0
 13
60225
 23
225
 33
0
  0
LINE
  5
83C
100
AcDbEntity
  8
COLUMN
  6
ByLayer
 62
  256
370
   -1
100
AcDbLine
 10
59775
 20
-225
 11
60225
 21
-225
  0
LINE
  5
83D
100
AcDbEntity
  8
COLUMN
  6
ByLayer
 62
  256
370
   -1
100
AcDbLine
 10
60225
 20
-225
 11
60225
 21
225
  0
LINE
  5
83E
100
AcDbEntity
  8
COLUMN
  6
ByLayer
 62
  256
370
   -1
100
AcDbLine
 10
60225
 20
225
 11
59775
 21
225
  0
LINE
  5
83F
100
AcDbEntity
  8
COLUMN
  6
ByLayer
 62
  256
370
   -1
100
AcDbLine
 10
59775
 20
225
 11
59775
 21
-225
  0
SOLID
  5
840
100
AcDbEntity
  8
COLUMN
  6
ByLayer
 62
  256
370
   -1
100
AcDbTrace
 10
55775
 20
-225
 30
0
 11
56225
 21
-225
 31
0
 12
55775
 22
225
 32
0
 13
56225
 23
225
 33
0
  0
LINE
  5
841
100
AcDbEntity
  8
COLUMN
  6
ByLayer
 62
  256
370
   -1
100
AcDbLine
 10
55775
 20
-225
 11
56225
 21
-225
  0
LINE
  5
842
100
AcDbEntity
  8
COLUMN
  6
ByLayer
 62
  256
370
   -1
100
AcDbLine
 10
56225
 20
-225
 11
56225
 21
225
  0
LINE
  5
843
100
AcDbEntity
  8
COLUMN
  6
ByLayer
 62
  256
370
   -1
100
AcDbLine
 10
56225
 20
225
 11
55775
 21
225
  0
LINE
  5
844
100
AcDbEntity
  8
COLUMN
  6
ByLayer
 62
  256
370
   -1
100
AcDbLine
 10
55775
 20
225
 11
55775
 21
-225
  0
SOLID
  5
845
100
AcDbEntity
  8
COLUMN
  6
ByLayer
 62
  256
370
   -1
100
AcDbTrace
 10
51775
 20
-225
 30
0
 11
52225
 21
-225
 31
0
 12
51775
 22
225
 32
0
 13
52225
 23
225
 33
0
  0
LINE
  5
846
100
AcDbEntity
  8
COLUMN
  6
ByLayer
 62
  256
370
   -1
100
AcDbLine
 10
51775
 20
-225
 11
52225
 21
-225
  0
LINE
  5
847
100
AcDbEntity
  8
COLUMN
  6
ByLayer
 62
  256
370
   -1
100
AcDbLine
 10
52225
 20
-225
 11
52225
 21
225
  0
LINE
  5
848
100
AcDbEntity
  8
COLUMN
  6
ByLayer
 62
  256
370
   -1
100
AcDbLine
 10
52225
 20
225
 11
51775
 21
225
  0
LINE
  5
849
100
AcDbEntity
  8
COLUMN
  6
ByLayer
 62
  256
370
   -1
100
AcDbLine
 10
51775
 20
225
 11
51775
 21
-225
  0
SOLID
  5
84A
100
AcDbEntity
  8
COLUMN
  6
ByLayer
 62
  256
370
   -1
100
AcDbTrace
 10
47775
 20
-225
 30
0
 11
48225
 21
-225
 31
0
 12
47775
 22
225
 32
0
 13
48225
 23
225
 33
0
  0
LINE
  5
84B
100
AcDbEntity
  8
COLUMN
  6
ByLayer
 62
  256
370
   -1
100
AcDbLine
 10
47775
 20
-225
 11
48225
 21
-225
  0
LINE
  5
84C
100
AcDbEntity
  8
COLUMN
  6
ByLayer
 62
  256
370
   -1
100
AcDbLine
 10
48225
 20
-225
 11
48225
 21
225
  0
LINE
  5
84D
100
AcDbEntity
  8
COLUMN
  6
ByLayer
 62
  256
370
   -1
100
AcDbLine
 10
48225
 20
225
 11
47775
 21
225
  0
LINE
  5
84E
100
AcDbEntity
  8
COLUMN
  6
ByLayer
 62
  256
370
   -1
100
AcDbLine
 10
47775
 20
225
 11
47775
 21
-225
  0
SOLID
  5
84F
100
AcDbEntity
  8
COLUMN
  6
ByLayer
 62
  256
370
   -1
100
AcDbTrace
 10
43775
 20
-225
 30
0
 11
44225
 21
-225
 31
0
 12
43775
 22
225
 32
0
 13
44225
 23
225
 33
0
  0
LINE
  5
850
100
AcDbEntity
  8
COLUMN
  6
ByLayer
 62
  256
370
   -1
100
AcDbLine
 10
43775
 20
-225
 11
44225
 21
-225
  0
LINE
  5
851
100
AcDbEntity
  8
COLUMN
  6
ByLayer
 62
  256
370
   -1
100
AcDbLine
 10
44225
 20
-225
 11
44225
 21
225
  0
LINE
  5
852
100
AcDbEntity
  8
COLUMN
  6
ByLayer
 62
  256
370
   -1
100
AcDbLine
 10
44225
 20
225
 11
43775
 21
225
  0
LINE
  5
853
100
AcDbEntity
  8
COLUMN
  6
ByLayer
 62
  256
370
   -1
100
AcDbLine
 10
43775
 20
225
 11
43775
 21
-225
  0
SOLID
  5
854
100
AcDbEntity
  8
COLUMN
  6
ByLayer
 62
  256
370
   -1
100
AcDbTrace
 10
59775
 20
4775
 30
0
 11
60225
 21
4775
 31
0
 12
59775
 22
5225
 32
0
 13
60225
 23
5225
 33
0
  0
LINE
  5
855
100
AcDbEntity
  8
COLUMN
  6
ByLayer
 62
  256
370
   -1
100
AcDbLine
 10
59775
 20
4775
 11
60225
 21
4775
  0
LINE
  5
856
100
AcDbEntity
  8
COLUMN
  6
ByLayer
 62
  256
370
   -1
100
AcDbLine
 10
60225
 20
4775
 11
60225
 21
5225
  0
LINE
  5
857
100
AcDbEntity
  8
COLUMN
  6
ByLayer
 62
  256
370
   -1
100
AcDbLine
 10
60225
 20
5225
 11
59775
 21
5225
  0
LINE
  5
858
100
AcDbEntity
  8
COLUMN
  6
ByLayer
 62
  256
370
   -1
100
AcDbLine
 10
59775
 20
5225
 11
59775
 21
4775
  0
SOLID
  5
859
100
AcDbEntity
  8
COLUMN
  6
ByLayer
 62
  256
370
   -1
100
AcDbTrace
 10
55775
 20
4775
 30
0
 11
56225
 21
4775
 31
0
 12
55775
 22
5225
 32
0
 13
56225
 23
5225
 33
0
  0
LINE
  5
85A
100
AcDbEntity
  8
COLUMN
  6
ByLayer
 62
  256
370
   -1
100
AcDbLine
 10
55775
 20
4775
 11
56225
 21
4775
  0
LINE
  5
85B
100
AcDbEntity
  8
COLUMN
  6
ByLayer
 62
  256
370
   -1
100
AcDbLine
 10
56225
 20
4775
 11
56225
 21
5225
  0
LINE
  5
85C
100
AcDbEntity
  8
COLUMN
  6
ByLayer
 62
  256
370
   -1
100
AcDbLine
 10
56225
 20
5225
 11
55775
 21
5225
  0
LINE
  5
85D
100
AcDbEntity
  8
COLUMN
  6
ByLayer
 62
  256
370
   -1
100
AcDbLine
 10
55775
 20
5225
 11
55775
 21
4775
  0
SOLID
  5
85E
100
AcDbEntity
  8
COLUMN
  6
ByLayer
 62
  256
370
   -1
100
AcDbTrace
 10
51775
 20
4775
 30
0
 11
52225
 21
4775
 31
0
 12
51775
 22
5225
 32
0
 13
52225
 23
5225
 33
0
  0
LINE
  5
85F
100
AcDbEntity
  8
COLUMN
  6
ByLayer
 62
  256
370
   -1
100
AcDbLine
 10
51775
 20
4775
 11
52225
 21
4775
  0
LINE
  5
860
100
AcDbEntity
  8
COLUMN
  6
ByLayer
 62
  256
370
   -1
100
AcDbLine
 10
52225
 20
4775
 11
52225
 21
5225
  0
LINE
  5
861
100
AcDbEntity
  8
COLUMN
  6
ByLayer
 62
  256
370
   -1
100
AcDbLine
 10
52225
 20
5225
 11
51775
 21
5225
  0
LINE
  5
862
100
AcDbEntity
  8
COLUMN
  6
ByLayer
 62
  256
370
   -1
100
AcDbLine
 10
51775
 20
5225
 11
51775
 21
4775
  0
SOLID
  5
863
100
AcDbEntity
  8
COLUMN
  6
ByLayer
 62
  256
370
   -1
100
AcDbTrace
 10
47775
 20
4775
 30
0
 11
48225
 21
4775
 31
0
 12
47775
 22
5225
 32
0
 13
48225
 23
5225
 33
0
  0
LINE
  5
864
100
AcDbEntity
  8
COLUMN
  6
ByLayer
 62
  256
370
   -1
100
AcDbLine
 10
47775
 20
4775
 11
48225
 21
4775
  0
LINE
  5
865
100
AcDbEntity
  8
COLUMN
  6
ByLayer
 62
  256
370
   -1
100
AcDbLine
 10
48225
 20
4775
 11
48225
 21
5225
  0
LINE
  5
866
100
AcDbEntity
  8
COLUMN
  6
ByLayer
 62
  256
370
   -1
100
AcDbLine
 10
48225
 20
5225
 11
47775
 21
5225
  0
LINE
  5
867
100
AcDbEntity
  8
COLUMN
  6
ByLayer
 62
  256
370
   -1
100
AcDbLine
 10
47775
 20
5225
 11
47775
 21
4775
  0
SOLID
  5
868
100
AcDbEntity
  8
COLUMN
  6
ByLayer
 62
  256
370
   -1
100
AcDbTrace
 10
43775
 20
4775
 30
0
 11
44225
 21
4775
 31
0
 12
43775
 22
5225
 32
0
 13
44225
 23
5225
 33
0
  0
LINE
  5
869
100
AcDbEntity
  8
COLUMN
  6
ByLayer
 62
  256
370
   -1
100
AcDbLine
 10
43775
 20
4775
 11
44225
 21
4775
  0
LINE
  5
86A
100
AcDbEntity
  8
COLUMN
  6
ByLayer
 62
  256
370
   -1
100
AcDbLine
 10
44225
 20
4775
 11
44225
 21
5225
  0
LINE
  5
86B
100
AcDbEntity
  8
COLUMN
  6
ByLayer
 62
  256
370
   -1
100
AcDbLine
 10
44225
 20
5225
 11
43775
 21
5225
  0
LINE
  5
86C
100
AcDbEntity
  8
COLUMN
  6
ByLayer
 62
  256
370
   -1
100
AcDbLine
 10
43775
 20
5225
 11
43775
 21
4775
  0
SOLID
  5
86D
100
AcDbEntity
  8
COLUMN
  6
ByLayer
 62
  256
370
   -1
100
AcDbTrace
 10
59775
 20
9775
 30
0
 11
60225
 21
9775
 31
0
 12
59775
 22
10225
 32
0
 13
60225
 23
10225
 33
0
  0
LINE
  5
86E
100
AcDbEntity
  8
COLUMN
  6
ByLayer
 62
  256
370
   -1
100
AcDbLine
 10
59775
 20
9775
 11
60225
 21
9775
  0
LINE
  5
86F
100
AcDbEntity
  8
COLUMN
  6
ByLayer
 62
  256
370
   -1
100
AcDbLine
 10
60225
 20
9775
 11
60225
 21
10225
  0
LINE
  5
870
100
AcDbEntity
  8
COLUMN
  6
ByLayer
 62
  256
370
   -1
100
AcDbLine
 10
60225
 20
10225
 11
59775
 21
10225
  0
LINE
  5
871
100
AcDbEntity
  8
COLUMN
  6
ByLayer
 62
  256
370
   -1
100
AcDbLine
 10
59775
 20
10225
 11
59775
 21
9775
  0
SOLID
  5
872
100
AcDbEntity
  8
COLUMN
  6
ByLayer
 62
  256
370
   -1
100
AcDbTrace
 10
55775
 20
9775
 30
0
 11
56225
 21
9775
 31
0
 12
55775
 22
10225
 32
0
 13
56225
 23
10225
 33
0
  0
LINE
  5
873
100
AcDbEntity
  8
COLUMN
  6
ByLayer
 62
  256
370
   -1
100
AcDbLine
 10
55775
 20
9775
 11
56225
 21
9775
  0
LINE
  5
874
100
AcDbEntity
  8
COLUMN
  6
ByLayer
 62
  256
370
   -1
100
AcDbLine
 10
56225
 20
9775
 11
56225
 21
10225
  0
LINE
  5
875
100
AcDbEntity
  8
COLUMN
  6
ByLayer
 62
  256
370
   -1
100
AcDbLine
 10
56225
 20
10225
 11
55775
 21
10225
  0
LINE
  5
876
100
AcDbEntity
  8
COLUMN
  6
ByLayer
 62
  256
370
   -1
100
AcDbLine
 10
55775
 20
10225
 11
55775
 21
9775
  0
SOLID
  5
877
100
AcDbEntity
  8
COLUMN
  6
ByLayer
 62
  256
370
   -1
100
AcDbTrace
 10
51775
 20
9775
 30
0
 11
52225
 21
9775
 31
0
 12
51775
 22
10225
 32
0
 13
52225
 23
10225
 33
0
  0
LINE
  5
878
100
AcDbEntity
  8
COLUMN
  6
ByLayer
 62
  256
370
   -1
100
AcDbLine
 10
51775
 20
9775
 11
52225
 21
9775
  0
LINE
  5
879
100
AcDbEntity
  8
COLUMN
  6
ByLayer
 62
  256
370
   -1
100
AcDbLine
 10
52225
 20
9775
 11
52225
 21
10225
  0
LINE
  5
87A
100
AcDbEntity
  8
COLUMN
  6
ByLayer
 62
  256
370
   -1
100
AcDbLine
 10
52225
 20
10225
 11
51775
 21
10225
  0
LINE
  5
87B
100
AcDbEntity
  8
COLUMN
  6
ByLayer
 62
  256
370
   -1
100
AcDbLine
 10
51775
 20
10225
 11
51775
 21
9775
  0
SOLID
  5
87C
100
AcDbEntity
  8
COLUMN
  6
ByLayer
 62
  256
370
   -1
100
AcDbTrace
 10
47775
 20
9775
 30
0
 11
48225
 21
9775
 31
0
 12
47775
 22
10225
 32
0
 13
48225
 23
10225
 33
0
  0
LINE
  5
87D
100
AcDbEntity
  8
COLUMN
  6
ByLayer
 62
  256
370
   -1
100
AcDbLine
 10
47775
 20
9775
 11
48225
 21
9775
  0
LINE
  5
87E
100
AcDbEntity
  8
COLUMN
  6
ByLayer
 62
  256
370
   -1
100
AcDbLine
 10
48225
 20
9775
 11
48225
 21
10225
  0
LINE
  5
87F
100
AcDbEntity
  8
COLUMN
  6
ByLayer
 62
  256
370
   -1
100
AcDbLine
 10
48225
 20
10225
 11
47775
 21
10225
  0
LINE
  5
880
100
AcDbEntity
  8
COLUMN
  6
ByLayer
 62
  256
370
   -1
100
AcDbLine
 10
47775
 20
10225
 11
47775
 21
9775
  0
SOLID
  5
881
100
AcDbEntity
  8
COLUMN
  6
ByLayer
 62
  256
370
   -1
100
AcDbTrace
 10
43775
 20
9775
 30
0
 11
44225
 21
9775
 31
0
 12
43775
 22
10225
 32
0
 13
44225
 23
10225
 33
0
  0
LINE
  5
882
100
AcDbEntity
  8
COLUMN
  6
ByLayer
 62
  256
370
   -1
100
AcDbLine
 10
43775
 20
9775
 11
44225
 21
9775
  0
LINE
  5
883
100
AcDbEntity
  8
COLUMN
  6
ByLayer
 62
  256
370
   -1
100
AcDbLine
 10
44225
 20
9775
 11
44225
 21
10225
  0
LINE
  5
884
100
AcDbEntity
  8
COLUMN
  6
ByLayer
 62
  256
370
   -1
100
AcDbLine
 10
44225
 20
10225
 11
43775
 21
10225
  0
LINE
  5
885
100
AcDbEntity
  8
COLUMN
  6
ByLayer
 62
  256
370
   -1
100
AcDbLine
 10
43775
 20
10225
 11
43775
 21
9775
  0
SOLID
  5
886
100
AcDbEntity
  8
COLUMN
  6
ByLayer
 62
  256
370
   -1
100
AcDbTrace
 10
59775
 20
14775
 30
0
 11
60225
 21
14775
 31
0
 12
59775
 22
15225
 32
0
 13
60225
 23
15225
 33
0
  0
LINE
  5
887
100
AcDbEntity
  8
COLUMN
  6
ByLayer
 62
  256
370
   -1
100
AcDbLine
 10
59775
 20
14775
 11
60225
 21
14775
  0
LINE
  5
888
100
AcDbEntity
  8
COLUMN
  6
ByLayer
 62
  256
370
   -1
100
AcDbLine
 10
60225
 20
14775
 11
60225
 21
15225
  0
LINE
  5
889
100
AcDbEntity
  8
COLUMN
  6
ByLayer
 62
  256
370
   -1
100
AcDbLine
 10
60225
 20
15225
 11
59775
 21
15225
  0
LINE
  5
88A
100
AcDbEntity
  8
COLUMN
  6
ByLayer
 62
  256
370
   -1
100
AcDbLine
 10
59775
 20
15225
 11
59775
 21
14775
  0
SOLID
  5
88B
100
AcDbEntity
  8
COLUMN
  6
ByLayer
 62
  256
370
   -1
100
AcDbTrace
 10
55775
 20
14775
 30
0
 11
56225
 21
14775
 31
0
 12
55775
 22
15225
 32
0
 13
56225
 23
15225
 33
0
  0
LINE
  5
88C
100
AcDbEntity
  8
COLUMN
  6
ByLayer
 62
  256
370
   -1
100
AcDbLine
 10
55775
 20
14775
 11
56225
 21
14775
  0
LINE
  5
88D
100
AcDbEntity
  8
COLUMN
  6
ByLayer
 62
  256
370
   -1
100
AcDbLine
 10
56225
 20
14775
 11
56225
 21
15225
  0
LINE
  5
88E
100
AcDbEntity
  8
COLUMN
  6
ByLayer
 62
  256
370
   -1
100
AcDbLine
 10
56225
 20
15225
 11
55775
 21
15225
  0
LINE
  5
88F
100
AcDbEntity
  8
COLUMN
  6
ByLayer
 62
  256
370
   -1
100
AcDbLine
 10
55775
 20
15225
 11
55775
 21
14775
  0
SOLID
  5
890
100
AcDbEntity
  8
COLUMN
  6
ByLayer
 62
  256
370
   -1
100
AcDbTrace
 10
51775
 20
14775
 30
0
 11
52225
 21
14775
 31
0
 12
51775
 22
15225
 32
0
 13
52225
 23
15225
 33
0
  0
LINE
  5
891
100
AcDbEntity
  8
COLUMN
  6
ByLayer
 62
  256
370
   -1
100
AcDbLine
 10
51775
 20
14775
 11
52225
 21
14775
  0
LINE
  5
892
100
AcDbEntity
  8
COLUMN
  6
ByLayer
 62
  256
370
   -1
100
AcDbLine
 10
52225
 20
14775
 11
52225
 21
15225
  0
LINE
  5
893
100
AcDbEntity
  8
COLUMN
  6
ByLayer
 62
  256
370
   -1
100
AcDbLine
 10
52225
 20
15225
 11
51775
 21
15225
  0
LINE
  5
894
100
AcDbEntity
  8
COLUMN
  6
ByLayer
 62
  256
370
   -1
100
AcDbLine
 10
51775
 20
15225
 11
51775
 21
14775
  0
SOLID
  5
895
100
AcDbEntity
  8
COLUMN
  6
ByLayer
 62
  256
370
   -1
100
AcDbTrace
 10
47775
 20
14775
 30
0
 11
48225
 21
14775
 31
0
 12
47775
 22
15225
 32
0
 13
48225
 23
15225
 33
0
  0
LINE
  5
896
100
AcDbEntity
  8
COLUMN
  6
ByLayer
 62
  256
370
   -1
100
AcDbLine
 10
47775
 20
14775
 11
48225
 21
14775
  0
LINE
  5
897
100
AcDbEntity
  8
COLUMN
  6
ByLayer
 62
  256
370
   -1
100
AcDbLine
 10
48225
 20
14775
 11
48225
 21
15225
  0
LINE
  5
898
100
AcDbEntity
  8
COLUMN
  6
ByLayer
 62
  256
370
   -1
100
AcDbLine
 10
48225
 20
15225
 11
47775
 21
15225
  0
LINE
  5
899
100
AcDbEntity
  8
COLUMN
  6
ByLayer
 62
  256
370
   -1
100
AcDbLine
 10
47775
 20
15225
 11
47775
 21
14775
  0
SOLID
  5
89A
100
AcDbEntity
  8
COLUMN
  6
ByLayer
 62
  256
370
   -1
100
AcDbTrace
 10
43775
 20
14775
 30
0
 11
44225
 21
14775
 31
0
 12
43775
 22
15225
 32
0
 13
44225
 23
15225
 33
0
  0
LINE
  5
89B
100
AcDbEntity
  8
COLUMN
  6
ByLayer
 62
  256
370
   -1
100
AcDbLine
 10
43775
 20
14775
 11
44225
 21
14775
  0
LINE
  5
89C
100
AcDbEntity
  8
COLUMN
  6
ByLayer
 62
  256
370
   -1
100
AcDbLine
 10
44225
 20
14775
 11
44225
 21
15225
  0
LINE
  5
89D
100
AcDbEntity
  8
COLUMN
  6
ByLayer
 62
  256
370
   -1
100
AcDbLine
 10
44225
 20
15225
 11
43775
 21
15225
  0
LINE
  5
89E
100
AcDbEntity
  8
COLUMN
  6
ByLayer
 62
  256
370
   -1
100
AcDbLine
 10
43775
 20
15225
 11
43775
 21
14775
  0
LINE
  5
89F
100
AcDbEntity
  8
HVAC
  6
ByLayer
 62
  256
370
   -1
100
AcDbLine
 10
53900
 20
14700
 11
54750
 21
14700
  0
LINE
  5
8A0
100
AcDbEntity
  8
HVAC
  6
ByLayer
 62
  256
370
   -1
100
AcDbLine
 10
54750
 20
14700
 11
54750
 21
14375
  0
LINE
  5
8A1
100
AcDbEntity
  8
HVAC
  6
ByLayer
 62
  256
370
   -1
100
AcDbLine
 10
54750
 20
14375
 11
53900
 21
14375
  0
LINE
  5
8A2
100
AcDbEntity
  8
HVAC
  6
ByLayer
 62
  256
370
   -1
100
AcDbLine
 10
53900
 20
14375
 11
53900
 21
14700
  0
LINE
  5
8A3
100
AcDbEntity
  8
HVAC
  6
ByLayer
 62
  256
370
   -1
100
AcDbLine
 10
54625
 20
14700
 11
54625
 21
14375
  0
LINE
  5
8A4
100
AcDbEntity
  8
HVAC
  6
ByLayer
 62
  256
370
   -1
100
AcDbLine
 10
54475
 20
14700
 11
54475
 21
14375
  0
LINE
  5
8A5
100
AcDbEntity
  8
HVAC
  6
ByLayer
 62
  256
370
   -1
100
AcDbLine
 10
54325
 20
14700
 11
54325
 21
14375
  0
LINE
  5
8A6
100
AcDbEntity
  8
HVAC
  6
ByLayer
 62
  256
370
   -1
100
AcDbLine
 10
54175
 20
14700
 11
54175
 21
14375
  0
LINE
  5
8A7
100
AcDbEntity
  8
HVAC
  6
ByLayer
 62
  256
370
   -1
100
AcDbLine
 10
54025
 20
14700
 11
54025
 21
14375
  0
LINE
  5
8A8
100
AcDbEntity
  8
HVAC
  6
ByLayer
 62
  256
370
   -1
100
AcDbLine
 10
50150
 20
14700
 11
51000
 21
14700
  0
LINE
  5
8A9
100
AcDbEntity
  8
HVAC
  6
ByLayer
 62
  256
370
   -1
100
AcDbLine
 10
51000
 20
14700
 11
51000
 21
14375
  0
LINE
  5
8AA
100
AcDbEntity
  8
HVAC
  6
ByLayer
 62
  256
370
   -1
100
AcDbLine
 10
51000
 20
14375
 11
50150
 21
14375
  0
LINE
  5
8AB
100
AcDbEntity
  8
HVAC
  6
ByLayer
 62
  256
370
   -1
100
AcDbLine
 10
50150
 20
14375
 11
50150
 21
14700
  0
LINE
  5
8AC
100
AcDbEntity
  8
HVAC
  6
ByLayer
 62
  256
370
   -1
100
AcDbLine
 10
50875
 20
14700
 11
50875
 21
14375
  0
LINE
  5
8AD
100
AcDbEntity
  8
HVAC
  6
ByLayer
 62
  256
370
   -1
100
AcDbLine
 10
50725
 20
14700
 11
50725
 21
14375
  0
LINE
  5
8AE
100
AcDbEntity
  8
HVAC
  6
ByLayer
 62
  256
370
   -1
100
AcDbLine
 10
50575
 20
14700
 11
50575
 21
14375
  0
LINE
  5
8AF
100
AcDbEntity
  8
HVAC
  6
ByLayer
 62
  256
370
   -1
100
AcDbLine
 10
50425
 20
14700
 11
50425
 21
14375
  0
LINE
  5
8B0
100
AcDbEntity
  8
HVAC
  6
ByLayer
 62
  256
370
   -1
100
AcDbLine
 10
50275
 20
14700
 11
50275
 21
14375
  0
LINE
  5
8B1
100
AcDbEntity
  8
HVAC
  6
ByLayer
 62
  256
370
   -1
100
AcDbLine
 10
43925
 20
9500
 11
44250
 21
9500
  0
LINE
  5
8B2
100
AcDbEntity
  8
HVAC
  6
ByLayer
 62
  256
370
   -1
100
AcDbLine
 10
44250
 20
9500
 11
44250
 21
8650
  0
LINE
  5
8B3
100
AcDbEntity
  8
HVAC
  6
ByLayer
 62
  256
370
   -1
100
AcDbLine
 10
44250
 20
8650
 11
43925
 21
8650
  0
LINE
  5
8B4
100
AcDbEntity
  8
HVAC
  6
ByLayer
 62
  256
370
   -1
100
AcDbLine
 10
43925
 20
8650
 11
43925
 21
9500
  0
LINE
  5
8B5
100
AcDbEntity
  8
HVAC
  6
ByLayer
 62
  256
370
   -1
100
AcDbLine
 10
44375
 20
9375
 11
44050
 21
9375
  0
LINE
  5
8B6
100
AcDbEntity
  8
HVAC
  6
ByLayer
 62
  256
370
   -1
100
AcDbLine
 10
44375
 20
9225
 11
44050
 21
9225
  0
LINE
  5
8B7
100
AcDbEntity
  8
HVAC
  6
ByLayer
 62
  256
370
   -1
100
AcDbLine
 10
44375
 20
9075
 11
44050
 21
9075
  0
LINE
  5
8B8
100
AcDbEntity
  8
HVAC
  6
ByLayer
 62
  256
370
   -1
100
AcDbLine
 10
44375
 20
8925
 11
44050
 21
8925
  0
LINE
  5
8B9
100
AcDbEntity
  8
HVAC
  6
ByLayer
 62
  256
370
   -1
100
AcDbLine
 10
44375
 20
8775
 11
44050
 21
8775
  0
LINE
  5
8BA
100
AcDbEntity
  8
FURN
  6
DASHED
 62
  256
370
   -1
100
AcDbLine
 10
46200
 20
4500
 11
54250
 21
4500
  0
LINE
  5
8BB
100
AcDbEntity
  8
FURN
  6
DASHED
 62
  256
370
   -1
100
AcDbLine
 10
54250
 20
4500
 11
54250
 21
750
  0
LINE
  5
8BC
100
AcDbEntity
  8
FURN
  6
DASHED
 62
  256
370
   -1
100
AcDbLine
 10
54250
 20
750
 11
46200
 21
750
  0
LINE
  5
8BD
100
AcDbEntity
  8
FURN
  6
DASHED
 62
  256
370
   -1
100
AcDbLine
 10
46200
 20
750
 11
46200
 21
4500
  0
LINE
  5
8BE
100
AcDbEntity
  8
FURN
  6
ByLayer
 62
  256
370
   -1
100
AcDbLine
 10
47500
 20
4400
 11
53500
 21
4400
  0
LINE
  5
8BF
100
AcDbEntity
  8
FURN
  6
ByLayer
 62
  256
370
   -1
100
AcDbLine
 10
53500
 20
4400
 11
53500
 21
3200
  0
LINE
  5
8C0
100
AcDbEntity
  8
FURN
  6
ByLayer
 62
  256
370
   -1
100
AcDbLine
 10
53500
 20
3200
 11
47500
 21
3200
  0
LINE
  5
8C1
100
AcDbEntity
  8
FURN
  6
ByLayer
 62
  256
370
   -1
100
AcDbLine
 10
47500
 20
3200
 11
47500
 21
4400
  0
LINE
  5
8C2
100
AcDbEntity
  8
FURN
  6
ByLayer
 62
  256
370
   -1
100
AcDbLine
 10
53500
 20
4100
 11
47500
 21
4100
  0
LINE
  5
8C3
100
AcDbEntity
  8
FURN
  6
ByLayer
 62
  256
370
   -1
100
AcDbLine
 10
51500
 20
4400
 11
51500
 21
3200
  0
LINE
  5
8C4
100
AcDbEntity
  8
FURN
  6
ByLayer
 62
  256
370
   -1
100
AcDbLine
 10
49500
 20
4400
 11
49500
 21
3200
  0
LINE
  5
8C5
100
AcDbEntity
  8
FURN
  6
ByLayer
 62
  256
370
   -1
100
AcDbLine
 10
52100
 20
3200
 11
53500
 21
3200
  0
LINE
  5
8C6
100
AcDbEntity
  8
FURN
  6
ByLayer
 62
  256
370
   -1
100
AcDbLine
 10
53500
 20
3200
 11
53500
 21
1350
  0
LINE
  5
8C7
100
AcDbEntity
  8
FURN
  6
ByLayer
 62
  256
370
   -1
100
AcDbLine
 10
53500
 20
1350
 11
52100
 21
1350
  0
LINE
  5
8C8
100
AcDbEntity
  8
FURN
  6
ByLayer
 62
  256
370
   -1
100
AcDbLine
 10
52100
 20
1350
 11
52100
 21
3200
  0
LINE
  5
8C9
100
AcDbEntity
  8
FURN
  6
ByLayer
 62
  256
370
   -1
100
AcDbLine
 10
48050
 20
2550
 11
51300
 21
2550
  0
LINE
  5
8CA
100
AcDbEntity
  8
FURN
  6
ByLayer
 62
  256
370
   -1
100
AcDbLine
 10
51300
 20
2550
 11
51300
 21
1400
  0
LINE
  5
8CB
100
AcDbEntity
  8
FURN
  6
ByLayer
 62
  256
370
   -1
100
AcDbLine
 10
51300
 20
1400
 11
48050
 21
1400
  0
LINE
  5
8CC
100
AcDbEntity
  8
FURN
  6
ByLayer
 62
  256
370
   -1
100
AcDbLine
 10
48050
 20
1400
 11
48050
 21
2550
  0
LINE
  5
8CD
100
AcDbEntity
  8
FURN
  6
ByLayer
 62
  256
370
   -1
100
AcDbLine
 10
44500
 20
4450
 11
46850
 21
4450
  0
LINE
  5
8CE
100
AcDbEntity
  8
FURN
  6
ByLayer
 62
  256
370
   -1
100
AcDbLine
 10
46850
 20
4450
 11
46850
 21
3700
  0
LINE
  5
8CF
100
AcDbEntity
  8
FURN
  6
ByLayer
 62
  256
370
   -1
100
AcDbLine
 10
46850
 20
3700
 11
44500
 21
3700
  0
LINE
  5
8D0
100
AcDbEntity
  8
FURN
  6
ByLayer
 62
  256
370
   -1
100
AcDbLine
 10
44500
 20
3700
 11
44500
 21
4450
  0
LINE
  5
8D1
100
AcDbEntity
  8
FURN
  6
ByLayer
 62
  256
370
   -1
100
AcDbLine
 10
46850
 20
4100
 11
44500
 21
4100
  0
CIRCLE
  5
8D2
100
AcDbEntity
  8
FURN
  6
ByLayer
 62
  256
370
   -1
100
AcDbCircle
 10
55350
 20
2950
 40
550
  0
CIRCLE
  5
8D3
100
AcDbEntity
  8
FURN
  6
ByLayer
 62
  256
370
   -1
100
AcDbCircle
 10
55350
 20
2950
 40
175
  0
LINE
  5
8D4
100
AcDbEntity
  8
FURN
  6
ByLayer
 62
  256
370
   -1
100
AcDbLine
 10
59950
 20
-1425
 11
42700
 21
-1425
  0
LINE
  5
8D5
100
AcDbEntity
  8
FURN
  6
ByLayer
 62
  256
370
   -1
100
AcDbLine
 10
59950
 20
-1300
 11
44050
 21
-1300
  0
LINE
  5
8D6
100
AcDbEntity
  8
FURN
  6
ByLayer
 62
  256
370
   -1
100
AcDbLine
 10
59950
 20
0
 11
59950
 21
-1425
  0
LINE
  5
8D7
100
AcDbEntity
  8
FURN
  6
ByLayer
 62
  256
370
   -1
100
AcDbLine
 10
56000
 20
0
 11
56000
 21
-1425
  0
LINE
  5
8D8
100
AcDbEntity
  8
FURN
  6
ByLayer
 62
  256
370
   -1
100
AcDbLine
 10
52000
 20
0
 11
52000
 21
-1425
  0
LINE
  5
8D9
100
AcDbEntity
  8
FURN
  6
ByLayer
 62
  256
370
   -1
100
AcDbLine
 10
48000
 20
0
 11
48000
 21
-1425
  0
LINE
  5
8DA
100
AcDbEntity
  8
FURN
  6
ByLayer
 62
  256
370
   -1
100
AcDbLine
 10
55950
 20
16425
 11
44050
 21
16425
  0
LINE
  5
8DB
100
AcDbEntity
  8
FURN
  6
ByLayer
 62
  256
370
   -1
100
AcDbLine
 10
55950
 20
16300
 11
44050
 21
16300
  0
LINE
  5
8DC
100
AcDbEntity
  8
FURN
  6
ByLayer
 62
  256
370
   -1
100
AcDbLine
 10
55950
 20
16450
 11
55950
 21
15000
  0
LINE
  5
8DD
100
AcDbEntity
  8
FURN
  6
ByLayer
 62
  256
370
   -1
100
AcDbLine
 10
44050
 20
16450
 11
44050
 21
15000
  0
LINE
  5
8DE
100
AcDbEntity
  8
FURN
  6
ByLayer
 62
  256
370
   -1
100
AcDbLine
 10
52000
 20
16450
 11
52000
 21
15000
  0
LINE
  5
8DF
100
AcDbEntity
  8
FURN
  6
ByLayer
 62
  256
370
   -1
100
AcDbLine
 10
48000
 20
16450
 11
48000
 21
15000
  0
LINE
  5
8E0
100
AcDbEntity
  8
FURN
  6
ByLayer
 62
  256
370
   -1
100
AcDbLine
 10
44000
 20
4500
 11
42700
 21
4500
  0
LINE
  5
8E1
100
AcDbEntity
  8
FURN
  6
ByLayer
 62
  256
370
   -1
100
AcDbLine
 10
42700
 20
4500
 11
42700
 21
-1450
  0
LINE
  5
8E2
100
AcDbEntity
  8
FURN
  6
ByLayer
 62
  256
370
   -1
100
AcDbLine
 10
42825
 20
4375
 11
42825
 21
125
  0
LINE
  5
8E3
100
AcDbEntity
  8
WINDOW
  6
ByLayer
 62
  256
370
   -1
100
AcDbLine
 10
44050
 20
4000
 11
44050
 21
1750
  0
LINE
  5
8E4
100
AcDbEntity
  8
HVAC
  6
ByLayer
 62
  256
370
   -1
100
AcDbLine
 10
59750
 20
7050
 11
60100
 21
7050
  0
LINE
  5
8E5
100
AcDbEntity
  8
DIM
  6
ByLayer
 62
  256
370
   -1
100
AcDbLine
 10
60000
 20
20000
 11
60850
 21
20000
  0
LINE
  5
8E6
100
AcDbEntity
  8
DIM
  6
ByLayer
 62
  256
370
   -1
100
AcDbLine
 10
60000
 20
15000
 11
60850
 21
15000
  0
LINE
  5
8E7
100
AcDbEntity
  8
DIM
  6
ByLayer
 62
  256
370
   -1
100
AcDbLine
 10
60700
 20
20000
 11
60700
 21
15000
  0
LINE
  5
8E8
100
AcDbEntity
  8
DIM
  6
ByLayer
 62
  256
370
   -1
100
AcDbLine
 10
60600
 20
19900
 11
60800
 21
20100
  0
LINE
  5
8E9
100
AcDbEntity
  8
DIM
  6
ByLayer
 62
  256
370
   -1
100
AcDbLine
 10
60600
 20
14900
 11
60800
 21
15100
  0
LINE
  5
8EA
100
AcDbEntity
  8
DIM
  6
ByLayer
 62
  256
370
   -1
100
AcDbLine
 10
56000
 20
20000
 11
56000
 21
20650
  0
LINE
  5
8EB
100
AcDbEntity
  8
DIM
  6
ByLayer
 62
  256
370
   -1
100
AcDbLine
 10
60000
 20
20000
 11
60000
 21
20650
  0
LINE
  5
8EC
100
AcDbEntity
  8
DIM
  6
ByLayer
 62
  256
370
   -1
100
AcDbLine
 10
56000
 20
20500
 11
60000
 21
20500
  0
LINE
  5
8ED
100
AcDbEntity
  8
DIM
  6
ByLayer
 62
  256
370
   -1
100
AcDbLine
 10
55900
 20
20400
 11
56100
 21
20600
  0
LINE
  5
8EE
100
AcDbEntity
  8
DIM
  6
ByLayer
 62
  256
370
   -1
100
AcDbLine
 10
59900
 20
20400
 11
60100
 21
20600
  0
LINE
  5
8EF
100
AcDbEntity
  8
DIM
  6
ByLayer
 62
  256
370
   -1
100
AcDbLine
 10
44000
 20
-1500
 11
44000
 21
-3200
  0
LINE
  5
8F0
100
AcDbEntity
  8
DIM
  6
ByLayer
 62
  256
370
   -1
100
AcDbLine
 10
48000
 20
-1500
 11
48000
 21
-2850
  0
LINE
  5
8F1
100
AcDbEntity
  8
DIM
  6
ByLayer
 62
  256
370
   -1
100
AcDbLine
 10
52000
 20
-1500
 11
52000
 21
-2850
  0
LINE
  5
8F2
100
AcDbEntity
  8
DIM
  6
ByLayer
 62
  256
370
   -1
100
AcDbLine
 10
56000
 20
-1500
 11
56000
 21
-2850
  0
LINE
  5
8F3
100
AcDbEntity
  8
DIM
  6
ByLayer
 62
  256
370
   -1
100
AcDbLine
 10
60000
 20
-1500
 11
60000
 21
-3200
  0
LINE
  5
8F4
100
AcDbEntity
  8
DIM
  6
ByLayer
 62
  256
370
   -1
100
AcDbLine
 10
44000
 20
-2750
 11
60000
 21
-2750
  0
LINE
  5
8F5
100
AcDbEntity
  8
DIM
  6
ByLayer
 62
  256
370
   -1
100
AcDbLine
 10
43900
 20
-2850
 11
44100
 21
-2650
  0
LINE
  5
8F6
100
AcDbEntity
  8
DIM
  6
ByLayer
 62
  256
370
   -1
100
AcDbLine
 10
47900
 20
-2850
 11
48100
 21
-2650
  0
LINE
  5
8F7
100
AcDbEntity
  8
DIM
  6
ByLayer
 62
  256
370
   -1
100
AcDbLine
 10
51900
 20
-2850
 11
52100
 21
-2650
  0
LINE
  5
8F8
100
AcDbEntity
  8
DIM
  6
ByLayer
 62
  256
370
   -1
100
AcDbLine
 10
55900
 20
-2850
 11
56100
 21
-2650
  0
LINE
  5
8F9
100
AcDbEntity
  8
DIM
  6
ByLayer
 62
  256
370
   -1
100
AcDbLine
 10
59900
 20
-2850
 11
60100
 21
-2650
  0
LINE
  5
8FA
100
AcDbEntity
  8
DIM
  6
ByLayer
 62
  256
370
   -1
100
AcDbLine
 10
44000
 20
-3250
 11
60000
 21
-3250
  0
LINE
  5
8FB
100
AcDbEntity
  8
DIM
  6
ByLayer
 62
  256
370
   -1
100
AcDbLine
 10
43900
 20
-3350
 11
44100
 21
-3150
  0
LINE
  5
8FC
100
AcDbEntity
  8
DIM
  6
ByLayer
 62
  256
370
   -1
100
AcDbLine
 10
59900
 20
-3350
 11
60100
 21
-3150
  0
LINE
  5
8FD
100
AcDbEntity
  8
DIM
  6
ByLayer
 62
  256
370
   -1
100
AcDbLine
 10
44000
 20
15000
 11
41800
 21
15000
  0
LINE
  5
8FE
100
AcDbEntity
  8
DIM
  6
ByLayer
 62
  256
370
   -1
100
AcDbLine
 10
44000
 20
10000
 11
42150
 21
10000
  0
LINE
  5
8FF
100
AcDbEntity
  8
DIM
  6
ByLayer
 62
  256
370
   -1
100
AcDbLine
 10
44000
 20
5000
 11
42150
 21
5000
  0
LINE
  5
900
100
AcDbEntity
  8
DIM
  6
ByLayer
 62
  256
370
   -1
100
AcDbLine
 10
44000
 20
0
 11
41800
 21
0
  0
LINE
  5
901
100
AcDbEntity
  8
DIM
  6
ByLayer
 62
  256
370
   -1
100
AcDbLine
 10
42250
 20
15000
 11
42250
 21
0
  0
LINE
  5
902
100
AcDbEntity
  8
DIM
  6
ByLayer
 62
  256
370
   -1
100
AcDbLine
 10
42150
 20
14900
 11
42350
 21
15100
  0
LINE
  5
903
100
AcDbEntity
  8
DIM
  6
ByLayer
 62
  256
370
   -1
100
AcDbLine
 10
42150
 20
9900
 11
42350
 21
10100
  0
LINE
  5
904
100
AcDbEntity
  8
DIM
  6
ByLayer
 62
  256
370
   -1
100
AcDbLine
 10
42150
 20
4900
 11
42350
 21
5100
  0
LINE
  5
905
100
AcDbEntity
  8
DIM
  6
ByLayer
 62
  256
370
   -1
100
AcDbLine
 10
42150
 20
-100
 11
42350
 21
100
  0
LINE
  5
906
100
AcDbEntity
  8
DIM
  6
ByLayer
 62
  256
370
   -1
100
AcDbLine
 10
41900
 20
15000
 11
41900
 21
0
  0
LINE
  5
907
100
AcDbEntity
  8
DIM
  6
ByLayer
 62
  256
370
   -1
100
AcDbLine
 10
41800
 20
14900
 11
42000
 21
15100
  0
LINE
  5
908
100
AcDbEntity
  8
DIM
  6
ByLayer
 62
  256
370
   -1
100
AcDbLine
 10
41800
 20
-100
 11
42000
 21
100
  0
SOLID
  5
909
100
AcDbEntity
  8
WALL
  6
ByLayer
 62
  256
370
   -1
100
AcDbTrace
 10
55925
 20
7500
 30
0
 11
56050
 21
7500
 31
0
 12
55925
 22
15000
 32
0
 13
56050
 23
15000
 33
0
  0
LINE
  5
90A
100
AcDbEntity
  8
WALL
  6
ByLayer
 62
  256
370
   -1
100
AcDbLine
 10
55925
 20
7500
 11
56050
 21
7500
  0
LINE
  5
90B
100
AcDbEntity
  8
WALL
  6
ByLayer
 62
  256
370
   -1
100
AcDbLine
 10
56050
 20
7500
 11
56050
 21
15000
  0
LINE
  5
90C
100
AcDbEntity
  8
WALL
  6
ByLayer
 62
  256
370
   -1
100
AcDbLine
 10
56050
 20
15000
 11
55925
 21
15000
  0
LINE
  5
90D
100
AcDbEntity
  8
WALL
  6
ByLayer
 62
  256
370
   -1
100
AcDbLine
 10
55925
 20
15000
 11
55925
 21
7500
  0
SOLID
  5
90E
100
AcDbEntity
  8
WALL
  6
ByLayer
 62
  256
370
   -1
100
AcDbTrace
 10
57350
 20
9925
 30
0
 11
59750
 21
9925
 31
0
 12
57350
 22
10050
 32
0
 13
59750
 23
10050
 33
0
  0
LINE
  5
90F
100
AcDbEntity
  8
WALL
  6
ByLayer
 62
  256
370
   -1
100
AcDbLine
 10
57350
 20
9925
 11
59750
 21
9925
  0
LINE
  5
910
100
AcDbEntity
  8
WALL
  6
ByLayer
 62
  256
370
   -1
100
AcDbLine
 10
59750
 20
9925
 11
59750
 21
10050
  0
LINE
  5
911
100
AcDbEntity
  8
WALL
  6
ByLayer
 62
  256
370
   -1
100
AcDbLine
 10
59750
 20
10050
 11
57350
 21
10050
  0
LINE
  5
912
100
AcDbEntity
  8
WALL
  6
ByLayer
 62
  256
370
   -1
100
AcDbLine
 10
57350
 20
10050
 11
57350
 21
9925
  0
SOLID
  5
913
100
AcDbEntity
  8
WALL
  6
ByLayer
 62
  256
370
   -1
100
AcDbTrace
 10
57300
 20
7550
 30
0
 11
57425
 21
7550
 31
0
 12
57300
 22
10050
 32
0
 13
57425
 23
10050
 33
0
  0
LINE
  5
914
100
AcDbEntity
  8
WALL
  6
ByLayer
 62
  256
370
   -1
100
AcDbLine
 10
57300
 20
7550
 11
57425
 21
7550
  0
LINE
  5
915
100
AcDbEntity
  8
WALL
  6
ByLayer
 62
  256
370
   -1
100
AcDbLine
 10
57425
 20
7550
 11
57425
 21
10050
  0
LINE
  5
916
100
AcDbEntity
  8
WALL
  6
ByLayer
 62
  256
370
   -1
100
AcDbLine
 10
57425
 20
10050
 11
57300
 21
10050
  0
LINE
  5
917
100
AcDbEntity
  8
WALL
  6
ByLayer
 62
  256
370
   -1
100
AcDbLine
 10
57300
 20
10050
 11
57300
 21
7550
  0
SOLID
  5
918
100
AcDbEntity
  8
WALL
  6
ByLayer
 62
  256
370
   -1
100
AcDbTrace
 10
59100
 20
7550
 30
0
 11
59750
 21
7550
 31
0
 12
59100
 22
7675
 32
0
 13
59750
 23
7675
 33
0
  0
LINE
  5
919
100
AcDbEntity
  8
WALL
  6
ByLayer
 62
  256
370
   -1
100
AcDbLine
 10
59100
 20
7550
 11
59750
 21
7550
  0
LINE
  5
91A
100
AcDbEntity
  8
WALL
  6
ByLayer
 62
  256
370
   -1
100
AcDbLine
 10
59750
 20
7550
 11
59750
 21
7675
  0
LINE
  5
91B
100
AcDbEntity
  8
WALL
  6
ByLayer
 62
  256
370
   -1
100
AcDbLine
 10
59750
 20
7675
 11
59100
 21
7675
  0
LINE
  5
91C
100
AcDbEntity
  8
WALL
  6
ByLayer
 62
  256
370
   -1
100
AcDbLine
 10
59100
 20
7675
 11
59100
 21
7550
  0
SOLID
  5
91D
100
AcDbEntity
  8
WALL
  6
ByLayer
 62
  256
370
   -1
100
AcDbTrace
 10
57300
 20
7550
 30
0
 11
58000
 21
7550
 31
0
 12
57300
 22
7675
 32
0
 13
58000
 23
7675
 33
0
  0
LINE
  5
91E
100
AcDbEntity
  8
WALL
  6
ByLayer
 62
  256
370
   -1
100
AcDbLine
 10
57300
 20
7550
 11
58000
 21
7550
  0
LINE
  5
91F
100
AcDbEntity
  8
WALL
  6
ByLayer
 62
  256
370
   -1
100
AcDbLine
 10
58000
 20
7550
 11
58000
 21
7675
  0
LINE
  5
920
100
AcDbEntity
  8
WALL
  6
ByLayer
 62
  256
370
   -1
100
AcDbLine
 10
58000
 20
7675
 11
57300
 21
7675
  0
LINE
  5
921
100
AcDbEntity
  8
WALL
  6
ByLayer
 62
  256
370
   -1
100
AcDbLine
 10
57300
 20
7675
 11
57300
 21
7550
  0
SOLID
  5
922
100
AcDbEntity
  8
WALL
  6
ByLayer
 62
  256
370
   -1
100
AcDbTrace
 10
44000
 20
9925
 30
0
 11
45900
 21
9925
 31
0
 12
44000
 22
10050
 32
0
 13
45900
 23
10050
 33
0
  0
LINE
  5
923
100
AcDbEntity
  8
WALL
  6
ByLayer
 62
  256
370
   -1
100
AcDbLine
 10
44000
 20
9925
 11
45900
 21
9925
  0
LINE
  5
924
100
AcDbEntity
  8
WALL
  6
ByLayer
 62
  256
370
   -1
100
AcDbLine
 10
45900
 20
9925
 11
45900
 21
10050
  0
LINE
  5
925
100
AcDbEntity
  8
WALL
  6
ByLayer
 62
  256
370
   -1
100
AcDbLine
 10
45900
 20
10050
 11
44000
 21
10050
  0
LINE
  5
926
100
AcDbEntity
  8
WALL
  6
ByLayer
 62
  256
370
   -1
100
AcDbLine
 10
44000
 20
10050
 11
44000
 21
9925
  0
SOLID
  5
927
100
AcDbEntity
  8
WALL
  6
ByLayer
 62
  256
370
   -1
100
AcDbTrace
 10
46750
 20
9925
 30
0
 11
49650
 21
9925
 31
0
 12
46750
 22
10050
 32
0
 13
49650
 23
10050
 33
0
  0
LINE
  5
928
100
AcDbEntity
  8
WALL
  6
ByLayer
 62
  256
370
   -1
100
AcDbLine
 10
46750
 20
9925
 11
49650
 21
9925
  0
LINE
  5
929
100
AcDbEntity
  8
WALL
  6
ByLayer
 62
  256
370
   -1
100
AcDbLine
 10
49650
 20
9925
 11
49650
 21
10050
  0
LINE
  5
92A
100
AcDbEntity
  8
WALL
  6
ByLayer
 62
  256
370
   -1
100
AcDbLine
 10
49650
 20
10050
 11
46750
 21
10050
  0
LINE
  5
92B
100
AcDbEntity
  8
WALL
  6
ByLayer
 62
  256
370
   -1
100
AcDbLine
 10
46750
 20
10050
 11
46750
 21
9925
  0
SOLID
  5
92C
100
AcDbEntity
  8
WALL
  6
ByLayer
 62
  256
370
   -1
100
AcDbTrace
 10
50500
 20
9925
 30
0
 11
53400
 21
9925
 31
0
 12
50500
 22
10050
 32
0
 13
53400
 23
10050
 33
0
  0
LINE
  5
92D
100
AcDbEntity
  8
WALL
  6
ByLayer
 62
  256
370
   -1
100
AcDbLine
 10
50500
 20
9925
 11
53400
 21
9925
  0
LINE
  5
92E
100
AcDbEntity
  8
WALL
  6
ByLayer
 62
  256
370
   -1
100
AcDbLine
 10
53400
 20
9925
 11
53400
 21
10050
  0
LINE
  5
92F
100
AcDbEntity
  8
WALL
  6
ByLayer
 62
  256
370
   -1
100
AcDbLine
 10
53400
 20
10050
 11
50500
 21
10050
  0
LINE
  5
930
100
AcDbEntity
  8
WALL
  6
ByLayer
 62
  256
370
   -1
100
AcDbLine
 10
50500
 20
10050
 11
50500
 21
9925
  0
SOLID
  5
931
100
AcDbEntity
  8
WALL
  6
ByLayer
 62
  256
370
   -1
100
AcDbTrace
 10
54250
 20
9925
 30
0
 11
56050
 21
9925
 31
0
 12
54250
 22
10050
 32
0
 13
56050
 23
10050
 33
0
  0
LINE
  5
932
100
AcDbEntity
  8
WALL
  6
ByLayer
 62
  256
370
   -1
100
AcDbLine
 10
54250
 20
9925
 11
56050
 21
9925
  0
LINE
  5
933
100
AcDbEntity
  8
WALL
  6
ByLayer
 62
  256
370
   -1
100
AcDbLine
 10
56050
 20
9925
 11
56050
 21
10050
  0
LINE
  5
934
100
AcDbEntity
  8
WALL
  6
ByLayer
 62
  256
370
   -1
100
AcDbLine
 10
56050
 20
10050
 11
54250
 21
10050
  0
LINE
  5
935
100
AcDbEntity
  8
WALL
  6
ByLayer
 62
  256
370
   -1
100
AcDbLine
 10
54250
 20
10050
 11
54250
 21
9925
  0
SOLID
  5
936
100
AcDbEntity
  8
WALL
  6
ByLayer
 62
  256
370
   -1
100
AcDbTrace
 10
51925
 20
10000
 30
0
 11
52050
 21
10000
 31
0
 12
51925
 22
15000
 32
0
 13
52050
 23
15000
 33
0
  0
LINE
  5
937
100
AcDbEntity
  8
WALL
  6
ByLayer
 62
  256
370
   -1
100
AcDbLine
 10
51925
 20
10000
 11
52050
 21
10000
  0
LINE
  5
938
100
AcDbEntity
  8
WALL
  6
ByLayer
 62
  256
370
   -1
100
AcDbLine
 10
52050
 20
10000
 11
52050
 21
15000
  0
LINE
  5
939
100
AcDbEntity
  8
WALL
  6
ByLayer
 62
  256
370
   -1
100
AcDbLine
 10
52050
 20
15000
 11
51925
 21
15000
  0
LINE
  5
93A
100
AcDbEntity
  8
WALL
  6
ByLayer
 62
  256
370
   -1
100
AcDbLine
 10
51925
 20
15000
 11
51925
 21
10000
  0
SOLID
  5
93B
100
AcDbEntity
  8
WALL
  6
ByLayer
 62
  256
370
   -1
100
AcDbTrace
 10
47925
 20
10000
 30
0
 11
48050
 21
10000
 31
0
 12
47925
 22
15000
 32
0
 13
48050
 23
15000
 33
0
  0
LINE
  5
93C
100
AcDbEntity
  8
WALL
  6
ByLayer
 62
  256
370
   -1
100
AcDbLine
 10
47925
 20
10000
 11
48050
 21
10000
  0
LINE
  5
93D
100
AcDbEntity
  8
WALL
  6
ByLayer
 62
  256
370
   -1
100
AcDbLine
 10
48050
 20
10000
 11
48050
 21
15000
  0
LINE
  5
93E
100
AcDbEntity
  8
WALL
  6
ByLayer
 62
  256
370
   -1
100
AcDbLine
 10
48050
 20
15000
 11
47925
 21
15000
  0
LINE
  5
93F
100
AcDbEntity
  8
WALL
  6
ByLayer
 62
  256
370
   -1
100
AcDbLine
 10
47925
 20
15000
 11
47925
 21
10000
  0
SOLID
  5
940
100
AcDbEntity
  8
WALL
  6
ByLayer
 62
  256
370
   -1
100
AcDbTrace
 10
54125
 20
9350
 30
0
 11
54250
 21
9350
 31
0
 12
54125
 22
9925
 32
0
 13
54250
 23
9925
 33
0
  0
LINE
  5
941
100
AcDbEntity
  8
WALL
  6
ByLayer
 62
  256
370
   -1
100
AcDbLine
 10
54125
 20
9350
 11
54250
 21
9350
  0
LINE
  5
942
100
AcDbEntity
  8
WALL
  6
ByLayer
 62
  256
370
   -1
100
AcDbLine
 10
54250
 20
9350
 11
54250
 21
9925
  0
LINE
  5
943
100
AcDbEntity
  8
WALL
  6
ByLayer
 62
  256
370
   -1
100
AcDbLine
 10
54250
 20
9925
 11
54125
 21
9925
  0
LINE
  5
944
100
AcDbEntity
  8
WALL
  6
ByLayer
 62
  256
370
   -1
100
AcDbLine
 10
54125
 20
9925
 11
54125
 21
9350
  0
SOLID
  5
945
100
AcDbEntity
  8
WALL
  6
ByLayer
 62
  256
370
   -1
100
AcDbTrace
 10
54125
 20
8175
 30
0
 11
54250
 21
8175
 31
0
 12
54125
 22
8600
 32
0
 13
54250
 23
8600
 33
0
  0
LINE
  5
946
100
AcDbEntity
  8
WALL
  6
ByLayer
 62
  256
370
   -1
100
AcDbLine
 10
54125
 20
8175
 11
54250
 21
8175
  0
LINE
  5
947
100
AcDbEntity
  8
WALL
  6
ByLayer
 62
  256
370
   -1
100
AcDbLine
 10
54250
 20
8175
 11
54250
 21
8600
  0
LINE
  5
948
100
AcDbEntity
  8
WALL
  6
ByLayer
 62
  256
370
   -1
100
AcDbLine
 10
54250
 20
8600
 11
54125
 21
8600
  0
LINE
  5
949
100
AcDbEntity
  8
WALL
  6
ByLayer
 62
  256
370
   -1
100
AcDbLine
 10
54125
 20
8600
 11
54125
 21
8175
  0
SOLID
  5
94A
100
AcDbEntity
  8
WALL
  6
ByLayer
 62
  256
370
   -1
100
AcDbTrace
 10
54125
 20
8125
 30
0
 11
55925
 21
8125
 31
0
 12
54125
 22
8250
 32
0
 13
55925
 23
8250
 33
0
  0
LINE
  5
94B
100
AcDbEntity
  8
WALL
  6
ByLayer
 62
  256
370
   -1
100
AcDbLine
 10
54125
 20
8125
 11
55925
 21
8125
  0
LINE
  5
94C
100
AcDbEntity
  8
WALL
  6
ByLayer
 62
  256
370
   -1
100
AcDbLine
 10
55925
 20
8125
 11
55925
 21
8250
  0
LINE
  5
94D
100
AcDbEntity
  8
WALL
  6
ByLayer
 62
  256
370
   -1
100
AcDbLine
 10
55925
 20
8250
 11
54125
 21
8250
  0
LINE
  5
94E
100
AcDbEntity
  8
WALL
  6
ByLayer
 62
  256
370
   -1
100
AcDbLine
 10
54125
 20
8250
 11
54125
 21
8125
  0
SOLID
  5
94F
100
AcDbEntity
  8
WALL
  6
ByLayer
 62
  256
370
   -1
100
AcDbTrace
 10
46300
 20
12000
 30
0
 11
46425
 21
12000
 31
0
 12
46300
 22
15000
 32
0
 13
46425
 23
15000
 33
0
  0
LINE
  5
950
100
AcDbEntity
  8
WALL
  6
ByLayer
 62
  256
370
   -1
100
AcDbLine
 10
46300
 20
12000
 11
46425
 21
12000
  0
LINE
  5
951
100
AcDbEntity
  8
WALL
  6
ByLayer
 62
  256
370
   -1
100
AcDbLine
 10
46425
 20
12000
 11
46425
 21
15000
  0
LINE
  5
952
100
AcDbEntity
  8
WALL
  6
ByLayer
 62
  256
370
   -1
100
AcDbLine
 10
46425
 20
15000
 11
46300
 21
15000
  0
LINE
  5
953
100
AcDbEntity
  8
WALL
  6
ByLayer
 62
  256
370
   -1
100
AcDbLine
 10
46300
 20
15000
 11
46300
 21
12000
  0
SOLID
  5
954
100
AcDbEntity
  8
WALL
  6
ByLayer
 62
  256
370
   -1
100
AcDbTrace
 10
44000
 20
12000
 30
0
 11
46425
 21
12000
 31
0
 12
44000
 22
12125
 32
0
 13
46425
 23
12125
 33
0
  0
LINE
  5
955
100
AcDbEntity
  8
WALL
  6
ByLayer
 62
  256
370
   -1
100
AcDbLine
 10
44000
 20
12000
 11
46425
 21
12000
  0
LINE
  5
956
100
AcDbEntity
  8
WALL
  6
ByLayer
 62
  256
370
   -1
100
AcDbLine
 10
46425
 20
12000
 11
46425
 21
12125
  0
LINE
  5
957
100
AcDbEntity
  8
WALL
  6
ByLayer
 62
  256
370
   -1
100
AcDbLine
 10
46425
 20
12125
 11
44000
 21
12125
  0
LINE
  5
958
100
AcDbEntity
  8
WALL
  6
ByLayer
 62
  256
370
   -1
100
AcDbLine
 10
44000
 20
12125
 11
44000
 21
12000
  0
SOLID
  5
959
100
AcDbEntity
  8
WALL
  6
ByLayer
 62
  256
370
   -1
100
AcDbTrace
 10
46375
 20
13325
 30
0
 11
47925
 21
13325
 31
0
 12
46375
 22
13450
 32
0
 13
47925
 23
13450
 33
0
  0
LINE
  5
95A
100
AcDbEntity
  8
WALL
  6
ByLayer
 62
  256
370
   -1
100
AcDbLine
 10
46375
 20
13325
 11
47925
 21
13325
  0
LINE
  5
95B
100
AcDbEntity
  8
WALL
  6
ByLayer
 62
  256
370
   -1
100
AcDbLine
 10
47925
 20
13325
 11
47925
 21
13450
  0
LINE
  5
95C
100
AcDbEntity
  8
WALL
  6
ByLayer
 62
  256
370
   -1
100
AcDbLine
 10
47925
 20
13450
 11
46375
 21
13450
  0
LINE
  5
95D
100
AcDbEntity
  8
WALL
  6
ByLayer
 62
  256
370
   -1
100
AcDbLine
 10
46375
 20
13450
 11
46375
 21
13325
  0
SOLID
  5
95E
100
AcDbEntity
  8
WALL
  6
ByLayer
 62
  256
370
   -1
100
AcDbTrace
 10
57300
 20
11150
 30
0
 11
57400
 21
11150
 31
0
 12
57300
 22
15000
 32
0
 13
57400
 23
15000
 33
0
  0
LINE
  5
95F
100
AcDbEntity
  8
WALL
  6
ByLayer
 62
  256
370
   -1
100
AcDbLine
 10
57300
 20
11150
 11
57400
 21
11150
  0
LINE
  5
960
100
AcDbEntity
  8
WALL
  6
ByLayer
 62
  256
370
   -1
100
AcDbLine
 10
57400
 20
11150
 11
57400
 21
15000
  0
LINE
  5
961
100
AcDbEntity
  8
WALL
  6
ByLayer
 62
  256
370
   -1
100
AcDbLine
 10
57400
 20
15000
 11
57300
 21
15000
  0
LINE
  5
962
100
AcDbEntity
  8
WALL
  6
ByLayer
 62
  256
370
   -1
100
AcDbLine
 10
57300
 20
15000
 11
57300
 21
11150
  0
SOLID
  5
963
100
AcDbEntity
  8
WALL
  6
ByLayer
 62
  256
370
   -1
100
AcDbTrace
 10
59150
 20
7450
 30
0
 11
59750
 21
7450
 31
0
 12
59150
 22
7500
 32
0
 13
59750
 23
7500
 33
0
  0
LINE
  5
964
100
AcDbEntity
  8
WALL
  6
ByLayer
 62
  256
370
   -1
100
AcDbLine
 10
59150
 20
7450
 11
59750
 21
7450
  0
LINE
  5
965
100
AcDbEntity
  8
WALL
  6
ByLayer
 62
  256
370
   -1
100
AcDbLine
 10
59750
 20
7450
 11
59750
 21
7500
  0
LINE
  5
966
100
AcDbEntity
  8
WALL
  6
ByLayer
 62
  256
370
   -1
100
AcDbLine
 10
59750
 20
7500
 11
59150
 21
7500
  0
LINE
  5
967
100
AcDbEntity
  8
WALL
  6
ByLayer
 62
  256
370
   -1
100
AcDbLine
 10
59150
 20
7500
 11
59150
 21
7450
  0
SOLID
  5
968
100
AcDbEntity
  8
WALL
  6
ByLayer
 62
  256
370
   -1
100
AcDbTrace
 10
59150
 20
7025
 30
0
 11
59750
 21
7025
 31
0
 12
59150
 22
7075
 32
0
 13
59750
 23
7075
 33
0
  0
LINE
  5
969
100
AcDbEntity
  8
WALL
  6
ByLayer
 62
  256
370
   -1
100
AcDbLine
 10
59150
 20
7025
 11
59750
 21
7025
  0
LINE
  5
96A
100
AcDbEntity
  8
WALL
  6
ByLayer
 62
  256
370
   -1
100
AcDbLine
 10
59750
 20
7025
 11
59750
 21
7075
  0
LINE
  5
96B
100
AcDbEntity
  8
WALL
  6
ByLayer
 62
  256
370
   -1
100
AcDbLine
 10
59750
 20
7075
 11
59150
 21
7075
  0
LINE
  5
96C
100
AcDbEntity
  8
WALL
  6
ByLayer
 62
  256
370
   -1
100
AcDbLine
 10
59150
 20
7075
 11
59150
 21
7025
  0
SOLID
  5
96D
100
AcDbEntity
  8
WALL
  6
ByLayer
 62
  256
370
   -1
100
AcDbTrace
 10
59150
 20
6600
 30
0
 11
59750
 21
6600
 31
0
 12
59150
 22
6650
 32
0
 13
59750
 23
6650
 33
0
  0
LINE
  5
96E
100
AcDbEntity
  8
WALL
  6
ByLayer
 62
  256
370
   -1
100
AcDbLine
 10
59150
 20
6600
 11
59750
 21
6600
  0
LINE
  5
96F
100
AcDbEntity
  8
WALL
  6
ByLayer
 62
  256
370
   -1
100
AcDbLine
 10
59750
 20
6600
 11
59750
 21
6650
  0
LINE
  5
970
100
AcDbEntity
  8
WALL
  6
ByLayer
 62
  256
370
   -1
100
AcDbLine
 10
59750
 20
6650
 11
59150
 21
6650
  0
LINE
  5
971
100
AcDbEntity
  8
WALL
  6
ByLayer
 62
  256
370
   -1
100
AcDbLine
 10
59150
 20
6650
 11
59150
 21
6600
  0
SOLID
  5
972
100
AcDbEntity
  8
WALL
  6
ByLayer
 62
  256
370
   -1
100
AcDbTrace
 10
57300
 20
14975
 30
0
 11
59750
 21
14975
 31
0
 12
57300
 22
15100
 32
0
 13
59750
 23
15100
 33
0
  0
LINE
  5
973
100
AcDbEntity
  8
WALL
  6
ByLayer
 62
  256
370
   -1
100
AcDbLine
 10
57300
 20
14975
 11
59750
 21
14975
  0
LINE
  5
974
100
AcDbEntity
  8
WALL
  6
ByLayer
 62
  256
370
   -1
100
AcDbLine
 10
59750
 20
14975
 11
59750
 21
15100
  0
LINE
  5
975
100
AcDbEntity
  8
WALL
  6
ByLayer
 62
  256
370
   -1
100
AcDbLine
 10
59750
 20
15100
 11
57300
 21
15100
  0
LINE
  5
976
100
AcDbEntity
  8
WALL
  6
ByLayer
 62
  256
370
   -1
100
AcDbLine
 10
57300
 20
15100
 11
57300
 21
14975
  0
LINE
  5
977
100
AcDbEntity
  8
WINDOW
  6
ByLayer
 62
  256
370
   -1
100
AcDbLine
 10
65900
 20
18000
 11
82100
 21
18000
  0
LINE
  5
978
100
AcDbEntity
  8
WINDOW
  6
ByLayer
 62
  256
370
   -1
100
AcDbLine
 10
82100
 20
18000
 11
82100
 21
17700
  0
LINE
  5
979
100
AcDbEntity
  8
WINDOW
  6
ByLayer
 62
  256
370
   -1
100
AcDbLine
 10
82100
 20
17700
 11
65900
 21
17700
  0
LINE
  5
97A
100
AcDbEntity
  8
WINDOW
  6
ByLayer
 62
  256
370
   -1
100
AcDbLine
 10
65900
 20
17700
 11
65900
 21
18000
  0
LINE
  5
97B
100
AcDbEntity
  8
WINDOW
  6
ByLayer
 62
  256
370
   -1
100
AcDbLine
 10
65900
 20
17700
 11
82100
 21
17700
  0
LINE
  5
97C
100
AcDbEntity
  8
WINDOW
  6
ByLayer
 62
  256
370
   -1
100
AcDbLine
 10
82100
 20
17700
 11
82100
 21
14175
  0
LINE
  5
97D
100
AcDbEntity
  8
WINDOW
  6
ByLayer
 62
  256
370
   -1
100
AcDbLine
 10
82100
 20
14175
 11
65900
 21
14175
  0
LINE
  5
97E
100
AcDbEntity
  8
WINDOW
  6
ByLayer
 62
  256
370
   -1
100
AcDbLine
 10
65900
 20
14175
 11
65900
 21
17700
  0
LINE
  5
97F
100
AcDbEntity
  8
WINDOW
  6
ByLayer
 62
  256
370
   -1
100
AcDbLine
 10
66500
 20
17250
 11
81600
 21
17250
  0
LINE
  5
980
100
AcDbEntity
  8
WINDOW
  6
ByLayer
 62
  256
370
   -1
100
AcDbLine
 10
81600
 20
17250
 11
81600
 21
15600
  0
LINE
  5
981
100
AcDbEntity
  8
WINDOW
  6
ByLayer
 62
  256
370
   -1
100
AcDbLine
 10
81600
 20
15600
 11
66500
 21
15600
  0
LINE
  5
982
100
AcDbEntity
  8
WINDOW
  6
ByLayer
 62
  256
370
   -1
100
AcDbLine
 10
66500
 20
15600
 11
66500
 21
17250
  0
LINE
  5
983
100
AcDbEntity
  8
WINDOW
  6
ByLayer
 62
  256
370
   -1
100
AcDbLine
 10
79100
 20
17250
 11
79100
 21
15600
  0
LINE
  5
984
100
AcDbEntity
  8
WINDOW
  6
ByLayer
 62
  256
370
   -1
100
AcDbLine
 10
76600
 20
17250
 11
76600
 21
15600
  0
LINE
  5
985
100
AcDbEntity
  8
WINDOW
  6
ByLayer
 62
  256
370
   -1
100
AcDbLine
 10
74100
 20
17250
 11
74100
 21
15600
  0
LINE
  5
986
100
AcDbEntity
  8
WINDOW
  6
ByLayer
 62
  256
370
   -1
100
AcDbLine
 10
71600
 20
17250
 11
71600
 21
15600
  0
LINE
  5
987
100
AcDbEntity
  8
WINDOW
  6
ByLayer
 62
  256
370
   -1
100
AcDbLine
 10
69100
 20
17250
 11
69100
 21
15600
  0
LINE
  5
988
100
AcDbEntity
  8
FURN
  6
ByLayer
 62
  256
370
   -1
100
AcDbLine
 10
65900
 20
15500
 11
82100
 21
15500
  0
LINE
  5
989
100
AcDbEntity
  8
FURN
  6
ByLayer
 62
  256
370
   -1
100
AcDbLine
 10
82100
 20
15500
 11
82100
 21
14400
  0
LINE
  5
98A
100
AcDbEntity
  8
FURN
  6
ByLayer
 62
  256
370
   -1
100
AcDbLine
 10
82100
 20
14400
 11
65900
 21
14400
  0
LINE
  5
98B
100
AcDbEntity
  8
FURN
  6
ByLayer
 62
  256
370
   -1
100
AcDbLine
 10
65900
 20
14400
 11
65900
 21
15500
  0
LINE
  5
98C
100
AcDbEntity
  8
FURN
  6
ByLayer
 62
  256
370
   -1
100
AcDbLine
 10
82100
 20
15500
 11
65900
 21
15500
  0
LINE
  5
98D
100
AcDbEntity
  8
FURN
  6
ByLayer
 62
  256
370
   -1
100
AcDbLine
 10
80400
 20
15500
 11
80400
 21
14400
  0
LINE
  5
98E
100
AcDbEntity
  8
FURN
  6
ByLayer
 62
  256
370
   -1
100
AcDbLine
 10
78800
 20
15500
 11
78800
 21
14400
  0
LINE
  5
98F
100
AcDbEntity
  8
FURN
  6
ByLayer
 62
  256
370
   -1
100
AcDbLine
 10
77200
 20
15500
 11
77200
 21
14400
  0
LINE
  5
990
100
AcDbEntity
  8
FURN
  6
ByLayer
 62
  256
370
   -1
100
AcDbLine
 10
75600
 20
15500
 11
75600
 21
14400
  0
LINE
  5
991
100
AcDbEntity
  8
FURN
  6
ByLayer
 62
  256
370
   -1
100
AcDbLine
 10
74000
 20
15500
 11
74000
 21
14400
  0
LINE
  5
992
100
AcDbEntity
  8
FURN
  6
ByLayer
 62
  256
370
   -1
100
AcDbLine
 10
72400
 20
15500
 11
72400
 21
14400
  0
LINE
  5
993
100
AcDbEntity
  8
FURN
  6
ByLayer
 62
  256
370
   -1
100
AcDbLine
 10
70800
 20
15500
 11
70800
 21
14400
  0
LINE
  5
994
100
AcDbEntity
  8
FURN
  6
ByLayer
 62
  256
370
   -1
100
AcDbLine
 10
69200
 20
15500
 11
69200
 21
14400
  0
LINE
  5
995
100
AcDbEntity
  8
FURN
  6
ByLayer
 62
  256
370
   -1
100
AcDbLine
 10
67600
 20
15500
 11
67600
 21
14400
  0
LINE
  5
996
100
AcDbEntity
  8
WINDOW
  6
ByLayer
 62
  256
370
   -1
100
AcDbLine
 10
65900
 20
14175
 11
82100
 21
14175
  0
LINE
  5
997
100
AcDbEntity
  8
WINDOW
  6
ByLayer
 62
  256
370
   -1
100
AcDbLine
 10
82100
 20
14175
 11
82100
 21
10875
  0
LINE
  5
998
100
AcDbEntity
  8
WINDOW
  6
ByLayer
 62
  256
370
   -1
100
AcDbLine
 10
82100
 20
10875
 11
65900
 21
10875
  0
LINE
  5
999
100
AcDbEntity
  8
WINDOW
  6
ByLayer
 62
  256
370
   -1
100
AcDbLine
 10
65900
 20
10875
 11
65900
 21
14175
  0
LINE
  5
99A
100
AcDbEntity
  8
WINDOW
  6
ByLayer
 62
  256
370
   -1
100
AcDbLine
 10
66500
 20
13950
 11
81600
 21
13950
  0
LINE
  5
99B
100
AcDbEntity
  8
WINDOW
  6
ByLayer
 62
  256
370
   -1
100
AcDbLine
 10
81600
 20
13950
 11
81600
 21
12300
  0
LINE
  5
99C
100
AcDbEntity
  8
WINDOW
  6
ByLayer
 62
  256
370
   -1
100
AcDbLine
 10
81600
 20
12300
 11
66500
 21
12300
  0
LINE
  5
99D
100
AcDbEntity
  8
WINDOW
  6
ByLayer
 62
  256
370
   -1
100
AcDbLine
 10
66500
 20
12300
 11
66500
 21
13950
  0
LINE
  5
99E
100
AcDbEntity
  8
WINDOW
  6
ByLayer
 62
  256
370
   -1
100
AcDbLine
 10
79100
 20
13950
 11
79100
 21
12300
  0
LINE
  5
99F
100
AcDbEntity
  8
WINDOW
  6
ByLayer
 62
  256
370
   -1
100
AcDbLine
 10
76600
 20
13950
 11
76600
 21
12300
  0
LINE
  5
9A0
100
AcDbEntity
  8
WINDOW
  6
ByLayer
 62
  256
370
   -1
100
AcDbLine
 10
74100
 20
13950
 11
74100
 21
12300
  0
LINE
  5
9A1
100
AcDbEntity
  8
WINDOW
  6
ByLayer
 62
  256
370
   -1
100
AcDbLine
 10
71600
 20
13950
 11
71600
 21
12300
  0
LINE
  5
9A2
100
AcDbEntity
  8
WINDOW
  6
ByLayer
 62
  256
370
   -1
100
AcDbLine
 10
69100
 20
13950
 11
69100
 21
12300
  0
LINE
  5
9A3
100
AcDbEntity
  8
FURN
  6
ByLayer
 62
  256
370
   -1
100
AcDbLine
 10
65900
 20
12200
 11
82100
 21
12200
  0
LINE
  5
9A4
100
AcDbEntity
  8
FURN
  6
ByLayer
 62
  256
370
   -1
100
AcDbLine
 10
82100
 20
12200
 11
82100
 21
11100
  0
LINE
  5
9A5
100
AcDbEntity
  8
FURN
  6
ByLayer
 62
  256
370
   -1
100
AcDbLine
 10
82100
 20
11100
 11
65900
 21
11100
  0
LINE
  5
9A6
100
AcDbEntity
  8
FURN
  6
ByLayer
 62
  256
370
   -1
100
AcDbLine
 10
65900
 20
11100
 11
65900
 21
12200
  0
LINE
  5
9A7
100
AcDbEntity
  8
FURN
  6
ByLayer
 62
  256
370
   -1
100
AcDbLine
 10
82100
 20
12200
 11
65900
 21
12200
  0
LINE
  5
9A8
100
AcDbEntity
  8
FURN
  6
ByLayer
 62
  256
370
   -1
100
AcDbLine
 10
80400
 20
12200
 11
80400
 21
11100
  0
LINE
  5
9A9
100
AcDbEntity
  8
FURN
  6
ByLayer
 62
  256
370
   -1
100
AcDbLine
 10
78800
 20
12200
 11
78800
 21
11100
  0
LINE
  5
9AA
100
AcDbEntity
  8
FURN
  6
ByLayer
 62
  256
370
   -1
100
AcDbLine
 10
77200
 20
12200
 11
77200
 21
11100
  0
LINE
  5
9AB
100
AcDbEntity
  8
FURN
  6
ByLayer
 62
  256
370
   -1
100
AcDbLine
 10
75600
 20
12200
 11
75600
 21
11100
  0
LINE
  5
9AC
100
AcDbEntity
  8
FURN
  6
ByLayer
 62
  256
370
   -1
100
AcDbLine
 10
74000
 20
12200
 11
74000
 21
11100
  0
LINE
  5
9AD
100
AcDbEntity
  8
FURN
  6
ByLayer
 62
  256
370
   -1
100
AcDbLine
 10
72400
 20
12200
 11
72400
 21
11100
  0
LINE
  5
9AE
100
AcDbEntity
  8
FURN
  6
ByLayer
 62
  256
370
   -1
100
AcDbLine
 10
70800
 20
12200
 11
70800
 21
11100
  0
LINE
  5
9AF
100
AcDbEntity
  8
FURN
  6
ByLayer
 62
  256
370
   -1
100
AcDbLine
 10
69200
 20
12200
 11
69200
 21
11100
  0
LINE
  5
9B0
100
AcDbEntity
  8
FURN
  6
ByLayer
 62
  256
370
   -1
100
AcDbLine
 10
67600
 20
12200
 11
67600
 21
11100
  0
LINE
  5
9B1
100
AcDbEntity
  8
WINDOW
  6
ByLayer
 62
  256
370
   -1
100
AcDbLine
 10
66000
 20
10875
 11
82000
 21
10875
  0
LINE
  5
9B2
100
AcDbEntity
  8
WINDOW
  6
ByLayer
 62
  256
370
   -1
100
AcDbLine
 10
82000
 20
10875
 11
82000
 21
0
  0
LINE
  5
9B3
100
AcDbEntity
  8
WINDOW
  6
ByLayer
 62
  256
370
   -1
100
AcDbLine
 10
82000
 20
0
 11
66000
 21
0
  0
LINE
  5
9B4
100
AcDbEntity
  8
WINDOW
  6
ByLayer
 62
  256
370
   -1
100
AcDbLine
 10
66000
 20
0
 11
66000
 21
10875
  0
LINE
  5
9B5
100
AcDbEntity
  8
FURN
  6
ByLayer
 62
  256
370
   -1
100
AcDbLine
 10
77400
 20
7800
 11
66100
 21
7800
  0
LINE
  5
9B6
100
AcDbEntity
  8
WINDOW
  6
ByLayer
 62
  256
370
   -1
100
AcDbLine
 10
79550
 20
2800
 11
81350
 21
2800
  0
LINE
  5
9B7
100
AcDbEntity
  8
WINDOW
  6
ByLayer
 62
  256
370
   -1
100
AcDbLine
 10
81350
 20
2800
 11
81350
 21
0
  0
LINE
  5
9B8
100
AcDbEntity
  8
WINDOW
  6
ByLayer
 62
  256
370
   -1
100
AcDbLine
 10
81350
 20
0
 11
79550
 21
0
  0
LINE
  5
9B9
100
AcDbEntity
  8
WINDOW
  6
ByLayer
 62
  256
370
   -1
100
AcDbLine
 10
79550
 20
0
 11
79550
 21
2800
  0
LINE
  5
9BA
100
AcDbEntity
  8
WINDOW
  6
ByLayer
 62
  256
370
   -1
100
AcDbLine
 10
80450
 20
2800
 11
80450
 21
0
  0
LINE
  5
9BB
100
AcDbEntity
  8
DECOR
  6
ByLayer
 62
  256
370
   -1
100
AcDbLine
 10
77600
 20
3350
 11
78000
 21
3350
  0
LINE
  5
9BC
100
AcDbEntity
  8
DECOR
  6
ByLayer
 62
  256
370
   -1
100
AcDbLine
 10
78000
 20
3350
 11
78000
 21
1250
  0
LINE
  5
9BD
100
AcDbEntity
  8
DECOR
  6
ByLayer
 62
  256
370
   -1
100
AcDbLine
 10
78000
 20
1250
 11
77600
 21
1250
  0
LINE
  5
9BE
100
AcDbEntity
  8
DECOR
  6
ByLayer
 62
  256
370
   -1
100
AcDbLine
 10
77600
 20
1250
 11
77600
 21
3350
  0
LINE
  5
9BF
100
AcDbEntity
  8
WINDOW
  6
ByLayer
 62
  256
370
   -1
100
AcDbLine
 10
72600
 20
3500
 11
77200
 21
3500
  0
LINE
  5
9C0
100
AcDbEntity
  8
WINDOW
  6
ByLayer
 62
  256
370
   -1
100
AcDbLine
 10
77200
 20
3500
 11
77200
 21
0
  0
LINE
  5
9C1
100
AcDbEntity
  8
WINDOW
  6
ByLayer
 62
  256
370
   -1
100
AcDbLine
 10
77200
 20
0
 11
72600
 21
0
  0
LINE
  5
9C2
100
AcDbEntity
  8
WINDOW
  6
ByLayer
 62
  256
370
   -1
100
AcDbLine
 10
72600
 20
0
 11
72600
 21
3500
  0
LINE
  5
9C3
100
AcDbEntity
  8
WINDOW
  6
ByLayer
 62
  256
370
   -1
100
AcDbLine
 10
75500
 20
3500
 11
75500
 21
0
  0
LINE
  5
9C4
100
AcDbEntity
  8
WINDOW
  6
ByLayer
 62
  256
370
   -1
100
AcDbLine
 10
73800
 20
3500
 11
73800
 21
0
  0
LINE
  5
9C5
100
AcDbEntity
  8
WINDOW
  6
ByLayer
 62
  256
370
   -1
100
AcDbLine
 10
74350
 20
2900
 11
75350
 21
2900
  0
LINE
  5
9C6
100
AcDbEntity
  8
WINDOW
  6
ByLayer
 62
  256
370
   -1
100
AcDbLine
 10
75350
 20
2900
 11
75350
 21
0
  0
LINE
  5
9C7
100
AcDbEntity
  8
WINDOW
  6
ByLayer
 62
  256
370
   -1
100
AcDbLine
 10
75350
 20
0
 11
74350
 21
0
  0
LINE
  5
9C8
100
AcDbEntity
  8
WINDOW
  6
ByLayer
 62
  256
370
   -1
100
AcDbLine
 10
74350
 20
0
 11
74350
 21
2900
  0
LINE
  5
9C9
100
AcDbEntity
  8
WINDOW
  6
ByLayer
 62
  256
370
   -1
100
AcDbLine
 10
66200
 20
3500
 11
72200
 21
3500
  0
LINE
  5
9CA
100
AcDbEntity
  8
WINDOW
  6
ByLayer
 62
  256
370
   -1
100
AcDbLine
 10
72200
 20
3500
 11
72200
 21
0
  0
LINE
  5
9CB
100
AcDbEntity
  8
WINDOW
  6
ByLayer
 62
  256
370
   -1
100
AcDbLine
 10
72200
 20
0
 11
66200
 21
0
  0
LINE
  5
9CC
100
AcDbEntity
  8
WINDOW
  6
ByLayer
 62
  256
370
   -1
100
AcDbLine
 10
66200
 20
0
 11
66200
 21
3500
  0
LINE
  5
9CD
100
AcDbEntity
  8
WINDOW
  6
ByLayer
 62
  256
370
   -1
100
AcDbLine
 10
70200
 20
3500
 11
70200
 21
0
  0
LINE
  5
9CE
100
AcDbEntity
  8
WINDOW
  6
ByLayer
 62
  256
370
   -1
100
AcDbLine
 10
68200
 20
3500
 11
68200
 21
0
  0
LINE
  5
9CF
100
AcDbEntity
  8
WINDOW
  6
ByLayer
 62
  256
370
   -1
100
AcDbLine
 10
70600
 20
2900
 11
71600
 21
2900
  0
LINE
  5
9D0
100
AcDbEntity
  8
WINDOW
  6
ByLayer
 62
  256
370
   -1
100
AcDbLine
 10
71600
 20
2900
 11
71600
 21
0
  0
LINE
  5
9D1
100
AcDbEntity
  8
WINDOW
  6
ByLayer
 62
  256
370
   -1
100
AcDbLine
 10
71600
 20
0
 11
70600
 21
0
  0
LINE
  5
9D2
100
AcDbEntity
  8
WINDOW
  6
ByLayer
 62
  256
370
   -1
100
AcDbLine
 10
70600
 20
0
 11
70600
 21
2900
  0
LINE
  5
9D3
100
AcDbEntity
  8
WINDOW
  6
ByLayer
 62
  256
370
   -1
100
AcDbLine
 10
67450
 20
2900
 11
68450
 21
2900
  0
LINE
  5
9D4
100
AcDbEntity
  8
WINDOW
  6
ByLayer
 62
  256
370
   -1
100
AcDbLine
 10
68450
 20
2900
 11
68450
 21
0
  0
LINE
  5
9D5
100
AcDbEntity
  8
WINDOW
  6
ByLayer
 62
  256
370
   -1
100
AcDbLine
 10
68450
 20
0
 11
67450
 21
0
  0
LINE
  5
9D6
100
AcDbEntity
  8
WINDOW
  6
ByLayer
 62
  256
370
   -1
100
AcDbLine
 10
67450
 20
0
 11
67450
 21
2900
  0
LINE
  5
9D7
100
AcDbEntity
  8
WINDOW
  6
ByLayer
 62
  256
370
   -1
100
AcDbLine
 10
77600
 20
10875
 11
81700
 21
10875
  0
LINE
  5
9D8
100
AcDbEntity
  8
WINDOW
  6
ByLayer
 62
  256
370
   -1
100
AcDbLine
 10
81700
 20
10875
 11
81700
 21
4500
  0
LINE
  5
9D9
100
AcDbEntity
  8
WINDOW
  6
ByLayer
 62
  256
370
   -1
100
AcDbLine
 10
81700
 20
4500
 11
77600
 21
4500
  0
LINE
  5
9DA
100
AcDbEntity
  8
WINDOW
  6
ByLayer
 62
  256
370
   -1
100
AcDbLine
 10
77600
 20
4500
 11
77600
 21
10875
  0
LINE
  5
9DB
100
AcDbEntity
  8
DECOR
  6
ByLayer
 62
  256
370
   -1
100
AcDbLine
 10
81400
 20
10775
 11
81400
 21
4600
  0
LINE
  5
9DC
100
AcDbEntity
  8
DECOR
  6
ByLayer
 62
  256
370
   -1
100
AcDbLine
 10
81100
 20
10775
 11
81100
 21
4600
  0
LINE
  5
9DD
100
AcDbEntity
  8
DECOR
  6
ByLayer
 62
  256
370
   -1
100
AcDbLine
 10
80800
 20
10775
 11
80800
 21
4600
  0
LINE
  5
9DE
100
AcDbEntity
  8
DECOR
  6
ByLayer
 62
  256
370
   -1
100
AcDbLine
 10
80500
 20
10775
 11
80500
 21
4600
  0
LINE
  5
9DF
100
AcDbEntity
  8
DECOR
  6
ByLayer
 62
  256
370
   -1
100
AcDbLine
 10
80200
 20
10775
 11
80200
 21
4600
  0
LINE
  5
9E0
100
AcDbEntity
  8
DECOR
  6
ByLayer
 62
  256
370
   -1
100
AcDbLine
 10
79900
 20
10775
 11
79900
 21
4600
  0
LINE
  5
9E1
100
AcDbEntity
  8
DECOR
  6
ByLayer
 62
  256
370
   -1
100
AcDbLine
 10
79600
 20
10775
 11
79600
 21
4600
  0
LINE
  5
9E2
100
AcDbEntity
  8
DECOR
  6
ByLayer
 62
  256
370
   -1
100
AcDbLine
 10
79300
 20
10775
 11
79300
 21
4600
  0
LINE
  5
9E3
100
AcDbEntity
  8
DECOR
  6
ByLayer
 62
  256
370
   -1
100
AcDbLine
 10
79000
 20
10775
 11
79000
 21
4600
  0
LINE
  5
9E4
100
AcDbEntity
  8
DECOR
  6
ByLayer
 62
  256
370
   -1
100
AcDbLine
 10
78700
 20
10775
 11
78700
 21
4600
  0
LINE
  5
9E5
100
AcDbEntity
  8
DECOR
  6
ByLayer
 62
  256
370
   -1
100
AcDbLine
 10
78400
 20
10775
 11
78400
 21
4600
  0
LINE
  5
9E6
100
AcDbEntity
  8
DECOR
  6
ByLayer
 62
  256
370
   -1
100
AcDbLine
 10
78100
 20
10775
 11
78100
 21
4600
  0
LINE
  5
9E7
100
AcDbEntity
  8
DECOR
  6
ByLayer
 62
  256
370
   -1
100
AcDbLine
 10
77800
 20
10775
 11
77800
 21
4600
  0
LINE
  5
9E8
100
AcDbEntity
  8
WINDOW
  6
ByLayer
 62
  256
370
   -1
100
AcDbLine
 10
74200
 20
7500
 11
76600
 21
7500
  0
LINE
  5
9E9
100
AcDbEntity
  8
WINDOW
  6
ByLayer
 62
  256
370
   -1
100
AcDbLine
 10
76600
 20
7500
 11
76600
 21
5500
  0
LINE
  5
9EA
100
AcDbEntity
  8
WINDOW
  6
ByLayer
 62
  256
370
   -1
100
AcDbLine
 10
76600
 20
5500
 11
74200
 21
5500
  0
LINE
  5
9EB
100
AcDbEntity
  8
WINDOW
  6
ByLayer
 62
  256
370
   -1
100
AcDbLine
 10
74200
 20
5500
 11
74200
 21
7500
  0
LINE
  5
9EC
100
AcDbEntity
  8
WINDOW
  6
ByLayer
 62
  256
370
   -1
100
AcDbLine
 10
75400
 20
7500
 11
75400
 21
5500
  0
LINE
  5
9ED
100
AcDbEntity
  8
WINDOW
  6
ByLayer
 62
  256
370
   -1
100
AcDbLine
 10
70350
 20
7500
 11
72750
 21
7500
  0
LINE
  5
9EE
100
AcDbEntity
  8
WINDOW
  6
ByLayer
 62
  256
370
   -1
100
AcDbLine
 10
72750
 20
7500
 11
72750
 21
5500
  0
LINE
  5
9EF
100
AcDbEntity
  8
WINDOW
  6
ByLayer
 62
  256
370
   -1
100
AcDbLine
 10
72750
 20
5500
 11
70350
 21
5500
  0
LINE
  5
9F0
100
AcDbEntity
  8
WINDOW
  6
ByLayer
 62
  256
370
   -1
100
AcDbLine
 10
70350
 20
5500
 11
70350
 21
7500
  0
LINE
  5
9F1
100
AcDbEntity
  8
WINDOW
  6
ByLayer
 62
  256
370
   -1
100
AcDbLine
 10
71550
 20
7500
 11
71550
 21
5500
  0
LINE
  5
9F2
100
AcDbEntity
  8
WINDOW
  6
ByLayer
 62
  256
370
   -1
100
AcDbLine
 10
66650
 20
7500
 11
69050
 21
7500
  0
LINE
  5
9F3
100
AcDbEntity
  8
WINDOW
  6
ByLayer
 62
  256
370
   -1
100
AcDbLine
 10
69050
 20
7500
 11
69050
 21
5500
  0
LINE
  5
9F4
100
AcDbEntity
  8
WINDOW
  6
ByLayer
 62
  256
370
   -1
100
AcDbLine
 10
69050
 20
5500
 11
66650
 21
5500
  0
LINE
  5
9F5
100
AcDbEntity
  8
WINDOW
  6
ByLayer
 62
  256
370
   -1
100
AcDbLine
 10
66650
 20
5500
 11
66650
 21
7500
  0
LINE
  5
9F6
100
AcDbEntity
  8
WINDOW
  6
ByLayer
 62
  256
370
   -1
100
AcDbLine
 10
67850
 20
7500
 11
67850
 21
5500
  0
LINE
  5
9F7
100
AcDbEntity
  8
WINDOW
  6
ByLayer
 62
  256
370
   -1
100
AcDbLine
 10
74200
 20
10600
 11
76600
 21
10600
  0
LINE
  5
9F8
100
AcDbEntity
  8
WINDOW
  6
ByLayer
 62
  256
370
   -1
100
AcDbLine
 10
76600
 20
10600
 11
76600
 21
8800
  0
LINE
  5
9F9
100
AcDbEntity
  8
WINDOW
  6
ByLayer
 62
  256
370
   -1
100
AcDbLine
 10
76600
 20
8800
 11
74200
 21
8800
  0
LINE
  5
9FA
100
AcDbEntity
  8
WINDOW
  6
ByLayer
 62
  256
370
   -1
100
AcDbLine
 10
74200
 20
8800
 11
74200
 21
10600
  0
LINE
  5
9FB
100
AcDbEntity
  8
WINDOW
  6
ByLayer
 62
  256
370
   -1
100
AcDbLine
 10
75400
 20
10600
 11
75400
 21
8800
  0
LINE
  5
9FC
100
AcDbEntity
  8
WINDOW
  6
ByLayer
 62
  256
370
   -1
100
AcDbLine
 10
70350
 20
10600
 11
72750
 21
10600
  0
LINE
  5
9FD
100
AcDbEntity
  8
WINDOW
  6
ByLayer
 62
  256
370
   -1
100
AcDbLine
 10
72750
 20
10600
 11
72750
 21
8800
  0
LINE
  5
9FE
100
AcDbEntity
  8
WINDOW
  6
ByLayer
 62
  256
370
   -1
100
AcDbLine
 10
72750
 20
8800
 11
70350
 21
8800
  0
LINE
  5
9FF
100
AcDbEntity
  8
WINDOW
  6
ByLayer
 62
  256
370
   -1
100
AcDbLine
 10
70350
 20
8800
 11
70350
 21
10600
  0
LINE
  5
A00
100
AcDbEntity
  8
WINDOW
  6
ByLayer
 62
  256
370
   -1
100
AcDbLine
 10
71550
 20
10600
 11
71550
 21
8800
  0
LINE
  5
A01
100
AcDbEntity
  8
WINDOW
  6
ByLayer
 62
  256
370
   -1
100
AcDbLine
 10
66650
 20
10600
 11
69050
 21
10600
  0
LINE
  5
A02
100
AcDbEntity
  8
WINDOW
  6
ByLayer
 62
  256
370
   -1
100
AcDbLine
 10
69050
 20
10600
 11
69050
 21
8800
  0
LINE
  5
A03
100
AcDbEntity
  8
WINDOW
  6
ByLayer
 62
  256
370
   -1
100
AcDbLine
 10
69050
 20
8800
 11
66650
 21
8800
  0
LINE
  5
A04
100
AcDbEntity
  8
WINDOW
  6
ByLayer
 62
  256
370
   -1
100
AcDbLine
 10
66650
 20
8800
 11
66650
 21
10600
  0
LINE
  5
A05
100
AcDbEntity
  8
WINDOW
  6
ByLayer
 62
  256
370
   -1
100
AcDbLine
 10
67850
 20
10600
 11
67850
 21
8800
  0
LINE
  5
A06
100
AcDbEntity
  8
FURN
  6
ByLayer
 62
  256
370
   -1
100
AcDbLine
 10
65900
 20
8900
 11
82100
 21
8900
  0
LINE
  5
A07
100
AcDbEntity
  8
FURN
  6
ByLayer
 62
  256
370
   -1
100
AcDbLine
 10
82100
 20
8900
 11
82100
 21
7800
  0
LINE
  5
A08
100
AcDbEntity
  8
FURN
  6
ByLayer
 62
  256
370
   -1
100
AcDbLine
 10
82100
 20
7800
 11
65900
 21
7800
  0
LINE
  5
A09
100
AcDbEntity
  8
FURN
  6
ByLayer
 62
  256
370
   -1
100
AcDbLine
 10
65900
 20
7800
 11
65900
 21
8900
  0
LINE
  5
A0A
100
AcDbEntity
  8
FURN
  6
ByLayer
 62
  256
370
   -1
100
AcDbLine
 10
82100
 20
8900
 11
65900
 21
8900
  0
LINE
  5
A0B
100
AcDbEntity
  8
FURN
  6
ByLayer
 62
  256
370
   -1
100
AcDbLine
 10
80400
 20
8900
 11
80400
 21
7800
  0
LINE
  5
A0C
100
AcDbEntity
  8
FURN
  6
ByLayer
 62
  256
370
   -1
100
AcDbLine
 10
78800
 20
8900
 11
78800
 21
7800
  0
LINE
  5
A0D
100
AcDbEntity
  8
FURN
  6
ByLayer
 62
  256
370
   -1
100
AcDbLine
 10
77200
 20
8900
 11
77200
 21
7800
  0
LINE
  5
A0E
100
AcDbEntity
  8
FURN
  6
ByLayer
 62
  256
370
   -1
100
AcDbLine
 10
75600
 20
8900
 11
75600
 21
7800
  0
LINE
  5
A0F
100
AcDbEntity
  8
FURN
  6
ByLayer
 62
  256
370
   -1
100
AcDbLine
 10
74000
 20
8900
 11
74000
 21
7800
  0
LINE
  5
A10
100
AcDbEntity
  8
FURN
  6
ByLayer
 62
  256
370
   -1
100
AcDbLine
 10
72400
 20
8900
 11
72400
 21
7800
  0
LINE
  5
A11
100
AcDbEntity
  8
FURN
  6
ByLayer
 62
  256
370
   -1
100
AcDbLine
 10
70800
 20
8900
 11
70800
 21
7800
  0
LINE
  5
A12
100
AcDbEntity
  8
FURN
  6
ByLayer
 62
  256
370
   -1
100
AcDbLine
 10
69200
 20
8900
 11
69200
 21
7800
  0
LINE
  5
A13
100
AcDbEntity
  8
FURN
  6
ByLayer
 62
  256
370
   -1
100
AcDbLine
 10
67600
 20
8900
 11
67600
 21
7800
  0
LINE
  5
A14
100
AcDbEntity
  8
HVAC
  6
ByLayer
 62
  256
370
   -1
100
AcDbLine
 10
73175
 20
7450
 11
73775
 21
7450
  0
LINE
  5
A15
100
AcDbEntity
  8
HVAC
  6
ByLayer
 62
  256
370
   -1
100
AcDbLine
 10
73775
 20
7450
 11
73775
 21
5550
  0
LINE
  5
A16
100
AcDbEntity
  8
HVAC
  6
ByLayer
 62
  256
370
   -1
100
AcDbLine
 10
73775
 20
5550
 11
73175
 21
5550
  0
LINE
  5
A17
100
AcDbEntity
  8
HVAC
  6
ByLayer
 62
  256
370
   -1
100
AcDbLine
 10
73175
 20
5550
 11
73175
 21
7450
  0
LINE
  5
A18
100
AcDbEntity
  8
HVAC
  6
ByLayer
 62
  256
370
   -1
100
AcDbLine
 10
69375
 20
7450
 11
69975
 21
7450
  0
LINE
  5
A19
100
AcDbEntity
  8
HVAC
  6
ByLayer
 62
  256
370
   -1
100
AcDbLine
 10
69975
 20
7450
 11
69975
 21
5550
  0
LINE
  5
A1A
100
AcDbEntity
  8
HVAC
  6
ByLayer
 62
  256
370
   -1
100
AcDbLine
 10
69975
 20
5550
 11
69375
 21
5550
  0
LINE
  5
A1B
100
AcDbEntity
  8
HVAC
  6
ByLayer
 62
  256
370
   -1
100
AcDbLine
 10
69375
 20
5550
 11
69375
 21
7450
  0
LINE
  5
A1C
100
AcDbEntity
  8
HVAC
  6
ByLayer
 62
  256
370
   -1
100
AcDbLine
 10
73775
 20
7200
 11
73175
 21
7200
  0
LINE
  5
A1D
100
AcDbEntity
  8
HVAC
  6
ByLayer
 62
  256
370
   -1
100
AcDbLine
 10
73775
 20
6900
 11
73175
 21
6900
  0
LINE
  5
A1E
100
AcDbEntity
  8
HVAC
  6
ByLayer
 62
  256
370
   -1
100
AcDbLine
 10
73775
 20
6600
 11
73175
 21
6600
  0
LINE
  5
A1F
100
AcDbEntity
  8
HVAC
  6
ByLayer
 62
  256
370
   -1
100
AcDbLine
 10
73775
 20
6300
 11
73175
 21
6300
  0
LINE
  5
A20
100
AcDbEntity
  8
HVAC
  6
ByLayer
 62
  256
370
   -1
100
AcDbLine
 10
73775
 20
6000
 11
73175
 21
6000
  0
LINE
  5
A21
100
AcDbEntity
  8
HVAC
  6
ByLayer
 62
  256
370
   -1
100
AcDbLine
 10
73775
 20
5700
 11
73175
 21
5700
  0
LINE
  5
A22
100
AcDbEntity
  8
HVAC
  6
ByLayer
 62
  256
370
   -1
100
AcDbLine
 10
69975
 20
7200
 11
69375
 21
7200
  0
LINE
  5
A23
100
AcDbEntity
  8
HVAC
  6
ByLayer
 62
  256
370
   -1
100
AcDbLine
 10
69975
 20
6900
 11
69375
 21
6900
  0
LINE
  5
A24
100
AcDbEntity
  8
HVAC
  6
ByLayer
 62
  256
370
   -1
100
AcDbLine
 10
69975
 20
6600
 11
69375
 21
6600
  0
LINE
  5
A25
100
AcDbEntity
  8
HVAC
  6
ByLayer
 62
  256
370
   -1
100
AcDbLine
 10
69975
 20
6300
 11
69375
 21
6300
  0
LINE
  5
A26
100
AcDbEntity
  8
HVAC
  6
ByLayer
 62
  256
370
   -1
100
AcDbLine
 10
69975
 20
6000
 11
69375
 21
6000
  0
LINE
  5
A27
100
AcDbEntity
  8
HVAC
  6
ByLayer
 62
  256
370
   -1
100
AcDbLine
 10
69975
 20
5700
 11
69375
 21
5700
  0
LINE
  5
A28
100
AcDbEntity
  8
HVAC
  6
ByLayer
 62
  256
370
   -1
100
AcDbLine
 10
65900
 20
14950
 11
65100
 21
14950
  0
LINE
  5
A29
100
AcDbEntity
  8
HVAC
  6
ByLayer
 62
  256
370
   -1
100
AcDbLine
 10
65900
 20
11650
 11
65100
 21
11650
  0
LINE
  5
A2A
100
AcDbEntity
  8
HVAC
  6
ByLayer
 62
  256
370
   -1
100
AcDbLine
 10
65900
 20
8350
 11
65100
 21
8350
  0
LINE
  5
A2B
100
AcDbEntity
  8
HVAC
  6
ByLayer
 62
  256
370
   -1
100
AcDbLine
 10
65900
 20
6000
 11
65100
 21
6000
  0
LINE
  5
A2C
100
AcDbEntity
  8
FURN
  6
ByLayer
 62
  256
370
   -1
100
AcDbLine
 10
65000
 20
0
 11
83500
 21
0
  0
LINE
  5
A2D
100
AcDbEntity
  8
FURN
  6
ByLayer
 62
  256
370
   -1
100
AcDbLine
 10
65550
 20
-25
 11
65250
 21
-300
  0
LINE
  5
A2E
100
AcDbEntity
  8
FURN
  6
ByLayer
 62
  256
370
   -1
100
AcDbLine
 10
66450
 20
-25
 11
66150
 21
-300
  0
LINE
  5
A2F
100
AcDbEntity
  8
FURN
  6
ByLayer
 62
  256
370
   -1
100
AcDbLine
 10
67350
 20
-25
 11
67050
 21
-300
  0
LINE
  5
A30
100
AcDbEntity
  8
FURN
  6
ByLayer
 62
  256
370
   -1
100
AcDbLine
 10
68250
 20
-25
 11
67950
 21
-300
  0
LINE
  5
A31
100
AcDbEntity
  8
FURN
  6
ByLayer
 62
  256
370
   -1
100
AcDbLine
 10
69150
 20
-25
 11
68850
 21
-300
  0
LINE
  5
A32
100
AcDbEntity
  8
FURN
  6
ByLayer
 62
  256
370
   -1
100
AcDbLine
 10
70050
 20
-25
 11
69750
 21
-300
  0
LINE
  5
A33
100
AcDbEntity
  8
FURN
  6
ByLayer
 62
  256
370
   -1
100
AcDbLine
 10
70950
 20
-25
 11
70650
 21
-300
  0
LINE
  5
A34
100
AcDbEntity
  8
FURN
  6
ByLayer
 62
  256
370
   -1
100
AcDbLine
 10
71850
 20
-25
 11
71550
 21
-300
  0
LINE
  5
A35
100
AcDbEntity
  8
FURN
  6
ByLayer
 62
  256
370
   -1
100
AcDbLine
 10
72750
 20
-25
 11
72450
 21
-300
  0
LINE
  5
A36
100
AcDbEntity
  8
FURN
  6
ByLayer
 62
  256
370
   -1
100
AcDbLine
 10
73650
 20
-25
 11
73350
 21
-300
  0
LINE
  5
A37
100
AcDbEntity
  8
FURN
  6
ByLayer
 62
  256
370
   -1
100
AcDbLine
 10
74550
 20
-25
 11
74250
 21
-300
  0
LINE
  5
A38
100
AcDbEntity
  8
FURN
  6
ByLayer
 62
  256
370
   -1
100
AcDbLine
 10
75450
 20
-25
 11
75150
 21
-300
  0
LINE
  5
A39
100
AcDbEntity
  8
FURN
  6
ByLayer
 62
  256
370
   -1
100
AcDbLine
 10
76350
 20
-25
 11
76050
 21
-300
  0
LINE
  5
A3A
100
AcDbEntity
  8
FURN
  6
ByLayer
 62
  256
370
   -1
100
AcDbLine
 10
77250
 20
-25
 11
76950
 21
-300
  0
LINE
  5
A3B
100
AcDbEntity
  8
FURN
  6
ByLayer
 62
  256
370
   -1
100
AcDbLine
 10
78150
 20
-25
 11
77850
 21
-300
  0
LINE
  5
A3C
100
AcDbEntity
  8
FURN
  6
ByLayer
 62
  256
370
   -1
100
AcDbLine
 10
79050
 20
-25
 11
78750
 21
-300
  0
LINE
  5
A3D
100
AcDbEntity
  8
FURN
  6
ByLayer
 62
  256
370
   -1
100
AcDbLine
 10
79950
 20
-25
 11
79650
 21
-300
  0
LINE
  5
A3E
100
AcDbEntity
  8
FURN
  6
ByLayer
 62
  256
370
   -1
100
AcDbLine
 10
80850
 20
-25
 11
80550
 21
-300
  0
LINE
  5
A3F
100
AcDbEntity
  8
FURN
  6
ByLayer
 62
  256
370
   -1
100
AcDbLine
 10
81750
 20
-25
 11
81450
 21
-300
  0
LINE
  5
A40
100
AcDbEntity
  8
FURN
  6
ByLayer
 62
  256
370
   -1
100
AcDbLine
 10
82650
 20
-25
 11
82350
 21
-300
  0
CIRCLE
  5
A41
100
AcDbEntity
  8
FURN
  6
ByLayer
 62
  256
370
   -1
100
AcDbCircle
 10
65350
 20
1350
 40
550
  0
LINE
  5
A42
100
AcDbEntity
  8
FURN
  6
ByLayer
 62
  256
370
   -1
100
AcDbLine
 10
65350
 20
800
 11
65350
 21
0
  0
LINE
  5
A43
100
AcDbEntity
  8
DIM
  6
ByLayer
 62
  256
370
   -1
100
AcDbLine
 10
82050
 20
0
 11
82450
 21
0
  0
LINE
  5
A44
100
AcDbEntity
  8
FURN
  6
ByLayer
 62
  256
370
   -1
100
AcDbLine
 10
82450
 20
0
 11
82650
 21
150
  0
LINE
  5
A45
100
AcDbEntity
  8
FURN
  6
ByLayer
 62
  256
370
   -1
100
AcDbLine
 10
82650
 20
150
 11
82850
 21
0
  0
LINE
  5
A46
100
AcDbEntity
  8
DIM
  6
ByLayer
 62
  256
370
   -1
100
AcDbLine
 10
82050
 20
4500
 11
82450
 21
4500
  0
LINE
  5
A47
100
AcDbEntity
  8
FURN
  6
ByLayer
 62
  256
370
   -1
100
AcDbLine
 10
82450
 20
4500
 11
82650
 21
4650
  0
LINE
  5
A48
100
AcDbEntity
  8
FURN
  6
ByLayer
 62
  256
370
   -1
100
AcDbLine
 10
82650
 20
4650
 11
82850
 21
4500
  0
LINE
  5
A49
100
AcDbEntity
  8
DIM
  6
ByLayer
 62
  256
370
   -1
100
AcDbLine
 10
82050
 20
7800
 11
82450
 21
7800
  0
LINE
  5
A4A
100
AcDbEntity
  8
FURN
  6
ByLayer
 62
  256
370
   -1
100
AcDbLine
 10
82450
 20
7800
 11
82650
 21
7950
  0
LINE
  5
A4B
100
AcDbEntity
  8
FURN
  6
ByLayer
 62
  256
370
   -1
100
AcDbLine
 10
82650
 20
7950
 11
82850
 21
7800
  0
LINE
  5
A4C
100
AcDbEntity
  8
DIM
  6
ByLayer
 62
  256
370
   -1
100
AcDbLine
 10
82050
 20
11100
 11
82450
 21
11100
  0
LINE
  5
A4D
100
AcDbEntity
  8
FURN
  6
ByLayer
 62
  256
370
   -1
100
AcDbLine
 10
82450
 20
11100
 11
82650
 21
11250
  0
LINE
  5
A4E
100
AcDbEntity
  8
FURN
  6
ByLayer
 62
  256
370
   -1
100
AcDbLine
 10
82650
 20
11250
 11
82850
 21
11100
  0
LINE
  5
A4F
100
AcDbEntity
  8
DIM
  6
ByLayer
 62
  256
370
   -1
100
AcDbLine
 10
82050
 20
14400
 11
82450
 21
14400
  0
LINE
  5
A50
100
AcDbEntity
  8
FURN
  6
ByLayer
 62
  256
370
   -1
100
AcDbLine
 10
82450
 20
14400
 11
82650
 21
14550
  0
LINE
  5
A51
100
AcDbEntity
  8
FURN
  6
ByLayer
 62
  256
370
   -1
100
AcDbLine
 10
82650
 20
14550
 11
82850
 21
14400
  0
LINE
  5
A52
100
AcDbEntity
  8
DIM
  6
ByLayer
 62
  256
370
   -1
100
AcDbLine
 10
82050
 20
17700
 11
82450
 21
17700
  0
LINE
  5
A53
100
AcDbEntity
  8
FURN
  6
ByLayer
 62
  256
370
   -1
100
AcDbLine
 10
82450
 20
17700
 11
82650
 21
17850
  0
LINE
  5
A54
100
AcDbEntity
  8
FURN
  6
ByLayer
 62
  256
370
   -1
100
AcDbLine
 10
82650
 20
17850
 11
82850
 21
17700
  0
CIRCLE
  5
A55
100
AcDbEntity
  8
WINDOW
  6
ByLayer
 62
  256
370
   -1
100
AcDbCircle
 10
69750
 20
9700
 40
225
  0
CIRCLE
  5
A56
100
AcDbEntity
  8
WINDOW
  6
ByLayer
 62
  256
370
   -1
100
AcDbCircle
 10
79650
 20
8500
 40
225
  0
CIRCLE
  5
A57
100
AcDbEntity
  8
WINDOW
  6
ByLayer
 62
  256
370
   -1
100
AcDbCircle
 10
75400
 20
6500
 40
225
  0
CIRCLE
  5
A58
100
AcDbEntity
  8
WINDOW
  6
ByLayer
 62
  256
370
   -1
100
AcDbCircle
 10
73750
 20
11650
 40
225
  0
CIRCLE
  5
A59
100
AcDbEntity
  8
WINDOW
  6
ByLayer
 62
  256
370
   -1
100
AcDbCircle
 10
76750
 20
4050
 40
225
  0
CIRCLE
  5
A5A
100
AcDbEntity
  8
WINDOW
  6
ByLayer
 62
  256
370
   -1
100
AcDbCircle
 10
69750
 20
1750
 40
225
  0
CIRCLE
  5
A5B
100
AcDbEntity
  8
WINDOW
  6
ByLayer
 62
  256
370
   -1
100
AcDbCircle
 10
71000
 20
11100
 40
225
  0
LINE
  5
A5C
100
AcDbEntity
  8
DIM
  6
ByLayer
 62
  256
370
   -1
100
AcDbLine
 10
66000
 20
-700
 11
82000
 21
-700
  0
LINE
  5
A5D
100
AcDbEntity
  8
DIM
  6
ByLayer
 62
  256
370
   -1
100
AcDbLine
 10
65900
 20
-800
 11
66100
 21
-600
  0
LINE
  5
A5E
100
AcDbEntity
  8
DIM
  6
ByLayer
 62
  256
370
   -1
100
AcDbLine
 10
81900
 20
-800
 11
82100
 21
-600
  0
SOLID
  5
A5F
100
AcDbEntity
  8
WALL
  6
ByLayer
 62
  256
370
   -1
100
AcDbTrace
 10
65800
 20
14175
 30
0
 11
82200
 21
14175
 31
0
 12
65800
 22
14400
 32
0
 13
82200
 23
14400
 33
0
  0
LINE
  5
A60
100
AcDbEntity
  8
WALL
  6
ByLayer
 62
  256
370
   -1
100
AcDbLine
 10
65800
 20
14175
 11
82200
 21
14175
  0
LINE
  5
A61
100
AcDbEntity
  8
WALL
  6
ByLayer
 62
  256
370
   -1
100
AcDbLine
 10
82200
 20
14175
 11
82200
 21
14400
  0
LINE
  5
A62
100
AcDbEntity
  8
WALL
  6
ByLayer
 62
  256
370
   -1
100
AcDbLine
 10
82200
 20
14400
 11
65800
 21
14400
  0
LINE
  5
A63
100
AcDbEntity
  8
WALL
  6
ByLayer
 62
  256
370
   -1
100
AcDbLine
 10
65800
 20
14400
 11
65800
 21
14175
  0
SOLID
  5
A64
100
AcDbEntity
  8
WALL
  6
ByLayer
 62
  256
370
   -1
100
AcDbTrace
 10
65800
 20
10875
 30
0
 11
82200
 21
10875
 31
0
 12
65800
 22
11100
 32
0
 13
82200
 23
11100
 33
0
  0
LINE
  5
A65
100
AcDbEntity
  8
WALL
  6
ByLayer
 62
  256
370
   -1
100
AcDbLine
 10
65800
 20
10875
 11
82200
 21
10875
  0
LINE
  5
A66
100
AcDbEntity
  8
WALL
  6
ByLayer
 62
  256
370
   -1
100
AcDbLine
 10
82200
 20
10875
 11
82200
 21
11100
  0
LINE
  5
A67
100
AcDbEntity
  8
WALL
  6
ByLayer
 62
  256
370
   -1
100
AcDbLine
 10
82200
 20
11100
 11
65800
 21
11100
  0
LINE
  5
A68
100
AcDbEntity
  8
WALL
  6
ByLayer
 62
  256
370
   -1
100
AcDbLine
 10
65800
 20
11100
 11
65800
 21
10875
  0
SOLID
  5
A69
100
AcDbEntity
  8
WALL
  6
ByLayer
 62
  256
370
   -1
100
AcDbTrace
 10
66000
 20
3600
 30
0
 11
77400
 21
3600
 31
0
 12
66000
 22
4500
 32
0
 13
77400
 23
4500
 33
0
  0
LINE
  5
A6A
100
AcDbEntity
  8
WALL
  6
ByLayer
 62
  256
370
   -1
100
AcDbLine
 10
66000
 20
3600
 11
77400
 21
3600
  0
LINE
  5
A6B
100
AcDbEntity
  8
WALL
  6
ByLayer
 62
  256
370
   -1
100
AcDbLine
 10
77400
 20
3600
 11
77400
 21
4500
  0
LINE
  5
A6C
100
AcDbEntity
  8
WALL
  6
ByLayer
 62
  256
370
   -1
100
AcDbLine
 10
77400
 20
4500
 11
66000
 21
4500
  0
LINE
  5
A6D
100
AcDbEntity
  8
WALL
  6
ByLayer
 62
  256
370
   -1
100
AcDbLine
 10
66000
 20
4500
 11
66000
 21
3600
  0
SOLID
  5
A6E
100
AcDbEntity
  8
WALL
  6
ByLayer
 62
  256
370
   -1
100
AcDbTrace
 10
79150
 20
2900
 30
0
 11
81550
 21
2900
 31
0
 12
79150
 22
3100
 32
0
 13
81550
 23
3100
 33
0
  0
LINE
  5
A6F
100
AcDbEntity
  8
WALL
  6
ByLayer
 62
  256
370
   -1
100
AcDbLine
 10
79150
 20
2900
 11
81550
 21
2900
  0
LINE
  5
A70
100
AcDbEntity
  8
WALL
  6
ByLayer
 62
  256
370
   -1
100
AcDbLine
 10
81550
 20
2900
 11
81550
 21
3100
  0
LINE
  5
A71
100
AcDbEntity
  8
WALL
  6
ByLayer
 62
  256
370
   -1
100
AcDbLine
 10
81550
 20
3100
 11
79150
 21
3100
  0
LINE
  5
A72
100
AcDbEntity
  8
WALL
  6
ByLayer
 62
  256
370
   -1
100
AcDbLine
 10
79150
 20
3100
 11
79150
 21
2900
  0
SOLID
  5
A73
100
AcDbEntity
  8
WALL
  6
ByLayer
 62
  256
370
   -1
100
AcDbTrace
 10
65800
 20
7575
 30
0
 11
82200
 21
7575
 31
0
 12
65800
 22
7800
 32
0
 13
82200
 23
7800
 33
0
  0
LINE
  5
A74
100
AcDbEntity
  8
WALL
  6
ByLayer
 62
  256
370
   -1
100
AcDbLine
 10
65800
 20
7575
 11
82200
 21
7575
  0
LINE
  5
A75
100
AcDbEntity
  8
WALL
  6
ByLayer
 62
  256
370
   -1
100
AcDbLine
 10
82200
 20
7575
 11
82200
 21
7800
  0
LINE
  5
A76
100
AcDbEntity
  8
WALL
  6
ByLayer
 62
  256
370
   -1
100
AcDbLine
 10
82200
 20
7800
 11
65800
 21
7800
  0
LINE
  5
A77
100
AcDbEntity
  8
WALL
  6
ByLayer
 62
  256
370
   -1
100
AcDbLine
 10
65800
 20
7800
 11
65800
 21
7575
  0
TEXT
  5
A78
100
AcDbEntity
  8
TXT
  6
ByLayer
 62
  256
370
   -1
100
AcDbText
 10
14000
 20
4200
 30
0
 40
312.5
  1
民宿门厅
 50
0
 41
1
 51
0
  7
wqy-unicode
 71
    0
 72
    1
 11
14000
 21
4200
 31
0
210
0
220
0
230
1
100
AcDbText
  0
TEXT
  5
A79
100
AcDbEntity
  8
TXT
  6
ByLayer
 62
  256
370
   -1
100
AcDbText
 10
14000
 20
3800
 30
0
 40
262.5
  1
约30 ㎡ · 独立入口 · 前台
 50
0
 41
1
 51
0
  7
wqy-unicode
 71
    0
 72
    1
 11
14000
 21
3800
 31
0
210
0
220
0
230
1
100
AcDbText
  0
TEXT
  5
A7A
100
AcDbEntity
  8
TXT
  6
ByLayer
 62
  256
370
   -1
100
AcDbText
 10
14575
 20
8950
 30
0
 40
312.5
  1
电梯
 50
0
 41
1
 51
0
  7
wqy-unicode
 71
    0
 72
    1
 11
14575
 21
8950
 31
0
210
0
220
0
230
1
100
AcDbText
  0
TEXT
  5
A7B
100
AcDbEntity
  8
TXT
  6
ByLayer
 62
  256
370
   -1
100
AcDbText
 10
14575
 20
8550
 30
0
 40
262.5
  1
2.4×2.4
 50
0
 41
1
 51
0
  7
wqy-unicode
 71
    0
 72
    1
 11
14575
 21
8550
 31
0
210
0
220
0
230
1
100
AcDbText
  0
TEXT
  5
A7C
100
AcDbEntity
  8
TXT
  6
ByLayer
 62
  256
370
   -1
100
AcDbText
 10
14500
 20
12000
 30
0
 40
312.5
  1
楼梯
 50
0
 41
1
 51
0
  7
wqy-unicode
 71
    0
 72
    1
 11
14500
 21
12000
 31
0
210
0
220
0
230
1
100
AcDbText
  0
TEXT
  5
A7D
100
AcDbEntity
  8
TXT
  6
ByLayer
 62
  256
370
   -1
100
AcDbText
 10
14500
 20
11600
 30
0
 40
262.5
  1
双跑 26级 · 踏步280×173 · 梯段净宽~1050
 50
0
 41
1
 51
0
  7
wqy-unicode
 71
    0
 72
    1
 11
14500
 21
11600
 31
0
210
0
220
0
230
1
100
AcDbText
  0
TEXT
  5
A7E
100
AcDbEntity
  8
TXT
  6
ByLayer
 62
  256
370
   -1
100
AcDbText
 10
13550
 20
10400
 30
0
 40
262.5
  1
上
 50
0
 41
1
 51
0
  7
wqy-unicode
 71
    0
210
0
220
0
230
1
100
AcDbText
  0
TEXT
  5
A7F
100
AcDbEntity
  8
TXT
  6
ByLayer
 62
  256
370
   -1
100
AcDbText
 10
12675
 20
11500
 30
0
 40
262.5
  1
走道 1.2m
 50
-90
 41
1
 51
0
  7
wqy-unicode
 71
    0
 72
    1
 11
12675
 21
11500
 31
0
210
0
220
0
230
1
100
AcDbText
  0
TEXT
  5
A80
100
AcDbEntity
  8
TXT
  6
ByLayer
 62
  256
370
   -1
100
AcDbText
 10
13250
 20
7050
 30
0
 40
262.5
  1
电梯厅
 50
0
 41
1
 51
0
  7
wqy-unicode
 71
    0
 72
    1
 11
13250
 21
7050
 31
0
210
0
220
0
230
1
100
AcDbText
  0
TEXT
  5
A81
100
AcDbEntity
  8
TXT
  6
ByLayer
 62
  256
370
   -1
100
AcDbText
 10
16175
 20
6975
 30
0
 40
262.5
  1
▤ 管井·电/水
 50
0
 41
1
 51
0
  7
wqy-unicode
 71
    0
210
0
220
0
230
1
100
AcDbText
  0
TEXT
  5
A82
100
AcDbEntity
  8
TXT
  6
ByLayer
 62
  256
370
   -1
100
AcDbText
 10
14050
 20
18450
 30
0
 40
312.5
  1
后勤储藏
 50
0
 41
1
 51
0
  7
wqy-unicode
 71
    0
 72
    1
 11
14050
 21
18450
 31
0
210
0
220
0
230
1
100
AcDbText
  0
TEXT
  5
A83
100
AcDbEntity
  8
TXT
  6
ByLayer
 62
  256
370
   -1
100
AcDbText
 10
14050
 20
18050
 30
0
 40
262.5
  1
洗衣布草 · 设备 · 20㎡
 50
0
 41
1
 51
0
  7
wqy-unicode
 71
    0
 72
    1
 11
14050
 21
18050
 31
0
210
0
220
0
230
1
100
AcDbText
  0
TEXT
  5
A84
100
AcDbEntity
  8
TXT
  6
ByLayer
 62
  256
370
   -1
100
AcDbText
 10
10000
 20
7500
 30
0
 40
312.5
  1
自营铺
 50
0
 41
1
 51
0
  7
wqy-unicode
 71
    0
 72
    1
 11
10000
 21
7500
 31
0
210
0
220
0
230
1
100
AcDbText
  0
TEXT
  5
A85
100
AcDbEntity
  8
TXT
  6
ByLayer
 62
  256
370
   -1
100
AcDbText
 10
10000
 20
7100
 30
0
 40
262.5
  1
前台茶饮 60 ㎡ · 内连门厅
 50
0
 41
1
 51
0
  7
wqy-unicode
 71
    0
 72
    1
 11
10000
 21
7100
 31
0
210
0
220
0
230
1
100
AcDbText
  0
TEXT
  5
A86
100
AcDbEntity
  8
TXT
  6
ByLayer
 62
  256
370
   -1
100
AcDbText
 10
9050
 20
12500
 30
0
 40
262.5
  1
员工卫
 50
0
 41
1
 51
0
  7
wqy-unicode
 71
    0
 72
    1
 11
9050
 21
12500
 31
0
210
0
220
0
230
1
100
AcDbText
  0
TEXT
  5
A87
100
AcDbEntity
  8
TXT
  6
ByLayer
 62
  256
370
   -1
100
AcDbText
 10
8825
 20
10750
 30
0
 40
262.5
  1
水吧
 50
0
 41
1
 51
0
  7
wqy-unicode
 71
    0
 72
    1
 11
8825
 21
10750
 31
0
210
0
220
0
230
1
100
AcDbText
  0
TEXT
  5
A88
100
AcDbEntity
  8
TXT
  6
ByLayer
 62
  256
370
   -1
100
AcDbText
 10
4000
 20
7500
 30
0
 40
312.5
  1
出租商铺
 50
0
 41
1
 51
0
  7
wqy-unicode
 71
    0
 72
    1
 11
4000
 21
7500
 31
0
210
0
220
0
230
1
100
AcDbText
  0
TEXT
  5
A89
100
AcDbEntity
  8
TXT
  6
ByLayer
 62
  256
370
   -1
100
AcDbText
 10
4000
 20
7100
 30
0
 40
262.5
  1
120 ㎡ · 可分两间各 60 ㎡
 50
0
 41
1
 51
0
  7
wqy-unicode
 71
    0
 72
    1
 11
4000
 21
7100
 31
0
210
0
220
0
230
1
100
AcDbText
  0
TEXT
  5
A8A
100
AcDbEntity
  8
TXT
  6
ByLayer
 62
  256
370
   -1
100
AcDbText
 10
4200
 20
4000
 30
0
 40
262.5
  1
↖ 预留分隔线
 50
0
 41
1
 51
0
  7
wqy-unicode
 71
    0
210
0
220
0
230
1
100
AcDbText
  0
TEXT
  5
A8B
100
AcDbEntity
  8
TXT
  6
ByLayer
 62
  256
370
   -1
100
AcDbText
 10
6000
 20
13900
 30
0
 40
262.5
  1
▨ 商铺空调机位·背立面百叶搁板
 50
0
 41
1
 51
0
  7
wqy-unicode
 71
    0
 72
    1
 11
6000
 21
13900
 31
0
210
0
220
0
230
1
100
AcDbText
  0
TEXT
  5
A8C
100
AcDbEntity
  8
TXT
  6
ByLayer
 62
  256
370
   -1
100
AcDbText
 10
14400
 20
20200
 30
0
 40
262.5
  1
后勤/疏散门
 50
0
 41
1
 51
0
  7
wqy-unicode
 71
    0
 72
    1
 11
14400
 21
20200
 31
0
210
0
220
0
230
1
100
AcDbText
  0
TEXT
  5
A8D
100
AcDbEntity
  8
TXT
  6
ByLayer
 62
  256
370
   -1
100
AcDbText
 10
14000
 20
475
 30
0
 40
262.5
  1
民宿入口
 50
0
 41
1
 51
0
  7
wqy-unicode
 71
    0
 72
    1
 11
14000
 21
475
 31
0
210
0
220
0
230
1
100
AcDbText
  0
TEXT
  5
A8E
100
AcDbEntity
  8
TXT
  6
ByLayer
 62
  256
370
   -1
100
AcDbText
 10
10000
 20
475
 30
0
 40
262.5
  1
自营铺入口
 50
0
 41
1
 51
0
  7
wqy-unicode
 71
    0
 72
    1
 11
10000
 21
475
 31
0
210
0
220
0
230
1
100
AcDbText
  0
TEXT
  5
A8F
100
AcDbEntity
  8
TXT
  6
ByLayer
 62
  256
370
   -1
100
AcDbText
 10
4125
 20
475
 30
0
 40
262.5
  1
出租铺入口 ×2
 50
0
 41
1
 51
0
  7
wqy-unicode
 71
    0
 72
    1
 11
4125
 21
475
 31
0
210
0
220
0
230
1
100
AcDbText
  0
TEXT
  5
A90
100
AcDbEntity
  8
DIM
  6
ByLayer
 62
  256
370
   -1
100
AcDbText
 10
16700
 20
17450
 30
0
 40
262.5
  1
5000 加建
 50
90
 41
1
 51
0
  7
wqy-unicode
 71
    0
 72
    1
 11
16700
 21
17450
 31
0
210
0
220
0
230
1
100
AcDbText
  0
TEXT
  5
A91
100
AcDbEntity
  8
DIM
  6
ByLayer
 62
  256
370
   -1
100
AcDbText
 10
14000
 20
20700
 30
0
 40
262.5
  1
4000
 50
0
 41
1
 51
0
  7
wqy-unicode
 71
    0
 72
    1
 11
14000
 21
20700
 31
0
210
0
220
0
230
1
100
AcDbText
  0
TEXT
  5
A92
100
AcDbEntity
  8
DIM
  6
ByLayer
 62
  256
370
   -1
100
AcDbText
 10
2000
 20
-825
 30
0
 40
262.5
  1
4000
 50
0
 41
1
 51
0
  7
wqy-unicode
 71
    0
 72
    1
 11
2000
 21
-825
 31
0
210
0
220
0
230
1
100
AcDbText
  0
TEXT
  5
A93
100
AcDbEntity
  8
DIM
  6
ByLayer
 62
  256
370
   -1
100
AcDbText
 10
6000
 20
-825
 30
0
 40
262.5
  1
4000
 50
0
 41
1
 51
0
  7
wqy-unicode
 71
    0
 72
    1
 11
6000
 21
-825
 31
0
210
0
220
0
230
1
100
AcDbText
  0
TEXT
  5
A94
100
AcDbEntity
  8
DIM
  6
ByLayer
 62
  256
370
   -1
100
AcDbText
 10
10000
 20
-825
 30
0
 40
262.5
  1
4000
 50
0
 41
1
 51
0
  7
wqy-unicode
 71
    0
 72
    1
 11
10000
 21
-825
 31
0
210
0
220
0
230
1
100
AcDbText
  0
TEXT
  5
A95
100
AcDbEntity
  8
DIM
  6
ByLayer
 62
  256
370
   -1
100
AcDbText
 10
14000
 20
-825
 30
0
 40
262.5
  1
4000
 50
0
 41
1
 51
0
  7
wqy-unicode
 71
    0
 72
    1
 11
14000
 21
-825
 31
0
210
0
220
0
230
1
100
AcDbText
  0
TEXT
  5
A96
100
AcDbEntity
  8
DIM
  6
ByLayer
 62
  256
370
   -1
100
AcDbText
 10
8000
 20
-1800
 30
0
 40
262.5
  1
16000（临街面 · 街道）
 50
0
 41
1
 51
0
  7
wqy-unicode
 71
    0
 72
    1
 11
8000
 21
-1800
 31
0
210
0
220
0
230
1
100
AcDbText
  0
TEXT
  5
A97
100
AcDbEntity
  8
DIM
  6
ByLayer
 62
  256
370
   -1
100
AcDbText
 10
-900
 20
12500
 30
0
 40
262.5
  1
5000
 50
90
 41
1
 51
0
  7
wqy-unicode
 71
    0
 72
    1
 11
-900
 21
12500
 31
0
210
0
220
0
230
1
100
AcDbText
  0
TEXT
  5
A98
100
AcDbEntity
  8
DIM
  6
ByLayer
 62
  256
370
   -1
100
AcDbText
 10
-900
 20
7500
 30
0
 40
262.5
  1
5000
 50
90
 41
1
 51
0
  7
wqy-unicode
 71
    0
 72
    1
 11
-900
 21
7500
 31
0
210
0
220
0
230
1
100
AcDbText
  0
TEXT
  5
A99
100
AcDbEntity
  8
DIM
  6
ByLayer
 62
  256
370
   -1
100
AcDbText
 10
-900
 20
2500
 30
0
 40
262.5
  1
5000
 50
90
 41
1
 51
0
  7
wqy-unicode
 71
    0
 72
    1
 11
-900
 21
2500
 31
0
210
0
220
0
230
1
100
AcDbText
  0
TEXT
  5
A9A
100
AcDbEntity
  8
DIM
  6
ByLayer
 62
  256
370
   -1
100
AcDbText
 10
-1300
 20
7500
 30
0
 40
262.5
  1
15000
 50
90
 41
1
 51
0
  7
wqy-unicode
 71
    0
 72
    1
 11
-1300
 21
7500
 31
0
210
0
220
0
230
1
100
AcDbText
  0
TEXT
  5
A9B
100
AcDbEntity
  8
TXT
  6
ByLayer
 62
  256
370
   -1
100
AcDbText
 10
24000
 20
2125
 30
0
 40
312.5
  1
客房204
 50
0
 41
1
 51
0
  7
wqy-unicode
 71
    0
210
0
220
0
230
1
100
AcDbText
  0
TEXT
  5
A9C
100
AcDbEntity
  8
TXT
  6
ByLayer
 62
  256
370
   -1
100
AcDbText
 10
28000
 20
2125
 30
0
 40
312.5
  1
客房205
 50
0
 41
1
 51
0
  7
wqy-unicode
 71
    0
210
0
220
0
230
1
100
AcDbText
  0
TEXT
  5
A9D
100
AcDbEntity
  8
TXT
  6
ByLayer
 62
  256
370
   -1
100
AcDbText
 10
32000
 20
2125
 30
0
 40
312.5
  1
客房206
 50
0
 41
1
 51
0
  7
wqy-unicode
 71
    0
210
0
220
0
230
1
100
AcDbText
  0
TEXT
  5
A9E
100
AcDbEntity
  8
TXT
  6
ByLayer
 62
  256
370
   -1
100
AcDbText
 10
36000
 20
2125
 30
0
 40
312.5
  1
客房207
 50
0
 41
1
 51
0
  7
wqy-unicode
 71
    0
210
0
220
0
230
1
100
AcDbText
  0
TEXT
  5
A9F
100
AcDbEntity
  8
TXT
  6
ByLayer
 62
  256
370
   -1
100
AcDbText
 10
24000
 20
12000
 30
0
 40
312.5
  1
客房201
 50
0
 41
1
 51
0
  7
wqy-unicode
 71
    0
210
0
220
0
230
1
100
AcDbText
  0
TEXT
  5
AA0
100
AcDbEntity
  8
TXT
  6
ByLayer
 62
  256
370
   -1
100
AcDbText
 10
24000
 20
11600
 30
0
 40
262.5
  1
标准大床 26㎡
 50
0
 41
1
 51
0
  7
wqy-unicode
 71
    0
210
0
220
0
230
1
100
AcDbText
  0
TEXT
  5
AA1
100
AcDbEntity
  8
TXT
  6
ByLayer
 62
  256
370
   -1
100
AcDbText
 10
28000
 20
12000
 30
0
 40
312.5
  1
客房202
 50
0
 41
1
 51
0
  7
wqy-unicode
 71
    0
210
0
220
0
230
1
100
AcDbText
  0
TEXT
  5
AA2
100
AcDbEntity
  8
TXT
  6
ByLayer
 62
  256
370
   -1
100
AcDbText
 10
28000
 20
11600
 30
0
 40
262.5
  1
标准大床 26㎡
 50
0
 41
1
 51
0
  7
wqy-unicode
 71
    0
210
0
220
0
230
1
100
AcDbText
  0
TEXT
  5
AA3
100
AcDbEntity
  8
TXT
  6
ByLayer
 62
  256
370
   -1
100
AcDbText
 10
32000
 20
12000
 30
0
 40
312.5
  1
客房203
 50
0
 41
1
 51
0
  7
wqy-unicode
 71
    0
210
0
220
0
230
1
100
AcDbText
  0
TEXT
  5
AA4
100
AcDbEntity
  8
TXT
  6
ByLayer
 62
  256
370
   -1
100
AcDbText
 10
32000
 20
11600
 30
0
 40
262.5
  1
标准大床 26㎡
 50
0
 41
1
 51
0
  7
wqy-unicode
 71
    0
210
0
220
0
230
1
100
AcDbText
  0
TEXT
  5
AA5
100
AcDbEntity
  8
TXT
  6
ByLayer
 62
  256
370
   -1
100
AcDbText
 10
36625
 20
8950
 30
0
 40
312.5
  1
电梯
 50
0
 41
1
 51
0
  7
wqy-unicode
 71
    0
 72
    1
 11
36625
 21
8950
 31
0
210
0
220
0
230
1
100
AcDbText
  0
TEXT
  5
AA6
100
AcDbEntity
  8
TXT
  6
ByLayer
 62
  256
370
   -1
100
AcDbText
 10
36625
 20
8550
 30
0
 40
262.5
  1
2.4×2.4
 50
0
 41
1
 51
0
  7
wqy-unicode
 71
    0
 72
    1
 11
36625
 21
8550
 31
0
210
0
220
0
230
1
100
AcDbText
  0
TEXT
  5
AA7
100
AcDbEntity
  8
TXT
  6
ByLayer
 62
  256
370
   -1
100
AcDbText
 10
36500
 20
12000
 30
0
 40
312.5
  1
楼梯
 50
0
 41
1
 51
0
  7
wqy-unicode
 71
    0
 72
    1
 11
36500
 21
12000
 31
0
210
0
220
0
230
1
100
AcDbText
  0
TEXT
  5
AA8
100
AcDbEntity
  8
TXT
  6
ByLayer
 62
  256
370
   -1
100
AcDbText
 10
35550
 20
10200
 30
0
 40
262.5
  1
上/下
 50
0
 41
1
 51
0
  7
wqy-unicode
 71
    0
210
0
220
0
230
1
100
AcDbText
  0
TEXT
  5
AA9
100
AcDbEntity
  8
TXT
  6
ByLayer
 62
  256
370
   -1
100
AcDbText
 10
34675
 20
11500
 30
0
 40
262.5
  1
走道 1.2m
 50
-90
 41
1
 51
0
  7
wqy-unicode
 71
    0
 72
    1
 11
34675
 21
11500
 31
0
210
0
220
0
230
1
100
AcDbText
  0
TEXT
  5
AAA
100
AcDbEntity
  8
TXT
  6
ByLayer
 62
  256
370
   -1
100
AcDbText
 10
35250
 20
7050
 30
0
 40
262.5
  1
电梯厅
 50
0
 41
1
 51
0
  7
wqy-unicode
 71
    0
 72
    1
 11
35250
 21
7050
 31
0
210
0
220
0
230
1
100
AcDbText
  0
TEXT
  5
AAB
100
AcDbEntity
  8
TXT
  6
ByLayer
 62
  256
370
   -1
100
AcDbText
 10
38175
 20
6975
 30
0
 40
262.5
  1
▤ 管井·电/水
 50
0
 41
1
 51
0
  7
wqy-unicode
 71
    0
210
0
220
0
230
1
100
AcDbText
  0
TEXT
  5
AAC
100
AcDbEntity
  8
TXT
  6
ByLayer
 62
  256
370
   -1
100
AcDbText
 10
29000
 20
7425
 30
0
 40
262.5
  1
走廊 1.8m · 两端采光
 50
0
 41
1
 51
0
  7
wqy-unicode
 71
    0
 72
    1
 11
29000
 21
7425
 31
0
210
0
220
0
230
1
100
AcDbText
  0
TEXT
  5
AAD
100
AcDbEntity
  8
TXT
  6
ByLayer
 62
  256
370
   -1
100
AcDbText
 10
36050
 20
18650
 30
0
 40
312.5
  1
客房208
 50
0
 41
1
 51
0
  7
wqy-unicode
 71
    0
 72
    1
 11
36050
 21
18650
 31
0
210
0
220
0
230
1
100
AcDbText
  0
TEXT
  5
AAE
100
AcDbEntity
  8
TXT
  6
ByLayer
 62
  256
370
   -1
100
AcDbText
 10
36050
 20
18250
 30
0
 40
262.5
  1
加建 · 标准大床 20㎡
 50
0
 41
1
 51
0
  7
wqy-unicode
 71
    0
 72
    1
 11
36050
 21
18250
 31
0
210
0
220
0
230
1
100
AcDbText
  0
TEXT
  5
AAF
100
AcDbEntity
  8
TXT
  6
ByLayer
 62
  256
370
   -1
100
AcDbText
 10
28750
 20
-850
 30
0
 40
262.5
  1
半开放阳台 · 挑1.5m
 50
0
 41
1
 51
0
  7
wqy-unicode
 71
    0
 72
    1
 11
28750
 21
-850
 31
0
210
0
220
0
230
1
100
AcDbText
  0
TEXT
  5
AB0
100
AcDbEntity
  8
TXT
  6
ByLayer
 62
  256
370
   -1
100
AcDbText
 10
28000
 20
15600
 30
0
 40
262.5
  1
半开放阳台 · 挑1.5m
 50
0
 41
1
 51
0
  7
wqy-unicode
 71
    0
 72
    1
 11
28000
 21
15600
 31
0
210
0
220
0
230
1
100
AcDbText
  0
TEXT
  5
AB1
100
AcDbEntity
  8
TXT
  6
ByLayer
 62
  256
370
   -1
100
AcDbText
 10
21400
 20
2125
 30
0
 40
262.5
  1
西阳台·绕角接前阳台
 50
90
 41
1
 51
0
  7
wqy-unicode
 71
    0
 72
    1
 11
21400
 21
2125
 31
0
210
0
220
0
230
1
100
AcDbText
  0
TEXT
  5
AB2
100
AcDbEntity
  8
TXT
  6
ByLayer
 62
  256
370
   -1
100
AcDbText
 10
35450
 20
-1675
 30
0
 40
262.5
  1
▨ 空调外机位·百叶（各房阳台角，冷凝水接立管）
 50
0
 41
1
 51
0
  7
wqy-unicode
 71
    0
210
0
220
0
230
1
100
AcDbText
  0
TEXT
  5
AB3
100
AcDbEntity
  8
DIM
  6
ByLayer
 62
  256
370
   -1
100
AcDbText
 10
38700
 20
17450
 30
0
 40
262.5
  1
5000 加建
 50
90
 41
1
 51
0
  7
wqy-unicode
 71
    0
 72
    1
 11
38700
 21
17450
 31
0
210
0
220
0
230
1
100
AcDbText
  0
TEXT
  5
AB4
100
AcDbEntity
  8
DIM
  6
ByLayer
 62
  256
370
   -1
100
AcDbText
 10
36000
 20
20700
 30
0
 40
262.5
  1
4000
 50
0
 41
1
 51
0
  7
wqy-unicode
 71
    0
 72
    1
 11
36000
 21
20700
 31
0
210
0
220
0
230
1
100
AcDbText
  0
TEXT
  5
AB5
100
AcDbEntity
  8
DIM
  6
ByLayer
 62
  256
370
   -1
100
AcDbText
 10
24000
 20
-2625
 30
0
 40
262.5
  1
4000
 50
0
 41
1
 51
0
  7
wqy-unicode
 71
    0
 72
    1
 11
24000
 21
-2625
 31
0
210
0
220
0
230
1
100
AcDbText
  0
TEXT
  5
AB6
100
AcDbEntity
  8
DIM
  6
ByLayer
 62
  256
370
   -1
100
AcDbText
 10
28000
 20
-2625
 30
0
 40
262.5
  1
4000
 50
0
 41
1
 51
0
  7
wqy-unicode
 71
    0
 72
    1
 11
28000
 21
-2625
 31
0
210
0
220
0
230
1
100
AcDbText
  0
TEXT
  5
AB7
100
AcDbEntity
  8
DIM
  6
ByLayer
 62
  256
370
   -1
100
AcDbText
 10
32000
 20
-2625
 30
0
 40
262.5
  1
4000
 50
0
 41
1
 51
0
  7
wqy-unicode
 71
    0
 72
    1
 11
32000
 21
-2625
 31
0
210
0
220
0
230
1
100
AcDbText
  0
TEXT
  5
AB8
100
AcDbEntity
  8
DIM
  6
ByLayer
 62
  256
370
   -1
100
AcDbText
 10
36000
 20
-2625
 30
0
 40
262.5
  1
4000
 50
0
 41
1
 51
0
  7
wqy-unicode
 71
    0
 72
    1
 11
36000
 21
-2625
 31
0
210
0
220
0
230
1
100
AcDbText
  0
TEXT
  5
AB9
100
AcDbEntity
  8
DIM
  6
ByLayer
 62
  256
370
   -1
100
AcDbText
 10
30000
 20
-3600
 30
0
 40
262.5
  1
16000（临街面）
 50
0
 41
1
 51
0
  7
wqy-unicode
 71
    0
 72
    1
 11
30000
 21
-3600
 31
0
210
0
220
0
230
1
100
AcDbText
  0
TEXT
  5
ABA
100
AcDbEntity
  8
DIM
  6
ByLayer
 62
  256
370
   -1
100
AcDbText
 10
20100
 20
12500
 30
0
 40
262.5
  1
5000
 50
90
 41
1
 51
0
  7
wqy-unicode
 71
    0
 72
    1
 11
20100
 21
12500
 31
0
210
0
220
0
230
1
100
AcDbText
  0
TEXT
  5
ABB
100
AcDbEntity
  8
DIM
  6
ByLayer
 62
  256
370
   -1
100
AcDbText
 10
20100
 20
7500
 30
0
 40
262.5
  1
5000
 50
90
 41
1
 51
0
  7
wqy-unicode
 71
    0
 72
    1
 11
20100
 21
7500
 31
0
210
0
220
0
230
1
100
AcDbText
  0
TEXT
  5
ABC
100
AcDbEntity
  8
DIM
  6
ByLayer
 62
  256
370
   -1
100
AcDbText
 10
20100
 20
2500
 30
0
 40
262.5
  1
5000
 50
90
 41
1
 51
0
  7
wqy-unicode
 71
    0
 72
    1
 11
20100
 21
2500
 31
0
210
0
220
0
230
1
100
AcDbText
  0
TEXT
  5
ABD
100
AcDbEntity
  8
DIM
  6
ByLayer
 62
  256
370
   -1
100
AcDbText
 10
19700
 20
7500
 30
0
 40
262.5
  1
15000
 50
90
 41
1
 51
0
  7
wqy-unicode
 71
    0
 72
    1
 11
19700
 21
7500
 31
0
210
0
220
0
230
1
100
AcDbText
  0
TEXT
  5
ABE
100
AcDbEntity
  8
TXT
  6
ByLayer
 62
  256
370
   -1
100
AcDbText
 10
49750
 20
2950
 30
0
 40
312.5
  1
客厅（临街）
 50
0
 41
1
 51
0
  7
wqy-unicode
 71
    0
 72
    1
 11
49750
 21
2950
 31
0
210
0
220
0
230
1
100
AcDbText
  0
TEXT
  5
ABF
100
AcDbEntity
  8
TXT
  6
ByLayer
 62
  256
370
   -1
100
AcDbText
 10
49750
 20
2550
 30
0
 40
262.5
  1
整面落地移门 · 通前挑阳台
 50
0
 41
1
 51
0
  7
wqy-unicode
 71
    0
 72
    1
 11
49750
 21
2550
 31
0
210
0
220
0
230
1
100
AcDbText
  0
TEXT
  5
AC0
100
AcDbEntity
  8
TXT
  6
ByLayer
 62
  256
370
   -1
100
AcDbText
 10
51250
 20
8250
 30
0
 40
312.5
  1
餐厨 · 餐厅（开放）
 50
0
 41
1
 51
0
  7
wqy-unicode
 71
    0
 72
    1
 11
51250
 21
8250
 31
0
210
0
220
0
230
1
100
AcDbText
  0
TEXT
  5
AC1
100
AcDbEntity
  8
TXT
  6
ByLayer
 62
  256
370
   -1
100
AcDbText
 10
54250
 20
6750
 30
0
 40
262.5
  1
开放厨房·岛台
 50
0
 41
1
 51
0
  7
wqy-unicode
 71
    0
 72
    1
 11
54250
 21
6750
 31
0
210
0
220
0
230
1
100
AcDbText
  0
TEXT
  5
AC2
100
AcDbEntity
  8
TXT
  6
ByLayer
 62
  256
370
   -1
100
AcDbText
 10
50250
 20
6150
 30
0
 40
262.5
  1
餐厅
 50
0
 41
1
 51
0
  7
wqy-unicode
 71
    0
 72
    1
 11
50250
 21
6150
 31
0
210
0
220
0
230
1
100
AcDbText
  0
TEXT
  5
AC3
100
AcDbEntity
  8
TXT
  6
ByLayer
 62
  256
370
   -1
100
AcDbText
 10
54250
 20
12000
 30
0
 40
312.5
  1
次卧一
 50
0
 41
1
 51
0
  7
wqy-unicode
 71
    0
 72
    1
 11
54250
 21
12000
 31
0
210
0
220
0
230
1
100
AcDbText
  0
TEXT
  5
AC4
100
AcDbEntity
  8
TXT
  6
ByLayer
 62
  256
370
   -1
100
AcDbText
 10
54250
 20
11600
 30
0
 40
262.5
  1
15 ㎡
 50
0
 41
1
 51
0
  7
wqy-unicode
 71
    0
 72
    1
 11
54250
 21
11600
 31
0
210
0
220
0
230
1
100
AcDbText
  0
TEXT
  5
AC5
100
AcDbEntity
  8
TXT
  6
ByLayer
 62
  256
370
   -1
100
AcDbText
 10
50250
 20
12000
 30
0
 40
312.5
  1
次卧二/书房
 50
0
 41
1
 51
0
  7
wqy-unicode
 71
    0
 72
    1
 11
50250
 21
12000
 31
0
210
0
220
0
230
1
100
AcDbText
  0
TEXT
  5
AC6
100
AcDbEntity
  8
TXT
  6
ByLayer
 62
  256
370
   -1
100
AcDbText
 10
50250
 20
11600
 30
0
 40
262.5
  1
13 ㎡
 50
0
 41
1
 51
0
  7
wqy-unicode
 71
    0
 72
    1
 11
50250
 21
11600
 31
0
210
0
220
0
230
1
100
AcDbText
  0
TEXT
  5
AC7
100
AcDbEntity
  8
TXT
  6
ByLayer
 62
  256
370
   -1
100
AcDbText
 10
45500
 20
11050
 30
0
 40
312.5
  1
主卧套房
 50
0
 41
1
 51
0
  7
wqy-unicode
 71
    0
 72
    1
 11
45500
 21
11050
 31
0
210
0
220
0
230
1
100
AcDbText
  0
TEXT
  5
AC8
100
AcDbEntity
  8
TXT
  6
ByLayer
 62
  256
370
   -1
100
AcDbText
 10
45500
 20
10650
 30
0
 40
262.5
  1
衣帽+主卫 · 26㎡
 50
0
 41
1
 51
0
  7
wqy-unicode
 71
    0
 72
    1
 11
45500
 21
10650
 31
0
210
0
220
0
230
1
100
AcDbText
  0
TEXT
  5
AC9
100
AcDbEntity
  8
TXT
  6
ByLayer
 62
  256
370
   -1
100
AcDbText
 10
47175
 20
13950
 30
0
 40
262.5
  1
衣帽
 50
0
 41
1
 51
0
  7
wqy-unicode
 71
    0
 72
    1
 11
47175
 21
13950
 31
0
210
0
220
0
230
1
100
AcDbText
  0
TEXT
  5
ACA
100
AcDbEntity
  8
TXT
  6
ByLayer
 62
  256
370
   -1
100
AcDbText
 10
45250
 20
12875
 30
0
 40
262.5
  1
主卫
 50
0
 41
1
 51
0
  7
wqy-unicode
 71
    0
 72
    1
 11
45250
 21
12875
 31
0
210
0
220
0
230
1
100
AcDbText
  0
TEXT
  5
ACB
100
AcDbEntity
  8
TXT
  6
ByLayer
 62
  256
370
   -1
100
AcDbText
 10
55050
 20
8550
 30
0
 40
262.5
  1
公卫
 50
0
 41
1
 51
0
  7
wqy-unicode
 71
    0
 72
    1
 11
55050
 21
8550
 31
0
210
0
220
0
230
1
100
AcDbText
  0
TEXT
  5
ACC
100
AcDbEntity
  8
TXT
  6
ByLayer
 62
  256
370
   -1
100
AcDbText
 10
58625
 20
9200
 30
0
 40
312.5
  1
电梯
 50
0
 41
1
 51
0
  7
wqy-unicode
 71
    0
 72
    1
 11
58625
 21
9200
 31
0
210
0
220
0
230
1
100
AcDbText
  0
TEXT
  5
ACD
100
AcDbEntity
  8
TXT
  6
ByLayer
 62
  256
370
   -1
100
AcDbText
 10
58625
 20
8800
 30
0
 40
262.5
  1
2.4×2.4 · 梯控入户
 50
0
 41
1
 51
0
  7
wqy-unicode
 71
    0
 72
    1
 11
58625
 21
8800
 31
0
210
0
220
0
230
1
100
AcDbText
  0
TEXT
  5
ACE
100
AcDbEntity
  8
TXT
  6
ByLayer
 62
  256
370
   -1
100
AcDbText
 10
58500
 20
12000
 30
0
 40
312.5
  1
楼梯
 50
0
 41
1
 51
0
  7
wqy-unicode
 71
    0
 72
    1
 11
58500
 21
12000
 31
0
210
0
220
0
230
1
100
AcDbText
  0
TEXT
  5
ACF
100
AcDbEntity
  8
TXT
  6
ByLayer
 62
  256
370
   -1
100
AcDbText
 10
57950
 20
10500
 30
0
 40
262.5
  1
下/上屋面
 50
0
 41
1
 51
0
  7
wqy-unicode
 71
    0
210
0
220
0
230
1
100
AcDbText
  0
TEXT
  5
AD0
100
AcDbEntity
  8
TXT
  6
ByLayer
 62
  256
370
   -1
100
AcDbText
 10
56675
 20
11500
 30
0
 40
262.5
  1
走道 1.2m
 50
-90
 41
1
 51
0
  7
wqy-unicode
 71
    0
 72
    1
 11
56675
 21
11500
 31
0
210
0
220
0
230
1
100
AcDbText
  0
TEXT
  5
AD1
100
AcDbEntity
  8
TXT
  6
ByLayer
 62
  256
370
   -1
100
AcDbText
 10
57250
 20
3900
 30
0
 40
262.5
  1
入户门厅
 50
0
 41
1
 51
0
  7
wqy-unicode
 71
    0
 72
    1
 11
57250
 21
3900
 31
0
210
0
220
0
230
1
100
AcDbText
  0
TEXT
  5
AD2
100
AcDbEntity
  8
TXT
  6
ByLayer
 62
  256
370
   -1
100
AcDbText
 10
60175
 20
6975
 30
0
 40
262.5
  1
▤ 管井·电/水
 50
0
 41
1
 51
0
  7
wqy-unicode
 71
    0
210
0
220
0
230
1
100
AcDbText
  0
TEXT
  5
AD3
100
AcDbEntity
  8
TXT
  6
ByLayer
 62
  256
370
   -1
100
AcDbText
 10
58050
 20
18450
 30
0
 40
312.5
  1
家政储藏
 50
0
 41
1
 51
0
  7
wqy-unicode
 71
    0
 72
    1
 11
58050
 21
18450
 31
0
210
0
220
0
230
1
100
AcDbText
  0
TEXT
  5
AD4
100
AcDbEntity
  8
TXT
  6
ByLayer
 62
  256
370
   -1
100
AcDbText
 10
58050
 20
18050
 30
0
 40
262.5
  1
洗衣 · 储物 · 20㎡
 50
0
 41
1
 51
0
  7
wqy-unicode
 71
    0
 72
    1
 11
58050
 21
18050
 31
0
210
0
220
0
230
1
100
AcDbText
  0
TEXT
  5
AD5
100
AcDbEntity
  8
TXT
  6
ByLayer
 62
  256
370
   -1
100
AcDbText
 10
49750
 20
-850
 30
0
 40
262.5
  1
前挑半开放阳台 · 挑1.5m
 50
0
 41
1
 51
0
  7
wqy-unicode
 71
    0
 72
    1
 11
49750
 21
-850
 31
0
210
0
220
0
230
1
100
AcDbText
  0
TEXT
  5
AD6
100
AcDbEntity
  8
TXT
  6
ByLayer
 62
  256
370
   -1
100
AcDbText
 10
52250
 20
15600
 30
0
 40
262.5
  1
后挑半开放阳台 · 挑1.5m
 50
0
 41
1
 51
0
  7
wqy-unicode
 71
    0
 72
    1
 11
52250
 21
15600
 31
0
210
0
220
0
230
1
100
AcDbText
  0
TEXT
  5
AD7
100
AcDbEntity
  8
TXT
  6
ByLayer
 62
  256
370
   -1
100
AcDbText
 10
43400
 20
2125
 30
0
 40
262.5
  1
西阳台·绕角接前阳台
 50
90
 41
1
 51
0
  7
wqy-unicode
 71
    0
 72
    1
 11
43400
 21
2125
 31
0
210
0
220
0
230
1
100
AcDbText
  0
TEXT
  5
AD8
100
AcDbEntity
  8
TXT
  6
ByLayer
 62
  256
370
   -1
100
AcDbText
 10
52750
 20
14000
 30
0
 40
262.5
  1
▨ 空调机位（卧室背立面）· 外机亦可集中上主屋面
 50
0
 41
1
 51
0
  7
wqy-unicode
 71
    0
 72
    1
 11
52750
 21
14000
 31
0
210
0
220
0
230
1
100
AcDbText
  0
TEXT
  5
AD9
100
AcDbEntity
  8
DIM
  6
ByLayer
 62
  256
370
   -1
100
AcDbText
 10
60700
 20
17450
 30
0
 40
262.5
  1
5000 加建
 50
90
 41
1
 51
0
  7
wqy-unicode
 71
    0
 72
    1
 11
60700
 21
17450
 31
0
210
0
220
0
230
1
100
AcDbText
  0
TEXT
  5
ADA
100
AcDbEntity
  8
DIM
  6
ByLayer
 62
  256
370
   -1
100
AcDbText
 10
58000
 20
20700
 30
0
 40
262.5
  1
4000
 50
0
 41
1
 51
0
  7
wqy-unicode
 71
    0
 72
    1
 11
58000
 21
20700
 31
0
210
0
220
0
230
1
100
AcDbText
  0
TEXT
  5
ADB
100
AcDbEntity
  8
DIM
  6
ByLayer
 62
  256
370
   -1
100
AcDbText
 10
46000
 20
-2625
 30
0
 40
262.5
  1
4000
 50
0
 41
1
 51
0
  7
wqy-unicode
 71
    0
 72
    1
 11
46000
 21
-2625
 31
0
210
0
220
0
230
1
100
AcDbText
  0
TEXT
  5
ADC
100
AcDbEntity
  8
DIM
  6
ByLayer
 62
  256
370
   -1
100
AcDbText
 10
50000
 20
-2625
 30
0
 40
262.5
  1
4000
 50
0
 41
1
 51
0
  7
wqy-unicode
 71
    0
 72
    1
 11
50000
 21
-2625
 31
0
210
0
220
0
230
1
100
AcDbText
  0
TEXT
  5
ADD
100
AcDbEntity
  8
DIM
  6
ByLayer
 62
  256
370
   -1
100
AcDbText
 10
54000
 20
-2625
 30
0
 40
262.5
  1
4000
 50
0
 41
1
 51
0
  7
wqy-unicode
 71
    0
 72
    1
 11
54000
 21
-2625
 31
0
210
0
220
0
230
1
100
AcDbText
  0
TEXT
  5
ADE
100
AcDbEntity
  8
DIM
  6
ByLayer
 62
  256
370
   -1
100
AcDbText
 10
58000
 20
-2625
 30
0
 40
262.5
  1
4000
 50
0
 41
1
 51
0
  7
wqy-unicode
 71
    0
 72
    1
 11
58000
 21
-2625
 31
0
210
0
220
0
230
1
100
AcDbText
  0
TEXT
  5
ADF
100
AcDbEntity
  8
DIM
  6
ByLayer
 62
  256
370
   -1
100
AcDbText
 10
52000
 20
-3600
 30
0
 40
262.5
  1
16000（临街面）
 50
0
 41
1
 51
0
  7
wqy-unicode
 71
    0
 72
    1
 11
52000
 21
-3600
 31
0
210
0
220
0
230
1
100
AcDbText
  0
TEXT
  5
AE0
100
AcDbEntity
  8
DIM
  6
ByLayer
 62
  256
370
   -1
100
AcDbText
 10
42100
 20
12500
 30
0
 40
262.5
  1
5000 卧室
 50
90
 41
1
 51
0
  7
wqy-unicode
 71
    0
 72
    1
 11
42100
 21
12500
 31
0
210
0
220
0
230
1
100
AcDbText
  0
TEXT
  5
AE1
100
AcDbEntity
  8
DIM
  6
ByLayer
 62
  256
370
   -1
100
AcDbText
 10
42100
 20
7500
 30
0
 40
262.5
  1
5000 餐厨
 50
90
 41
1
 51
0
  7
wqy-unicode
 71
    0
 72
    1
 11
42100
 21
7500
 31
0
210
0
220
0
230
1
100
AcDbText
  0
TEXT
  5
AE2
100
AcDbEntity
  8
DIM
  6
ByLayer
 62
  256
370
   -1
100
AcDbText
 10
42100
 20
2500
 30
0
 40
262.5
  1
5000 客厅
 50
90
 41
1
 51
0
  7
wqy-unicode
 71
    0
 72
    1
 11
42100
 21
2500
 31
0
210
0
220
0
230
1
100
AcDbText
  0
TEXT
  5
AE3
100
AcDbEntity
  8
DIM
  6
ByLayer
 62
  256
370
   -1
100
AcDbText
 10
41700
 20
7500
 30
0
 40
262.5
  1
15000
 50
90
 41
1
 51
0
  7
wqy-unicode
 71
    0
 72
    1
 11
41700
 21
7500
 31
0
210
0
220
0
230
1
100
AcDbText
  0
TEXT
  5
AE4
100
AcDbEntity
  8
TXT
  6
ByLayer
 62
  256
370
   -1
100
AcDbText
 10
71700
 20
3925
 30
0
 40
275
  1
统 一 店 招 带 · 发 光 字
 50
0
 41
1
 51
0
  7
wqy-unicode
 71
    0
 72
    1
 11
71700
 21
3925
 31
0
210
0
220
0
230
1
100
AcDbText
  0
TEXT
  5
AE5
100
AcDbEntity
  8
TXT
  6
ByLayer
 62
  256
370
   -1
100
AcDbText
 10
77800
 20
2950
 30
0
 40
262.5
  1
民宿入口
 50
0
 41
1
 51
0
  7
wqy-unicode
 71
    0
 72
    1
 11
77800
 21
2950
 31
0
210
0
220
0
230
1
100
AcDbText
  0
TEXT
  5
AE6
100
AcDbEntity
  8
DIM
  6
ByLayer
 62
  256
370
   -1
100
AcDbText
 10
65000
 20
14850
 30
0
 40
262.5
  1
5F前挑1.5m
 50
0
 41
1
 51
0
  7
wqy-unicode
 71
    0
210
0
220
0
230
1
100
AcDbText
  0
TEXT
  5
AE7
100
AcDbEntity
  8
DIM
  6
ByLayer
 62
  256
370
   -1
100
AcDbText
 10
65000
 20
11550
 30
0
 40
262.5
  1
4F前挑1.5m
 50
0
 41
1
 51
0
  7
wqy-unicode
 71
    0
210
0
220
0
230
1
100
AcDbText
  0
TEXT
  5
AE8
100
AcDbEntity
  8
DIM
  6
ByLayer
 62
  256
370
   -1
100
AcDbText
 10
65000
 20
8250
 30
0
 40
262.5
  1
3F前挑1.5m
 50
0
 41
1
 51
0
  7
wqy-unicode
 71
    0
210
0
220
0
230
1
100
AcDbText
  0
TEXT
  5
AE9
100
AcDbEntity
  8
DIM
  6
ByLayer
 62
  256
370
   -1
100
AcDbText
 10
65000
 20
5900
 30
0
 40
262.5
  1
2F不挑
 50
0
 41
1
 51
0
  7
wqy-unicode
 71
    0
210
0
220
0
230
1
100
AcDbText
  0
TEXT
  5
AEA
100
AcDbEntity
  8
DIM
  6
ByLayer
 62
  256
370
   -1
100
AcDbText
 10
82950
 20
-100
 30
0
 40
262.5
  1
%%P0.000
 50
0
 41
1
 51
0
  7
wqy-unicode
 71
    0
210
0
220
0
230
1
100
AcDbText
  0
TEXT
  5
AEB
100
AcDbEntity
  8
DIM
  6
ByLayer
 62
  256
370
   -1
100
AcDbText
 10
82950
 20
4400
 30
0
 40
262.5
  1
+4.500
 50
0
 41
1
 51
0
  7
wqy-unicode
 71
    0
210
0
220
0
230
1
100
AcDbText
  0
TEXT
  5
AEC
100
AcDbEntity
  8
DIM
  6
ByLayer
 62
  256
370
   -1
100
AcDbText
 10
82950
 20
7700
 30
0
 40
262.5
  1
+7.800
 50
0
 41
1
 51
0
  7
wqy-unicode
 71
    0
210
0
220
0
230
1
100
AcDbText
  0
TEXT
  5
AED
100
AcDbEntity
  8
DIM
  6
ByLayer
 62
  256
370
   -1
100
AcDbText
 10
82950
 20
11000
 30
0
 40
262.5
  1
+11.100
 50
0
 41
1
 51
0
  7
wqy-unicode
 71
    0
210
0
220
0
230
1
100
AcDbText
  0
TEXT
  5
AEE
100
AcDbEntity
  8
DIM
  6
ByLayer
 62
  256
370
   -1
100
AcDbText
 10
82950
 20
14300
 30
0
 40
262.5
  1
+14.400
 50
0
 41
1
 51
0
  7
wqy-unicode
 71
    0
210
0
220
0
230
1
100
AcDbText
  0
TEXT
  5
AEF
100
AcDbEntity
  8
DIM
  6
ByLayer
 62
  256
370
   -1
100
AcDbText
 10
82950
 20
17600
 30
0
 40
262.5
  1
+17.700
 50
0
 41
1
 51
0
  7
wqy-unicode
 71
    0
210
0
220
0
230
1
100
AcDbText
  0
TEXT
  5
AF0
100
AcDbEntity
  8
DIM
  6
ByLayer
 62
  256
370
   -1
100
AcDbText
 10
69750
 20
9600
 30
0
 40
262.5
  1
1
 50
0
 41
1
 51
0
  7
wqy-unicode
 71
    0
 72
    1
 11
69750
 21
9600
 31
0
210
0
220
0
230
1
100
AcDbText
  0
TEXT
  5
AF1
100
AcDbEntity
  8
DIM
  6
ByLayer
 62
  256
370
   -1
100
AcDbText
 10
79650
 20
8400
 30
0
 40
262.5
  1
2
 50
0
 41
1
 51
0
  7
wqy-unicode
 71
    0
 72
    1
 11
79650
 21
8400
 31
0
210
0
220
0
230
1
100
AcDbText
  0
TEXT
  5
AF2
100
AcDbEntity
  8
DIM
  6
ByLayer
 62
  256
370
   -1
100
AcDbText
 10
75400
 20
6400
 30
0
 40
262.5
  1
3
 50
0
 41
1
 51
0
  7
wqy-unicode
 71
    0
 72
    1
 11
75400
 21
6400
 31
0
210
0
220
0
230
1
100
AcDbText
  0
TEXT
  5
AF3
100
AcDbEntity
  8
DIM
  6
ByLayer
 62
  256
370
   -1
100
AcDbText
 10
73750
 20
11550
 30
0
 40
262.5
  1
4
 50
0
 41
1
 51
0
  7
wqy-unicode
 71
    0
 72
    1
 11
73750
 21
11550
 31
0
210
0
220
0
230
1
100
AcDbText
  0
TEXT
  5
AF4
100
AcDbEntity
  8
DIM
  6
ByLayer
 62
  256
370
   -1
100
AcDbText
 10
76750
 20
3950
 30
0
 40
262.5
  1
5
 50
0
 41
1
 51
0
  7
wqy-unicode
 71
    0
 72
    1
 11
76750
 21
3950
 31
0
210
0
220
0
230
1
100
AcDbText
  0
TEXT
  5
AF5
100
AcDbEntity
  8
DIM
  6
ByLayer
 62
  256
370
   -1
100
AcDbText
 10
69750
 20
1650
 30
0
 40
262.5
  1
6
 50
0
 41
1
 51
0
  7
wqy-unicode
 71
    0
 72
    1
 11
69750
 21
1650
 31
0
210
0
220
0
230
1
100
AcDbText
  0
TEXT
  5
AF6
100
AcDbEntity
  8
DIM
  6
ByLayer
 62
  256
370
   -1
100
AcDbText
 10
71000
 20
11000
 30
0
 40
262.5
  1
7
 50
0
 41
1
 51
0
  7
wqy-unicode
 71
    0
 72
    1
 11
71000
 21
11000
 31
0
210
0
220
0
230
1
100
AcDbText
  0
TEXT
  5
AF7
100
AcDbEntity
  8
DIM
  6
ByLayer
 62
  256
370
   -1
100
AcDbText
 10
74000
 20
-1150
 30
0
 40
262.5
  1
16000
 50
0
 41
1
 51
0
  7
wqy-unicode
 71
    0
 72
    1
 11
74000
 21
-1150
 31
0
210
0
220
0
230
1
100
AcDbText
  0
TEXT
  5
AF8
100
AcDbEntity
  8
TXT
  6
ByLayer
 62
  256
370
   -1
100
AcDbText
 10
74000
 20
-1800
 30
0
 40
700
  1
A-04 临街立面图（五层） 1:100
 50
0
 41
1
 51
0
  7
wqy-unicode
 71
    0
 72
    1
 11
74000
 21
-1800
 31
0
210
0
220
0
230
1
100
AcDbText
  0
TEXT
  5
AF9
100
AcDbEntity
  8
TXT
  6
ByLayer
 62
  256
370
   -1
100
AcDbText
 10
0
 20
16800
 30
0
 40
800
  1
16m×15m 临街商住一体自建房 · 概念方案 · 单位:mm · 比例1:1模型空间
 50
0
 41
1
 51
0
  7
wqy-unicode
 71
    0
210
0
220
0
230
1
100
AcDbText
  0
TEXT
  5
AFA
100
AcDbEntity
  8
TXT
  6
ByLayer
 62
  256
370
   -1
100
AcDbText
 10
30964.39163874425
 20
1631.084186602269
 30
0
 40
262.5
  1
标准大床 26㎡
 50
0
 41
1
 51
0
  7
wqy-unicode
 71
    0
210
0
220
0
230
1
100
AcDbText
  0
TEXT
  5
AFB
100
AcDbEntity
  8
TXT
  6
ByLayer
 62
  256
370
   -1
100
AcDbText
 10
26943.85022726232
 20
1651.995522327939
 30
0
 40
262.5
  1
标准大床 26㎡
 50
0
 41
1
 51
0
  7
wqy-unicode
 71
    0
210
0
220
0
230
1
100
AcDbText
  0
TEXT
  5
AFC
100
AcDbEntity
  8
TXT
  6
ByLayer
 62
  256
370
   -1
100
AcDbText
 10
34743.77845293727
 20
1526.527507973919
 30
0
 40
262.5
  1
标准大床 26㎡
 50
0
 41
1
 51
0
  7
wqy-unicode
 71
    0
210
0
220
0
230
1
100
AcDbText
  0
TEXT
  5
AFD
100
AcDbEntity
  8
TXT
  6
ByLayer
 62
  256
370
   -1
100
AcDbText
 10
22976.26139153826
 20
1505.616172248248
 30
0
 40
262.5
  1
标准大床 26㎡
 50
0
 41
1
 51
0
  7
wqy-unicode
 71
    0
210
0
220
0
230
1
100
AcDbText
  0
TEXT
  5
AFE
100
AcDbEntity
  8
TXT
  6
ByLayer
 62
  256
370
   -1
100
AcDbText
 10
37182.38680223536
 20
13199.30316409723
 30
0
 40
262.5
  1
双跑 20级 · 踏步280×165 · 梯段净宽~1050
 50
0
 41
1
 51
0
  7
wqy-unicode
 71
    0
 72
    1
 11
37182.38680223536
 21
13199.30316409723
 31
0
210
0
220
0
230
1
100
AcDbText
  0
TEXT
  5
AFF
100
AcDbEntity
  8
TXT
  6
ByLayer
 62
  256
370
   -1
100
AcDbText
 10
30365.4581837945
 20
-4612.580611696864
 30
0
 40
700
  1
A-02 二层平面图（三层同） 1:100
 50
0
 41
1
 51
0
  7
wqy-unicode
 71
    0
 72
    1
 11
30365.4581837945
 21
-4612.580611696864
 31
0
210
0
220
0
230
1
100
AcDbText
  0
TEXT
  5
B00
100
AcDbEntity
  8
TXT
  6
ByLayer
 62
  256
370
   -1
100
AcDbText
 10
8044.72655515344
 20
-3719.191485572846
 30
0
 40
700
  1
A-01 一层平面图 1:100
 50
0
 41
1
 51
0
  7
wqy-unicode
 71
    0
 72
    1
 11
8044.72655515344
 21
-3719.191485572846
 31
0
210
0
220
0
230
1
100
AcDbText
  0
TEXT
  5
B01
100
AcDbEntity
  8
TXT
  6
ByLayer
 62
  256
370
   -1
100
AcDbText
 10
51345.96447816694
 20
-4641.305077037187
 30
0
 40
700
  1
A-03 四/五层平面图（同型） 1:100
 50
0
 41
1
 51
0
  7
wqy-unicode
 71
    0
 72
    1
 11
51345.96447816694
 21
-4641.305077037187
 31
0
210
0
220
0
230
1
100
AcDbText
  0
ENDSEC
  0
SECTION
  2
OBJECTS
  0
DICTIONARY
  5
C
330
0
100
AcDbDictionary
281
    1
  3
ACAD_GROUP
350
D
  0
DICTIONARY
  5
D
330
C
100
AcDbDictionary
281
    1
  0
PLOTSETTINGS
  5
B02
100
AcDbPlotSettings
  6
1x1
 40
0
 41
0
 42
0
 43
0
  0
ENDSEC
  0
EOF
