0
SECTION
2
HEADER
9
$ACADVER
1
AC1009
0
ENDSEC
0
SECTION
2
TABLES
0
TABLE
2
VPORT
70
1
0
VPORT
2
*ACTIVE
70
0
10
0.0
20
0.0
11
1.0
21
1.0
12
41000.0
22
8000.0
13
0.0
23
0.0
14
10.0
24
10.0
15
10.0
25
10.0
16
0.0
26
0.0
36
1.0
17
0.0
27
0.0
37
0.0
40
42000.0
41
2.2
42
50.0
43
0.0
44
0.0
50
0.0
51
0.0
71
0
72
100
73
1
74
3
75
0
76
0
77
0
78
0
0
ENDTAB
0
TABLE
2
LTYPE
70
2
0
LTYPE
2
CONTINUOUS
70
64
3
Solid line
72
65
73
0
40
0
0
LTYPE
2
DASHED
70
64
3
Dashed __ __ __
72
65
73
2
40
250
49
125
49
-125
0
ENDTAB
0
TABLE
2
LAYER
70
10
0
LAYER
2
WALL
70
64
62
7
6
CONTINUOUS
0
LAYER
2
COLUMN
70
64
62
7
6
CONTINUOUS
0
LAYER
2
BEAM
70
64
62
5
6
CONTINUOUS
0
LAYER
2
WINDOW
70
64
62
4
6
CONTINUOUS
0
LAYER
2
DOOR
70
64
62
3
6
CONTINUOUS
0
LAYER
2
HVAC
70
64
62
6
6
CONTINUOUS
0
LAYER
2
FURN
70
64
62
8
6
CONTINUOUS
0
LAYER
2
DECOR
70
64
62
40
6
CONTINUOUS
0
LAYER
2
DIM
70
64
62
1
6
CONTINUOUS
0
LAYER
2
TXT
70
64
62
2
6
CONTINUOUS
0
ENDTAB
0
TABLE
2
STYLE
70
1
0
STYLE
2
wqy-unicode
70
0
40
0
41
1
50
0
71
0
42
2.5
3
simhei.ttf
4

0
ENDTAB
0
ENDSEC
0
SECTION
2
ENTITIES
0
LINE
8
WALL
10
16000
20
0
30
0
11
0
21
0
31
0
0
LINE
8
WALL
10
0
20
0
30
0
11
0
21
15000
31
0
0
LINE
8
WALL
10
0
20
15000
30
0
11
12000
21
15000
31
0
0
LINE
8
WALL
10
12000
20
15000
30
0
11
12000
21
20000
31
0
0
LINE
8
WALL
10
12000
20
20000
30
0
11
16000
21
20000
31
0
0
LINE
8
WALL
10
16000
20
20000
30
0
11
16000
21
0
31
0
0
LINE
8
WALL
10
15750
20
250
30
0
11
250
21
250
31
0
0
LINE
8
WALL
10
250
20
250
30
0
11
250
21
14750
31
0
0
LINE
8
WALL
10
250
20
14750
30
0
11
11750
21
14750
31
0
0
LINE
8
WALL
10
11750
20
14750
30
0
11
11750
21
19750
31
0
0
LINE
8
WALL
10
11750
20
19750
30
0
11
15750
21
19750
31
0
0
LINE
8
WALL
10
15750
20
19750
30
0
11
15750
21
250
31
0
0
LINE
8
WINDOW
10
13362.5
20
9350
30
0
11
13362.5
21
8250
31
0
0
LINE
8
FURN
10
15650
20
9925
30
0
11
13500
21
7725
31
0
0
LINE
8
FURN
10
13500
20
9925
30
0
11
15650
21
7725
31
0
0
LINE
8
DOOR
10
13350
20
10150
30
0
11
14350
21
10150
31
0
0
ARC
8
DOOR
10
14350
20
11150
30
0
40
1000
50
180
51
270
0
LINE
8
FURN
10
15650
20
15000
30
0
11
13350
21
15000
31
0
0
LINE
8
FURN
10
15650
20
14675
30
0
11
14550
21
14675
31
0
0
LINE
8
FURN
10
14450
20
14675
30
0
11
13350
21
14675
31
0
0
LINE
8
FURN
10
15650
20
14350
30
0
11
14550
21
14350
31
0
0
LINE
8
FURN
10
14450
20
14350
30
0
11
13350
21
14350
31
0
0
LINE
8
FURN
10
15650
20
14025
30
0
11
14550
21
14025
31
0
0
LINE
8
FURN
10
14450
20
14025
30
0
11
13350
21
14025
31
0
0
LINE
8
FURN
10
15650
20
13700
30
0
11
14550
21
13700
31
0
0
LINE
8
FURN
10
14450
20
13700
30
0
11
13350
21
13700
31
0
0
LINE
8
FURN
10
15650
20
13375
30
0
11
14550
21
13375
31
0
0
LINE
8
FURN
10
14450
20
13375
30
0
11
13350
21
13375
31
0
0
LINE
8
FURN
10
15650
20
13050
30
0
11
14550
21
13050
31
0
0
LINE
8
FURN
10
14450
20
13050
30
0
11
13350
21
13050
31
0
0
LINE
8
FURN
10
15650
20
12725
30
0
11
14550
21
12725
31
0
0
LINE
8
FURN
10
14450
20
12725
30
0
11
13350
21
12725
31
0
0
LINE
8
FURN
10
15650
20
12400
30
0
11
14550
21
12400
31
0
0
LINE
8
FURN
10
14450
20
12400
30
0
11
13350
21
12400
31
0
0
LINE
8
FURN
10
15650
20
12075
30
0
11
14550
21
12075
31
0
0
LINE
8
FURN
10
14450
20
12075
30
0
11
13350
21
12075
31
0
0
LINE
8
FURN
10
15650
20
11750
30
0
11
14550
21
11750
31
0
0
LINE
8
FURN
10
14450
20
11750
30
0
11
13350
21
11750
31
0
0
LINE
8
FURN
10
14550
20
14675
30
0
11
14550
21
10375
31
0
0
LINE
8
FURN
10
14450
20
14675
30
0
11
14450
21
10375
31
0
0
LINE
8
FURN
10
15125
20
10625
30
0
11
15125
21
14250
31
0
0
LINE
8
FURN
10
15225
20
14050
30
0
11
15125
21
14250
31
0
0
LINE
8
FURN
10
15125
20
14250
30
0
11
15025
21
14050
31
0
0
LINE
8
FURN
10
15650
20
6650
30
0
11
15150
21
6275
31
0
0
LINE
8
FURN
10
15150
20
6650
30
0
11
15650
21
6275
31
0
0
LINE
8
FURN
10
15650
20
6225
30
0
11
15150
21
5850
31
0
0
LINE
8
FURN
10
15150
20
6225
30
0
11
15650
21
5850
31
0
0
LINE
8
FURN
10
9000
20
18350
30
0
11
12000
21
18350
31
0
0
LINE
8
FURN
10
12000
20
18350
30
0
11
12000
21
16450
31
0
0
LINE
8
FURN
10
12000
20
16450
30
0
11
9000
21
16450
31
0
0
LINE
8
FURN
10
9000
20
16450
30
0
11
9000
21
18350
31
0
0
LINE
8
FURN
10
12000
20
17400
30
0
11
9000
21
17400
31
0
0
LINE
8
FURN
10
11750
20
18350
30
0
11
11750
21
17400
31
0
0
LINE
8
FURN
10
11450
20
18350
30
0
11
11450
21
17400
31
0
0
LINE
8
FURN
10
11150
20
18350
30
0
11
11150
21
17400
31
0
0
LINE
8
FURN
10
10850
20
18350
30
0
11
10850
21
17400
31
0
0
LINE
8
FURN
10
10550
20
18350
30
0
11
10550
21
17400
31
0
0
LINE
8
FURN
10
10250
20
18350
30
0
11
10250
21
17400
31
0
0
LINE
8
FURN
10
9950
20
18350
30
0
11
9950
21
17400
31
0
0
LINE
8
FURN
10
9650
20
18350
30
0
11
9650
21
17400
31
0
0
LINE
8
FURN
10
9350
20
18350
30
0
11
9350
21
17400
31
0
0
LINE
8
FURN
10
11750
20
17400
30
0
11
11750
21
16450
31
0
0
LINE
8
FURN
10
11450
20
17400
30
0
11
11450
21
16450
31
0
0
LINE
8
FURN
10
11150
20
17400
30
0
11
11150
21
16450
31
0
0
LINE
8
FURN
10
10850
20
17400
30
0
11
10850
21
16450
31
0
0
LINE
8
FURN
10
10550
20
17400
30
0
11
10550
21
16450
31
0
0
LINE
8
FURN
10
10250
20
17400
30
0
11
10250
21
16450
31
0
0
LINE
8
FURN
10
9950
20
17400
30
0
11
9950
21
16450
31
0
0
LINE
8
FURN
10
9650
20
17400
30
0
11
9650
21
16450
31
0
0
LINE
8
FURN
10
9350
20
17400
30
0
11
9350
21
16450
31
0
0
LINE
8
FURN
10
10625
20
18000
30
0
11
9125
21
18000
31
0
0
LINE
8
FURN
10
9325
20
18100
30
0
11
9125
21
18000
31
0
0
LINE
8
FURN
10
9125
20
18000
30
0
11
9325
21
17900
31
0
0
LINE
8
FURN
10
11850
20
18350
30
0
11
12000
21
18350
31
0
0
LINE
8
FURN
10
12000
20
18350
30
0
11
12000
21
18200
31
0
0
LINE
8
FURN
10
12000
20
18200
30
0
11
11850
21
18200
31
0
0
LINE
8
FURN
10
11850
20
18200
30
0
11
11850
21
18350
31
0
0
LINE
8
FURN
10
9000
20
18350
30
0
11
9150
21
18350
31
0
0
LINE
8
FURN
10
9150
20
18350
30
0
11
9150
21
18200
31
0
0
LINE
8
FURN
10
9150
20
18200
30
0
11
9000
21
18200
31
0
0
LINE
8
FURN
10
9000
20
18200
30
0
11
9000
21
18350
31
0
0
LINE
8
FURN
10
11850
20
16600
30
0
11
12000
21
16600
31
0
0
LINE
8
FURN
10
12000
20
16600
30
0
11
12000
21
16450
31
0
0
LINE
8
FURN
10
12000
20
16450
30
0
11
11850
21
16450
31
0
0
LINE
8
FURN
10
11850
20
16450
30
0
11
11850
21
16600
31
0
0
LINE
8
FURN
10
9000
20
16600
30
0
11
9150
21
16600
31
0
0
LINE
8
FURN
10
9150
20
16600
30
0
11
9150
21
16450
31
0
0
LINE
8
FURN
10
9150
20
16450
30
0
11
9000
21
16450
31
0
0
LINE
8
FURN
10
9000
20
16450
30
0
11
9000
21
16600
31
0
0
LINE
8
DOOR
10
12200
20
14975
30
0
11
12200
21
15975
31
0
0
LINE
8
FURN
10
14600
20
19500
30
0
11
15600
21
19500
31
0
0
LINE
8
FURN
10
15600
20
19500
30
0
11
15600
21
18500
31
0
0
LINE
8
FURN
10
15600
20
18500
30
0
11
14600
21
18500
31
0
0
LINE
8
FURN
10
14600
20
18500
30
0
11
14600
21
19500
31
0
0
CIRCLE
8
FURN
10
15100
20
19000
30
0
40
300
0
LINE
8
FURN
10
13500
20
19500
30
0
11
14500
21
19500
31
0
0
LINE
8
FURN
10
14500
20
19500
30
0
11
14500
21
18500
31
0
0
LINE
8
FURN
10
14500
20
18500
30
0
11
13500
21
18500
31
0
0
LINE
8
FURN
10
13500
20
18500
30
0
11
13500
21
19500
31
0
0
CIRCLE
8
FURN
10
14000
20
19000
30
0
40
300
0
LINE
8
FURN
10
13250
20
16850
30
0
11
15600
21
16850
31
0
0
LINE
8
FURN
10
15600
20
16850
30
0
11
15600
21
16400
31
0
0
LINE
8
FURN
10
15600
20
16400
30
0
11
13250
21
16400
31
0
0
LINE
8
FURN
10
13250
20
16400
30
0
11
13250
21
16850
31
0
0
LINE
8
FURN
10
15600
20
16625
30
0
11
13250
21
16625
31
0
0
LINE
8
FURN
10
12350
20
19500
30
0
11
13200
21
19500
31
0
0
LINE
8
FURN
10
13200
20
19500
30
0
11
13200
21
17350
31
0
0
LINE
8
FURN
10
13200
20
17350
30
0
11
12350
21
17350
31
0
0
LINE
8
FURN
10
12350
20
17350
30
0
11
12350
21
19500
31
0
0
LINE
8
FURN
10
13200
20
18425
30
0
11
12350
21
18425
31
0
0
LINE
8
DOOR
10
13850
20
19750
30
0
11
13850
21
18750
31
0
0
LINE
8
WINDOW
10
15787.5
20
19250
30
0
11
15962.5
21
19250
31
0
0
LINE
8
WINDOW
10
15962.5
20
19250
30
0
11
15962.5
21
17250
31
0
0
LINE
8
WINDOW
10
15962.5
20
17250
30
0
11
15787.5
21
17250
31
0
0
LINE
8
WINDOW
10
15787.5
20
17250
30
0
11
15787.5
21
19250
31
0
0
LINE
8
WINDOW
10
15875
20
19250
30
0
11
15875
21
17250
31
0
0
LINE
8
DOOR
10
11925
20
3250
30
0
11
11025
21
3250
31
0
0
ARC
8
DOOR
10
11025
20
2350
30
0
40
900
50
0
51
90
0
LINE
8
DOOR
10
9500
20
13100
30
0
11
9500
21
13850
31
0
0
ARC
8
DOOR
10
8750
20
13850
30
0
40
750
50
270
51
0
0
LINE
8
FURN
10
9825
20
14200
30
0
11
9807.9
21
14094.8
31
0
0
LINE
8
FURN
10
9807.9
20
14094.8
30
0
11
9759.1
21
14005.5
31
0
0
LINE
8
FURN
10
9759.1
20
14005.5
30
0
11
9686.1
21
13945.9
31
0
0
LINE
8
FURN
10
9686.1
20
13945.9
30
0
11
9600
21
13925
31
0
0
LINE
8
FURN
10
9600
20
13925
30
0
11
9513.9
21
13945.9
31
0
0
LINE
8
FURN
10
9513.9
20
13945.9
30
0
11
9440.9
21
14005.5
31
0
0
LINE
8
FURN
10
9440.9
20
14005.5
30
0
11
9392.1
21
14094.8
31
0
0
LINE
8
FURN
10
9392.1
20
14094.8
30
0
11
9375
21
14200
31
0
0
LINE
8
FURN
10
9375
20
14200
30
0
11
9392.1
21
14305.2
31
0
0
LINE
8
FURN
10
9392.1
20
14305.2
30
0
11
9440.9
21
14394.5
31
0
0
LINE
8
FURN
10
9440.9
20
14394.5
30
0
11
9513.9
21
14454.1
31
0
0
LINE
8
FURN
10
9513.9
20
14454.1
30
0
11
9600
21
14475
31
0
0
LINE
8
FURN
10
9600
20
14475
30
0
11
9686.1
21
14454.1
31
0
0
LINE
8
FURN
10
9686.1
20
14454.1
30
0
11
9759.1
21
14394.5
31
0
0
LINE
8
FURN
10
9759.1
20
14394.5
30
0
11
9807.9
21
14305.2
31
0
0
LINE
8
FURN
10
9807.9
20
14305.2
30
0
11
9825
21
14200
31
0
0
LINE
8
FURN
10
9375
20
14650
30
0
11
9825
21
14650
31
0
0
LINE
8
FURN
10
9825
20
14650
30
0
11
9825
21
14450
31
0
0
LINE
8
FURN
10
9825
20
14450
30
0
11
9375
21
14450
31
0
0
LINE
8
FURN
10
9375
20
14450
30
0
11
9375
21
14650
31
0
0
LINE
8
FURN
10
8200
20
14600
30
0
11
8950
21
14600
31
0
0
LINE
8
FURN
10
8950
20
14600
30
0
11
8950
21
14200
31
0
0
LINE
8
FURN
10
8950
20
14200
30
0
11
8200
21
14200
31
0
0
LINE
8
FURN
10
8200
20
14200
30
0
11
8200
21
14600
31
0
0
LINE
8
FURN
10
8775
20
14400
30
0
11
8759.8
21
14352.2
31
0
0
LINE
8
FURN
10
8759.8
20
14352.2
30
0
11
8716.4
21
14311.6
31
0
0
LINE
8
FURN
10
8716.4
20
14311.6
30
0
11
8651.5
21
14284.5
31
0
0
LINE
8
FURN
10
8651.5
20
14284.5
30
0
11
8575
21
14275
31
0
0
LINE
8
FURN
10
8575
20
14275
30
0
11
8498.5
21
14284.5
31
0
0
LINE
8
FURN
10
8498.5
20
14284.5
30
0
11
8433.6
21
14311.6
31
0
0
LINE
8
FURN
10
8433.6
20
14311.6
30
0
11
8390.2
21
14352.2
31
0
0
LINE
8
FURN
10
8390.2
20
14352.2
30
0
11
8375
21
14400
31
0
0
LINE
8
FURN
10
8375
20
14400
30
0
11
8390.2
21
14447.8
31
0
0
LINE
8
FURN
10
8390.2
20
14447.8
30
0
11
8433.6
21
14488.4
31
0
0
LINE
8
FURN
10
8433.6
20
14488.4
30
0
11
8498.5
21
14515.5
31
0
0
LINE
8
FURN
10
8498.5
20
14515.5
30
0
11
8575
21
14525
31
0
0
LINE
8
FURN
10
8575
20
14525
30
0
11
8651.5
21
14515.5
31
0
0
LINE
8
FURN
10
8651.5
20
14515.5
30
0
11
8716.4
21
14488.4
31
0
0
LINE
8
FURN
10
8716.4
20
14488.4
30
0
11
8759.8
21
14447.8
31
0
0
LINE
8
FURN
10
8759.8
20
14447.8
30
0
11
8775
21
14400
31
0
0
LINE
8
DOOR
10
14800
20
250
30
0
11
14800
21
1100
31
0
0
ARC
8
DOOR
10
13950
20
1100
30
0
40
850
50
270
51
0
0
LINE
8
DOOR
10
13150
20
250
30
0
11
13150
21
1100
31
0
0
ARC
8
DOOR
10
14000
20
1100
30
0
40
850
50
180
51
270
0
LINE
8
FURN
6
DASHED
10
12900
20
-100
30
0
11
15050
21
-100
31
0
0
LINE
8
FURN
6
DASHED
10
15050
20
-100
30
0
11
15050
21
-400
31
0
0
LINE
8
FURN
6
DASHED
10
15050
20
-400
30
0
11
12900
21
-400
31
0
0
LINE
8
FURN
6
DASHED
10
12900
20
-400
30
0
11
12900
21
-100
31
0
0
LINE
8
WINDOW
10
11850
20
125
30
0
11
8150
21
125
31
0
0
LINE
8
WINDOW
10
10500
20
225
30
0
11
10500
21
25
31
0
0
LINE
8
WINDOW
10
9300
20
225
30
0
11
9300
21
25
31
0
0
LINE
8
DOOR
10
11550
20
250
30
0
11
11550
21
1100
31
0
0
ARC
8
DOOR
10
10700
20
1100
30
0
40
850
50
270
51
0
0
LINE
8
WINDOW
10
7850
20
125
30
0
11
4150
21
125
31
0
0
LINE
8
DOOR
10
7500
20
250
30
0
11
7500
21
1100
31
0
0
ARC
8
DOOR
10
6650
20
1100
30
0
40
850
50
270
51
0
0
LINE
8
WINDOW
10
3850
20
125
30
0
11
400
21
125
31
0
0
LINE
8
DOOR
10
3500
20
250
30
0
11
3500
21
1100
31
0
0
ARC
8
DOOR
10
2650
20
1100
30
0
40
850
50
270
51
0
0
LINE
8
WINDOW
10
8500
20
14962.5
30
0
11
11500
21
14962.5
31
0
0
LINE
8
WINDOW
10
11500
20
14962.5
30
0
11
11500
21
14787.5
31
0
0
LINE
8
WINDOW
10
11500
20
14787.5
30
0
11
8500
21
14787.5
31
0
0
LINE
8
WINDOW
10
8500
20
14787.5
30
0
11
8500
21
14962.5
31
0
0
LINE
8
WINDOW
10
11500
20
14875
30
0
11
8500
21
14875
31
0
0
LINE
8
WINDOW
10
4500
20
14962.5
30
0
11
7500
21
14962.5
31
0
0
LINE
8
WINDOW
10
7500
20
14962.5
30
0
11
7500
21
14787.5
31
0
0
LINE
8
WINDOW
10
7500
20
14787.5
30
0
11
4500
21
14787.5
31
0
0
LINE
8
WINDOW
10
4500
20
14787.5
30
0
11
4500
21
14962.5
31
0
0
LINE
8
WINDOW
10
7500
20
14875
30
0
11
4500
21
14875
31
0
0
LINE
8
WINDOW
10
500
20
14962.5
30
0
11
3500
21
14962.5
31
0
0
LINE
8
WINDOW
10
3500
20
14962.5
30
0
11
3500
21
14787.5
31
0
0
LINE
8
WINDOW
10
3500
20
14787.5
30
0
11
500
21
14787.5
31
0
0
LINE
8
WINDOW
10
500
20
14787.5
30
0
11
500
21
14962.5
31
0
0
LINE
8
WINDOW
10
3500
20
14875
30
0
11
500
21
14875
31
0
0
LINE
8
WINDOW
10
15787.5
20
12750
30
0
11
15962.5
21
12750
31
0
0
LINE
8
WINDOW
10
15962.5
20
12750
30
0
11
15962.5
21
10750
31
0
0
LINE
8
WINDOW
10
15962.5
20
10750
30
0
11
15787.5
21
10750
31
0
0
LINE
8
WINDOW
10
15787.5
20
10750
30
0
11
15787.5
21
12750
31
0
0
LINE
8
WINDOW
10
15875
20
12750
30
0
11
15875
21
10750
31
0
0
LINE
8
WINDOW
10
15787.5
20
5000
30
0
11
15962.5
21
5000
31
0
0
LINE
8
WINDOW
10
15962.5
20
5000
30
0
11
15962.5
21
2000
31
0
0
LINE
8
WINDOW
10
15962.5
20
2000
30
0
11
15787.5
21
2000
31
0
0
LINE
8
WINDOW
10
15787.5
20
2000
30
0
11
15787.5
21
5000
31
0
0
LINE
8
WINDOW
10
15875
20
5000
30
0
11
15875
21
2000
31
0
0
LINE
8
WINDOW
10
37.5
20
12750
30
0
11
212.5
21
12750
31
0
0
LINE
8
WINDOW
10
212.5
20
12750
30
0
11
212.5
21
9750
31
0
0
LINE
8
WINDOW
10
212.5
20
9750
30
0
11
37.5
21
9750
31
0
0
LINE
8
WINDOW
10
37.5
20
9750
30
0
11
37.5
21
12750
31
0
0
LINE
8
WINDOW
10
125
20
12750
30
0
11
125
21
9750
31
0
0
LINE
8
WINDOW
10
37.5
20
6250
30
0
11
212.5
21
6250
31
0
0
LINE
8
WINDOW
10
212.5
20
6250
30
0
11
212.5
21
3250
31
0
0
LINE
8
WINDOW
10
212.5
20
3250
30
0
11
37.5
21
3250
31
0
0
LINE
8
WINDOW
10
37.5
20
3250
30
0
11
37.5
21
6250
31
0
0
LINE
8
WINDOW
10
125
20
6250
30
0
11
125
21
3250
31
0
0
LINE
8
FURN
10
12350
20
4100
30
0
11
14000
21
4100
31
0
0
LINE
8
FURN
10
14000
20
4100
30
0
11
14000
21
3550
31
0
0
LINE
8
FURN
10
14000
20
3550
30
0
11
12350
21
3550
31
0
0
LINE
8
FURN
10
12350
20
3550
30
0
11
12350
21
4100
31
0
0
LINE
8
FURN
10
14000
20
3825
30
0
11
12350
21
3825
31
0
0
LINE
8
FURN
10
14200
20
2500
30
0
11
15500
21
2500
31
0
0
LINE
8
FURN
10
15500
20
2500
30
0
11
15500
21
2000
31
0
0
LINE
8
FURN
10
15500
20
2000
30
0
11
14200
21
2000
31
0
0
LINE
8
FURN
10
14200
20
2000
30
0
11
14200
21
2500
31
0
0
CIRCLE
8
FURN
10
14800
20
3250
30
0
40
250
0
LINE
8
FURN
10
8150
20
12000
30
0
11
9500
21
12000
31
0
0
LINE
8
FURN
10
9500
20
12000
30
0
11
9500
21
9800
31
0
0
LINE
8
FURN
10
9500
20
9800
30
0
11
8150
21
9800
31
0
0
LINE
8
FURN
10
8150
20
9800
30
0
11
8150
21
12000
31
0
0
LINE
8
FURN
10
9500
20
9800
30
0
11
8150
21
9800
31
0
0
CIRCLE
8
FURN
10
10250
20
7500
30
0
40
350
0
CIRCLE
8
FURN
10
10250
20
5500
30
0
40
350
0
CIRCLE
8
FURN
10
10250
20
3250
30
0
40
350
0
CIRCLE
8
FURN
10
10250
20
1375
30
0
40
350
0
LINE
8
FURN
6
DASHED
10
4000
20
14750
30
0
11
4000
21
250
31
0
0
LINE
8
HVAC
10
10700
20
14700
30
0
11
11600
21
14700
31
0
0
LINE
8
HVAC
10
11600
20
14700
30
0
11
11600
21
14350
31
0
0
LINE
8
HVAC
10
11600
20
14350
30
0
11
10700
21
14350
31
0
0
LINE
8
HVAC
10
10700
20
14350
30
0
11
10700
21
14700
31
0
0
LINE
8
HVAC
10
11475
20
14700
30
0
11
11475
21
14350
31
0
0
LINE
8
HVAC
10
11325
20
14700
30
0
11
11325
21
14350
31
0
0
LINE
8
HVAC
10
11175
20
14700
30
0
11
11175
21
14350
31
0
0
LINE
8
HVAC
10
11025
20
14700
30
0
11
11025
21
14350
31
0
0
LINE
8
HVAC
10
10875
20
14700
30
0
11
10875
21
14350
31
0
0
LINE
8
HVAC
10
5850
20
14700
30
0
11
6750
21
14700
31
0
0
LINE
8
HVAC
10
6750
20
14700
30
0
11
6750
21
14350
31
0
0
LINE
8
HVAC
10
6750
20
14350
30
0
11
5850
21
14350
31
0
0
LINE
8
HVAC
10
5850
20
14350
30
0
11
5850
21
14700
31
0
0
LINE
8
HVAC
10
6625
20
14700
30
0
11
6625
21
14350
31
0
0
LINE
8
HVAC
10
6475
20
14700
30
0
11
6475
21
14350
31
0
0
LINE
8
HVAC
10
6325
20
14700
30
0
11
6325
21
14350
31
0
0
LINE
8
HVAC
10
6175
20
14700
30
0
11
6175
21
14350
31
0
0
LINE
8
HVAC
10
6025
20
14700
30
0
11
6025
21
14350
31
0
0
LINE
8
HVAC
10
1850
20
14700
30
0
11
2750
21
14700
31
0
0
LINE
8
HVAC
10
2750
20
14700
30
0
11
2750
21
14350
31
0
0
LINE
8
HVAC
10
2750
20
14350
30
0
11
1850
21
14350
31
0
0
LINE
8
HVAC
10
1850
20
14350
30
0
11
1850
21
14700
31
0
0
LINE
8
HVAC
10
2625
20
14700
30
0
11
2625
21
14350
31
0
0
LINE
8
HVAC
10
2475
20
14700
30
0
11
2475
21
14350
31
0
0
LINE
8
HVAC
10
2325
20
14700
30
0
11
2325
21
14350
31
0
0
LINE
8
HVAC
10
2175
20
14700
30
0
11
2175
21
14350
31
0
0
LINE
8
HVAC
10
2025
20
14700
30
0
11
2025
21
14350
31
0
0
SOLID
8
COLUMN
10
15775
20
-225
30
0
11
16225
21
-225
31
0
12
15775
22
225
32
0
13
16225
23
225
33
0
0
LINE
8
COLUMN
10
15775
20
-225
30
0
11
16225
21
-225
31
0
0
LINE
8
COLUMN
10
16225
20
-225
30
0
11
16225
21
225
31
0
0
LINE
8
COLUMN
10
16225
20
225
30
0
11
15775
21
225
31
0
0
LINE
8
COLUMN
10
15775
20
225
30
0
11
15775
21
-225
31
0
0
SOLID
8
COLUMN
10
11775
20
-225
30
0
11
12225
21
-225
31
0
12
11775
22
225
32
0
13
12225
23
225
33
0
0
LINE
8
COLUMN
10
11775
20
-225
30
0
11
12225
21
-225
31
0
0
LINE
8
COLUMN
10
12225
20
-225
30
0
11
12225
21
225
31
0
0
LINE
8
COLUMN
10
12225
20
225
30
0
11
11775
21
225
31
0
0
LINE
8
COLUMN
10
11775
20
225
30
0
11
11775
21
-225
31
0
0
SOLID
8
COLUMN
10
7775
20
-225
30
0
11
8225
21
-225
31
0
12
7775
22
225
32
0
13
8225
23
225
33
0
0
LINE
8
COLUMN
10
7775
20
-225
30
0
11
8225
21
-225
31
0
0
LINE
8
COLUMN
10
8225
20
-225
30
0
11
8225
21
225
31
0
0
LINE
8
COLUMN
10
8225
20
225
30
0
11
7775
21
225
31
0
0
LINE
8
COLUMN
10
7775
20
225
30
0
11
7775
21
-225
31
0
0
SOLID
8
COLUMN
10
3775
20
-225
30
0
11
4225
21
-225
31
0
12
3775
22
225
32
0
13
4225
23
225
33
0
0
LINE
8
COLUMN
10
3775
20
-225
30
0
11
4225
21
-225
31
0
0
LINE
8
COLUMN
10
4225
20
-225
30
0
11
4225
21
225
31
0
0
LINE
8
COLUMN
10
4225
20
225
30
0
11
3775
21
225
31
0
0
LINE
8
COLUMN
10
3775
20
225
30
0
11
3775
21
-225
31
0
0
SOLID
8
COLUMN
10
-225
20
-225
30
0
11
225
21
-225
31
0
12
-225
22
225
32
0
13
225
23
225
33
0
0
LINE
8
COLUMN
10
-225
20
-225
30
0
11
225
21
-225
31
0
0
LINE
8
COLUMN
10
225
20
-225
30
0
11
225
21
225
31
0
0
LINE
8
COLUMN
10
225
20
225
30
0
11
-225
21
225
31
0
0
LINE
8
COLUMN
10
-225
20
225
30
0
11
-225
21
-225
31
0
0
SOLID
8
COLUMN
10
15775
20
4775
30
0
11
16225
21
4775
31
0
12
15775
22
5225
32
0
13
16225
23
5225
33
0
0
LINE
8
COLUMN
10
15775
20
4775
30
0
11
16225
21
4775
31
0
0
LINE
8
COLUMN
10
16225
20
4775
30
0
11
16225
21
5225
31
0
0
LINE
8
COLUMN
10
16225
20
5225
30
0
11
15775
21
5225
31
0
0
LINE
8
COLUMN
10
15775
20
5225
30
0
11
15775
21
4775
31
0
0
SOLID
8
COLUMN
10
11775
20
4775
30
0
11
12225
21
4775
31
0
12
11775
22
5225
32
0
13
12225
23
5225
33
0
0
LINE
8
COLUMN
10
11775
20
4775
30
0
11
12225
21
4775
31
0
0
LINE
8
COLUMN
10
12225
20
4775
30
0
11
12225
21
5225
31
0
0
LINE
8
COLUMN
10
12225
20
5225
30
0
11
11775
21
5225
31
0
0
LINE
8
COLUMN
10
11775
20
5225
30
0
11
11775
21
4775
31
0
0
SOLID
8
COLUMN
10
7775
20
4775
30
0
11
8225
21
4775
31
0
12
7775
22
5225
32
0
13
8225
23
5225
33
0
0
LINE
8
COLUMN
10
7775
20
4775
30
0
11
8225
21
4775
31
0
0
LINE
8
COLUMN
10
8225
20
4775
30
0
11
8225
21
5225
31
0
0
LINE
8
COLUMN
10
8225
20
5225
30
0
11
7775
21
5225
31
0
0
LINE
8
COLUMN
10
7775
20
5225
30
0
11
7775
21
4775
31
0
0
SOLID
8
COLUMN
10
3775
20
4775
30
0
11
4225
21
4775
31
0
12
3775
22
5225
32
0
13
4225
23
5225
33
0
0
LINE
8
COLUMN
10
3775
20
4775
30
0
11
4225
21
4775
31
0
0
LINE
8
COLUMN
10
4225
20
4775
30
0
11
4225
21
5225
31
0
0
LINE
8
COLUMN
10
4225
20
5225
30
0
11
3775
21
5225
31
0
0
LINE
8
COLUMN
10
3775
20
5225
30
0
11
3775
21
4775
31
0
0
SOLID
8
COLUMN
10
-225
20
4775
30
0
11
225
21
4775
31
0
12
-225
22
5225
32
0
13
225
23
5225
33
0
0
LINE
8
COLUMN
10
-225
20
4775
30
0
11
225
21
4775
31
0
0
LINE
8
COLUMN
10
225
20
4775
30
0
11
225
21
5225
31
0
0
LINE
8
COLUMN
10
225
20
5225
30
0
11
-225
21
5225
31
0
0
LINE
8
COLUMN
10
-225
20
5225
30
0
11
-225
21
4775
31
0
0
SOLID
8
COLUMN
10
15775
20
9775
30
0
11
16225
21
9775
31
0
12
15775
22
10225
32
0
13
16225
23
10225
33
0
0
LINE
8
COLUMN
10
15775
20
9775
30
0
11
16225
21
9775
31
0
0
LINE
8
COLUMN
10
16225
20
9775
30
0
11
16225
21
10225
31
0
0
LINE
8
COLUMN
10
16225
20
10225
30
0
11
15775
21
10225
31
0
0
LINE
8
COLUMN
10
15775
20
10225
30
0
11
15775
21
9775
31
0
0
SOLID
8
COLUMN
10
11775
20
9775
30
0
11
12225
21
9775
31
0
12
11775
22
10225
32
0
13
12225
23
10225
33
0
0
LINE
8
COLUMN
10
11775
20
9775
30
0
11
12225
21
9775
31
0
0
LINE
8
COLUMN
10
12225
20
9775
30
0
11
12225
21
10225
31
0
0
LINE
8
COLUMN
10
12225
20
10225
30
0
11
11775
21
10225
31
0
0
LINE
8
COLUMN
10
11775
20
10225
30
0
11
11775
21
9775
31
0
0
SOLID
8
COLUMN
10
7775
20
9775
30
0
11
8225
21
9775
31
0
12
7775
22
10225
32
0
13
8225
23
10225
33
0
0
LINE
8
COLUMN
10
7775
20
9775
30
0
11
8225
21
9775
31
0
0
LINE
8
COLUMN
10
8225
20
9775
30
0
11
8225
21
10225
31
0
0
LINE
8
COLUMN
10
8225
20
10225
30
0
11
7775
21
10225
31
0
0
LINE
8
COLUMN
10
7775
20
10225
30
0
11
7775
21
9775
31
0
0
SOLID
8
COLUMN
10
3775
20
9775
30
0
11
4225
21
9775
31
0
12
3775
22
10225
32
0
13
4225
23
10225
33
0
0
LINE
8
COLUMN
10
3775
20
9775
30
0
11
4225
21
9775
31
0
0
LINE
8
COLUMN
10
4225
20
9775
30
0
11
4225
21
10225
31
0
0
LINE
8
COLUMN
10
4225
20
10225
30
0
11
3775
21
10225
31
0
0
LINE
8
COLUMN
10
3775
20
10225
30
0
11
3775
21
9775
31
0
0
SOLID
8
COLUMN
10
-225
20
9775
30
0
11
225
21
9775
31
0
12
-225
22
10225
32
0
13
225
23
10225
33
0
0
LINE
8
COLUMN
10
-225
20
9775
30
0
11
225
21
9775
31
0
0
LINE
8
COLUMN
10
225
20
9775
30
0
11
225
21
10225
31
0
0
LINE
8
COLUMN
10
225
20
10225
30
0
11
-225
21
10225
31
0
0
LINE
8
COLUMN
10
-225
20
10225
30
0
11
-225
21
9775
31
0
0
SOLID
8
COLUMN
10
15775
20
14775
30
0
11
16225
21
14775
31
0
12
15775
22
15225
32
0
13
16225
23
15225
33
0
0
LINE
8
COLUMN
10
15775
20
14775
30
0
11
16225
21
14775
31
0
0
LINE
8
COLUMN
10
16225
20
14775
30
0
11
16225
21
15225
31
0
0
LINE
8
COLUMN
10
16225
20
15225
30
0
11
15775
21
15225
31
0
0
LINE
8
COLUMN
10
15775
20
15225
30
0
11
15775
21
14775
31
0
0
SOLID
8
COLUMN
10
11775
20
14775
30
0
11
12225
21
14775
31
0
12
11775
22
15225
32
0
13
12225
23
15225
33
0
0
LINE
8
COLUMN
10
11775
20
14775
30
0
11
12225
21
14775
31
0
0
LINE
8
COLUMN
10
12225
20
14775
30
0
11
12225
21
15225
31
0
0
LINE
8
COLUMN
10
12225
20
15225
30
0
11
11775
21
15225
31
0
0
LINE
8
COLUMN
10
11775
20
15225
30
0
11
11775
21
14775
31
0
0
SOLID
8
COLUMN
10
7775
20
14775
30
0
11
8225
21
14775
31
0
12
7775
22
15225
32
0
13
8225
23
15225
33
0
0
LINE
8
COLUMN
10
7775
20
14775
30
0
11
8225
21
14775
31
0
0
LINE
8
COLUMN
10
8225
20
14775
30
0
11
8225
21
15225
31
0
0
LINE
8
COLUMN
10
8225
20
15225
30
0
11
7775
21
15225
31
0
0
LINE
8
COLUMN
10
7775
20
15225
30
0
11
7775
21
14775
31
0
0
SOLID
8
COLUMN
10
3775
20
14775
30
0
11
4225
21
14775
31
0
12
3775
22
15225
32
0
13
4225
23
15225
33
0
0
LINE
8
COLUMN
10
3775
20
14775
30
0
11
4225
21
14775
31
0
0
LINE
8
COLUMN
10
4225
20
14775
30
0
11
4225
21
15225
31
0
0
LINE
8
COLUMN
10
4225
20
15225
30
0
11
3775
21
15225
31
0
0
LINE
8
COLUMN
10
3775
20
15225
30
0
11
3775
21
14775
31
0
0
SOLID
8
COLUMN
10
-225
20
14775
30
0
11
225
21
14775
31
0
12
-225
22
15225
32
0
13
225
23
15225
33
0
0
LINE
8
COLUMN
10
-225
20
14775
30
0
11
225
21
14775
31
0
0
LINE
8
COLUMN
10
225
20
14775
30
0
11
225
21
15225
31
0
0
LINE
8
COLUMN
10
225
20
15225
30
0
11
-225
21
15225
31
0
0
LINE
8
COLUMN
10
-225
20
15225
30
0
11
-225
21
14775
31
0
0
SOLID
8
COLUMN
10
15775
20
19775
30
0
11
16225
21
19775
31
0
12
15775
22
20225
32
0
13
16225
23
20225
33
0
0
LINE
8
COLUMN
10
15775
20
19775
30
0
11
16225
21
19775
31
0
0
LINE
8
COLUMN
10
16225
20
19775
30
0
11
16225
21
20225
31
0
0
LINE
8
COLUMN
10
16225
20
20225
30
0
11
15775
21
20225
31
0
0
LINE
8
COLUMN
10
15775
20
20225
30
0
11
15775
21
19775
31
0
0
SOLID
8
COLUMN
10
11775
20
19775
30
0
11
12225
21
19775
31
0
12
11775
22
20225
32
0
13
12225
23
20225
33
0
0
LINE
8
COLUMN
10
11775
20
19775
30
0
11
12225
21
19775
31
0
0
LINE
8
COLUMN
10
12225
20
19775
30
0
11
12225
21
20225
31
0
0
LINE
8
COLUMN
10
12225
20
20225
30
0
11
11775
21
20225
31
0
0
LINE
8
COLUMN
10
11775
20
20225
30
0
11
11775
21
19775
31
0
0
LINE
8
HVAC
10
15400
20
6250
30
0
11
16050
21
6900
31
0
0
LINE
8
DIM
10
16000
20
20000
30
0
11
16850
21
20000
31
0
0
LINE
8
DIM
10
16000
20
15000
30
0
11
16850
21
15000
31
0
0
LINE
8
DIM
10
16700
20
20000
30
0
11
16700
21
15000
31
0
0
LINE
8
DIM
10
16600
20
19900
30
0
11
16800
21
20100
31
0
0
LINE
8
DIM
10
16600
20
14900
30
0
11
16800
21
15100
31
0
0
LINE
8
DIM
10
12000
20
20000
30
0
11
12000
21
20650
31
0
0
LINE
8
DIM
10
16000
20
20000
30
0
11
16000
21
20650
31
0
0
LINE
8
DIM
10
12000
20
20500
30
0
11
16000
21
20500
31
0
0
LINE
8
DIM
10
11900
20
20400
30
0
11
12100
21
20600
31
0
0
LINE
8
DIM
10
15900
20
20400
30
0
11
16100
21
20600
31
0
0
LINE
8
DIM
10
0
20
0
30
0
11
0
21
-1400
31
0
0
LINE
8
DIM
10
4000
20
0
30
0
11
4000
21
-1050
31
0
0
LINE
8
DIM
10
8000
20
0
30
0
11
8000
21
-1050
31
0
0
LINE
8
DIM
10
12000
20
0
30
0
11
12000
21
-1050
31
0
0
LINE
8
DIM
10
16000
20
0
30
0
11
16000
21
-1400
31
0
0
LINE
8
DIM
10
0
20
-950
30
0
11
16000
21
-950
31
0
0
LINE
8
DIM
10
-100
20
-1050
30
0
11
100
21
-850
31
0
0
LINE
8
DIM
10
3900
20
-1050
30
0
11
4100
21
-850
31
0
0
LINE
8
DIM
10
7900
20
-1050
30
0
11
8100
21
-850
31
0
0
LINE
8
DIM
10
11900
20
-1050
30
0
11
12100
21
-850
31
0
0
LINE
8
DIM
10
15900
20
-1050
30
0
11
16100
21
-850
31
0
0
LINE
8
DIM
10
0
20
-1450
30
0
11
16000
21
-1450
31
0
0
LINE
8
DIM
10
-100
20
-1550
30
0
11
100
21
-1350
31
0
0
LINE
8
DIM
10
15900
20
-1550
30
0
11
16100
21
-1350
31
0
0
LINE
8
DIM
10
0
20
15000
30
0
11
-1200
21
15000
31
0
0
LINE
8
DIM
10
0
20
10000
30
0
11
-850
21
10000
31
0
0
LINE
8
DIM
10
0
20
5000
30
0
11
-850
21
5000
31
0
0
LINE
8
DIM
10
0
20
0
30
0
11
-1200
21
0
31
0
0
LINE
8
DIM
10
-750
20
15000
30
0
11
-750
21
0
31
0
0
LINE
8
DIM
10
-850
20
14900
30
0
11
-650
21
15100
31
0
0
LINE
8
DIM
10
-850
20
9900
30
0
11
-650
21
10100
31
0
0
LINE
8
DIM
10
-850
20
4900
30
0
11
-650
21
5100
31
0
0
LINE
8
DIM
10
-850
20
-100
30
0
11
-650
21
100
31
0
0
LINE
8
DIM
10
-1100
20
15000
30
0
11
-1100
21
0
31
0
0
LINE
8
DIM
10
-1200
20
14900
30
0
11
-1000
21
15100
31
0
0
LINE
8
DIM
10
-1200
20
-100
30
0
11
-1000
21
100
31
0
0
SOLID
8
WALL
10
11925
20
3250
30
0
11
12050
21
3250
31
0
12
11925
22
14750
32
0
13
12050
23
14750
33
0
0
LINE
8
WALL
10
11925
20
3250
30
0
11
12050
21
3250
31
0
0
LINE
8
WALL
10
12050
20
3250
30
0
11
12050
21
14750
31
0
0
LINE
8
WALL
10
12050
20
14750
30
0
11
11925
21
14750
31
0
0
LINE
8
WALL
10
11925
20
14750
30
0
11
11925
21
3250
31
0
0
SOLID
8
WALL
10
11925
20
250
30
0
11
12050
21
250
31
0
12
11925
22
2250
32
0
13
12050
23
2250
33
0
0
LINE
8
WALL
10
11925
20
250
30
0
11
12050
21
250
31
0
0
LINE
8
WALL
10
12050
20
250
30
0
11
12050
21
2250
31
0
0
LINE
8
WALL
10
12050
20
2250
30
0
11
11925
21
2250
31
0
0
LINE
8
WALL
10
11925
20
2250
30
0
11
11925
21
250
31
0
0
SOLID
8
WALL
10
7925
20
250
30
0
11
8050
21
250
31
0
12
7925
22
14750
32
0
13
8050
23
14750
33
0
0
LINE
8
WALL
10
7925
20
250
30
0
11
8050
21
250
31
0
0
LINE
8
WALL
10
8050
20
250
30
0
11
8050
21
14750
31
0
0
LINE
8
WALL
10
8050
20
14750
30
0
11
7925
21
14750
31
0
0
LINE
8
WALL
10
7925
20
14750
30
0
11
7925
21
250
31
0
0
SOLID
8
WALL
10
13350
20
9925
30
0
11
15750
21
9925
31
0
12
13350
22
10050
32
0
13
15750
23
10050
33
0
0
LINE
8
WALL
10
13350
20
9925
30
0
11
15750
21
9925
31
0
0
LINE
8
WALL
10
15750
20
9925
30
0
11
15750
21
10050
31
0
0
LINE
8
WALL
10
15750
20
10050
30
0
11
13350
21
10050
31
0
0
LINE
8
WALL
10
13350
20
10050
30
0
11
13350
21
9925
31
0
0
SOLID
8
WALL
10
13300
20
9350
30
0
11
13425
21
9350
31
0
12
13300
22
10050
32
0
13
13425
23
10050
33
0
0
LINE
8
WALL
10
13300
20
9350
30
0
11
13425
21
9350
31
0
0
LINE
8
WALL
10
13425
20
9350
30
0
11
13425
21
10050
31
0
0
LINE
8
WALL
10
13425
20
10050
30
0
11
13300
21
10050
31
0
0
LINE
8
WALL
10
13300
20
10050
30
0
11
13300
21
9350
31
0
0
SOLID
8
WALL
10
13300
20
7550
30
0
11
13425
21
7550
31
0
12
13300
22
8250
32
0
13
13425
23
8250
33
0
0
LINE
8
WALL
10
13300
20
7550
30
0
11
13425
21
7550
31
0
0
LINE
8
WALL
10
13425
20
7550
30
0
11
13425
21
8250
31
0
0
LINE
8
WALL
10
13425
20
8250
30
0
11
13300
21
8250
31
0
0
LINE
8
WALL
10
13300
20
8250
30
0
11
13300
21
7550
31
0
0
SOLID
8
WALL
10
13300
20
7550
30
0
11
15750
21
7550
31
0
12
13300
22
7675
32
0
13
15750
23
7675
33
0
0
LINE
8
WALL
10
13300
20
7550
30
0
11
15750
21
7550
31
0
0
LINE
8
WALL
10
15750
20
7550
30
0
11
15750
21
7675
31
0
0
LINE
8
WALL
10
15750
20
7675
30
0
11
13300
21
7675
31
0
0
LINE
8
WALL
10
13300
20
7675
30
0
11
13300
21
7550
31
0
0
SOLID
8
WALL
10
13250
20
11150
30
0
11
13350
21
11150
31
0
12
13250
22
15000
32
0
13
13350
23
15000
33
0
0
LINE
8
WALL
10
13250
20
11150
30
0
11
13350
21
11150
31
0
0
LINE
8
WALL
10
13350
20
11150
30
0
11
13350
21
15000
31
0
0
LINE
8
WALL
10
13350
20
15000
30
0
11
13250
21
15000
31
0
0
LINE
8
WALL
10
13250
20
15000
30
0
11
13250
21
11150
31
0
0
SOLID
8
WALL
10
15100
20
6650
30
0
11
15700
21
6650
31
0
12
15100
22
6700
32
0
13
15700
23
6700
33
0
0
LINE
8
WALL
10
15100
20
6650
30
0
11
15700
21
6650
31
0
0
LINE
8
WALL
10
15700
20
6650
30
0
11
15700
21
6700
31
0
0
LINE
8
WALL
10
15700
20
6700
30
0
11
15100
21
6700
31
0
0
LINE
8
WALL
10
15100
20
6700
30
0
11
15100
21
6650
31
0
0
SOLID
8
WALL
10
15100
20
6225
30
0
11
15700
21
6225
31
0
12
15100
22
6275
32
0
13
15700
23
6275
33
0
0
LINE
8
WALL
10
15100
20
6225
30
0
11
15700
21
6225
31
0
0
LINE
8
WALL
10
15700
20
6225
30
0
11
15700
21
6275
31
0
0
LINE
8
WALL
10
15700
20
6275
30
0
11
15100
21
6275
31
0
0
LINE
8
WALL
10
15100
20
6275
30
0
11
15100
21
6225
31
0
0
SOLID
8
WALL
10
15100
20
5800
30
0
11
15700
21
5800
31
0
12
15100
22
5850
32
0
13
15700
23
5850
33
0
0
LINE
8
WALL
10
15100
20
5800
30
0
11
15700
21
5800
31
0
0
LINE
8
WALL
10
15700
20
5800
30
0
11
15700
21
5850
31
0
0
LINE
8
WALL
10
15700
20
5850
30
0
11
15100
21
5850
31
0
0
LINE
8
WALL
10
15100
20
5850
30
0
11
15100
21
5800
31
0
0
SOLID
8
WALL
10
13300
20
14975
30
0
11
15750
21
14975
31
0
12
13300
22
15100
32
0
13
15750
23
15100
33
0
0
LINE
8
WALL
10
13300
20
14975
30
0
11
15750
21
14975
31
0
0
LINE
8
WALL
10
15750
20
14975
30
0
11
15750
21
15100
31
0
0
LINE
8
WALL
10
15750
20
15100
30
0
11
13300
21
15100
31
0
0
LINE
8
WALL
10
13300
20
15100
30
0
11
13300
21
14975
31
0
0
SOLID
8
WALL
10
8050
20
12975
30
0
11
8750
21
12975
31
0
12
8050
22
13100
32
0
13
8750
23
13100
33
0
0
LINE
8
WALL
10
8050
20
12975
30
0
11
8750
21
12975
31
0
0
LINE
8
WALL
10
8750
20
12975
30
0
11
8750
21
13100
31
0
0
LINE
8
WALL
10
8750
20
13100
30
0
11
8050
21
13100
31
0
0
LINE
8
WALL
10
8050
20
13100
30
0
11
8050
21
12975
31
0
0
SOLID
8
WALL
10
9500
20
12975
30
0
11
10050
21
12975
31
0
12
9500
22
13100
32
0
13
10050
23
13100
33
0
0
LINE
8
WALL
10
9500
20
12975
30
0
11
10050
21
12975
31
0
0
LINE
8
WALL
10
10050
20
12975
30
0
11
10050
21
13100
31
0
0
LINE
8
WALL
10
10050
20
13100
30
0
11
9500
21
13100
31
0
0
LINE
8
WALL
10
9500
20
13100
30
0
11
9500
21
12975
31
0
0
SOLID
8
WALL
10
9925
20
13100
30
0
11
10050
21
13100
31
0
12
9925
22
14700
32
0
13
10050
23
14700
33
0
0
LINE
8
WALL
10
9925
20
13100
30
0
11
10050
21
13100
31
0
0
LINE
8
WALL
10
10050
20
13100
30
0
11
10050
21
14700
31
0
0
LINE
8
WALL
10
10050
20
14700
30
0
11
9925
21
14700
31
0
0
LINE
8
WALL
10
9925
20
14700
30
0
11
9925
21
13100
31
0
0
LINE
8
DOOR
10
35900
20
3350
30
0
11
36650
21
3350
31
0
0
ARC
8
DOOR
10
36650
20
4100
30
0
40
750
50
180
51
270
0
LINE
8
FURN
10
36975
20
5475
30
0
11
37775
21
5475
31
0
0
LINE
8
FURN
10
37775
20
5475
30
0
11
37775
21
4675
31
0
0
LINE
8
FURN
10
37775
20
4675
30
0
11
36975
21
4675
31
0
0
LINE
8
FURN
10
36975
20
4675
30
0
11
36975
21
5475
31
0
0
LINE
8
FURN
10
37775
20
5475
30
0
11
36975
21
4675
31
0
0
CIRCLE
8
FURN
10
37375
20
5075
30
0
40
62.5
0
LINE
8
FURN
10
36250
20
5500
30
0
11
36750
21
5500
31
0
0
LINE
8
FURN
10
36750
20
5500
30
0
11
36750
21
5300
31
0
0
LINE
8
FURN
10
36750
20
5300
30
0
11
36250
21
5300
31
0
0
LINE
8
FURN
10
36250
20
5300
30
0
11
36250
21
5500
31
0
0
LINE
8
FURN
10
36725
20
4950
30
0
11
36707.9
21
4844.8
31
0
0
LINE
8
FURN
10
36707.9
20
4844.8
30
0
11
36659.1
21
4755.5
31
0
0
LINE
8
FURN
10
36659.1
20
4755.5
30
0
11
36586.1
21
4695.9
31
0
0
LINE
8
FURN
10
36586.1
20
4695.9
30
0
11
36500
21
4675
31
0
0
LINE
8
FURN
10
36500
20
4675
30
0
11
36413.9
21
4695.9
31
0
0
LINE
8
FURN
10
36413.9
20
4695.9
30
0
11
36340.9
21
4755.5
31
0
0
LINE
8
FURN
10
36340.9
20
4755.5
30
0
11
36292.1
21
4844.8
31
0
0
LINE
8
FURN
10
36292.1
20
4844.8
30
0
11
36275
21
4950
31
0
0
LINE
8
FURN
10
36275
20
4950
30
0
11
36292.1
21
5055.2
31
0
0
LINE
8
FURN
10
36292.1
20
5055.2
30
0
11
36340.9
21
5144.5
31
0
0
LINE
8
FURN
10
36340.9
20
5144.5
30
0
11
36413.9
21
5204.1
31
0
0
LINE
8
FURN
10
36413.9
20
5204.1
30
0
11
36500
21
5225
31
0
0
LINE
8
FURN
10
36500
20
5225
30
0
11
36586.1
21
5204.1
31
0
0
LINE
8
FURN
10
36586.1
20
5204.1
30
0
11
36659.1
21
5144.5
31
0
0
LINE
8
FURN
10
36659.1
20
5144.5
30
0
11
36707.9
21
5055.2
31
0
0
LINE
8
FURN
10
36707.9
20
5055.2
30
0
11
36725
21
4950
31
0
0
LINE
8
FURN
10
36900
20
4150
30
0
11
37800
21
4150
31
0
0
LINE
8
FURN
10
37800
20
4150
30
0
11
37800
21
3650
31
0
0
LINE
8
FURN
10
37800
20
3650
30
0
11
36900
21
3650
31
0
0
LINE
8
FURN
10
36900
20
3650
30
0
11
36900
21
4150
31
0
0
LINE
8
FURN
10
37650
20
3900
30
0
11
37627.2
21
3833
31
0
0
LINE
8
FURN
10
37627.2
20
3833
30
0
11
37562.1
21
3776.3
31
0
0
LINE
8
FURN
10
37562.1
20
3776.3
30
0
11
37464.8
21
3738.3
31
0
0
LINE
8
FURN
10
37464.8
20
3738.3
30
0
11
37350
21
3725
31
0
0
LINE
8
FURN
10
37350
20
3725
30
0
11
37235.2
21
3738.3
31
0
0
LINE
8
FURN
10
37235.2
20
3738.3
30
0
11
37137.9
21
3776.3
31
0
0
LINE
8
FURN
10
37137.9
20
3776.3
30
0
11
37072.8
21
3833
31
0
0
LINE
8
FURN
10
37072.8
20
3833
30
0
11
37050
21
3900
31
0
0
LINE
8
FURN
10
37050
20
3900
30
0
11
37072.8
21
3967
31
0
0
LINE
8
FURN
10
37072.8
20
3967
30
0
11
37137.9
21
4023.7
31
0
0
LINE
8
FURN
10
37137.9
20
4023.7
30
0
11
37235.2
21
4061.7
31
0
0
LINE
8
FURN
10
37235.2
20
4061.7
30
0
11
37350
21
4075
31
0
0
LINE
8
FURN
10
37350
20
4075
30
0
11
37464.8
21
4061.7
31
0
0
LINE
8
FURN
10
37464.8
20
4061.7
30
0
11
37562.1
21
4023.7
31
0
0
LINE
8
FURN
10
37562.1
20
4023.7
30
0
11
37627.2
21
3967
31
0
0
LINE
8
FURN
10
37627.2
20
3967
30
0
11
37650
21
3900
31
0
0
LINE
8
FURN
10
34100
20
5550
30
0
11
34500
21
5550
31
0
0
LINE
8
FURN
10
34500
20
5550
30
0
11
34500
21
3950
31
0
0
LINE
8
FURN
10
34500
20
3950
30
0
11
34100
21
3950
31
0
0
LINE
8
FURN
10
34100
20
3950
30
0
11
34100
21
5550
31
0
0
LINE
8
FURN
10
34500
20
4750
30
0
11
34100
21
4750
31
0
0
LINE
8
FURN
10
35900
20
2400
30
0
11
37900
21
2400
31
0
0
LINE
8
FURN
10
37900
20
2400
30
0
11
37900
21
600
31
0
0
LINE
8
FURN
10
37900
20
600
30
0
11
35900
21
600
31
0
0
LINE
8
FURN
10
35900
20
600
30
0
11
35900
21
2400
31
0
0
LINE
8
FURN
10
37725
20
2400
30
0
11
37900
21
2400
31
0
0
LINE
8
FURN
10
37900
20
2400
30
0
11
37900
21
600
31
0
0
LINE
8
FURN
10
37900
20
600
30
0
11
37725
21
600
31
0
0
LINE
8
FURN
10
37725
20
600
30
0
11
37725
21
2400
31
0
0
LINE
8
FURN
10
37000
20
2250
30
0
11
37650
21
2250
31
0
0
LINE
8
FURN
10
37650
20
2250
30
0
11
37650
21
1550
31
0
0
LINE
8
FURN
10
37650
20
1550
30
0
11
37000
21
1550
31
0
0
LINE
8
FURN
10
37000
20
1550
30
0
11
37000
21
2250
31
0
0
LINE
8
FURN
10
37000
20
1450
30
0
11
37650
21
1450
31
0
0
LINE
8
FURN
10
37650
20
1450
30
0
11
37650
21
750
31
0
0
LINE
8
FURN
10
37650
20
750
30
0
11
37000
21
750
31
0
0
LINE
8
FURN
10
37000
20
750
30
0
11
37000
21
1450
31
0
0
LINE
8
FURN
10
36350
20
2400
30
0
11
36350
21
600
31
0
0
LINE
8
FURN
10
37400
20
3000
30
0
11
37900
21
3000
31
0
0
LINE
8
FURN
10
37900
20
3000
30
0
11
37900
21
2550
31
0
0
LINE
8
FURN
10
37900
20
2550
30
0
11
37400
21
2550
31
0
0
LINE
8
FURN
10
37400
20
2550
30
0
11
37400
21
3000
31
0
0
LINE
8
FURN
10
37400
20
800
30
0
11
37900
21
800
31
0
0
LINE
8
FURN
10
37900
20
800
30
0
11
37900
21
350
31
0
0
LINE
8
FURN
10
37900
20
350
30
0
11
37400
21
350
31
0
0
LINE
8
FURN
10
37400
20
350
30
0
11
37400
21
800
31
0
0
LINE
8
FURN
10
34050
20
2550
30
0
11
34500
21
2550
31
0
0
LINE
8
FURN
10
34500
20
2550
30
0
11
34500
21
650
31
0
0
LINE
8
FURN
10
34500
20
650
30
0
11
34050
21
650
31
0
0
LINE
8
FURN
10
34050
20
650
30
0
11
34050
21
2550
31
0
0
LINE
8
FURN
10
34500
20
1600
30
0
11
34050
21
1600
31
0
0
LINE
8
FURN
10
34700
20
750
30
0
11
35800
21
750
31
0
0
LINE
8
FURN
10
35800
20
750
30
0
11
35800
21
350
31
0
0
LINE
8
FURN
10
35800
20
350
30
0
11
34700
21
350
31
0
0
LINE
8
FURN
10
34700
20
350
30
0
11
34700
21
750
31
0
0
LINE
8
WINDOW
10
37500
20
75
30
0
11
35950
21
75
31
0
0
LINE
8
WINDOW
10
36050
20
0
30
0
11
34500
21
0
31
0
0
LINE
8
FURN
10
37950
20
0
30
0
11
37950
21
-1450
31
0
0
LINE
8
FURN
10
34050
20
0
30
0
11
34050
21
-1450
31
0
0
LINE
8
FURN
10
37950
20
-1425
30
0
11
34050
21
-1425
31
0
0
LINE
8
FURN
10
37950
20
-1300
30
0
11
34050
21
-1300
31
0
0
LINE
8
HVAC
10
34150
20
-600
30
0
11
35050
21
-600
31
0
0
LINE
8
HVAC
10
35050
20
-600
30
0
11
35050
21
-1000
31
0
0
LINE
8
HVAC
10
35050
20
-1000
30
0
11
34150
21
-1000
31
0
0
LINE
8
HVAC
10
34150
20
-1000
30
0
11
34150
21
-600
31
0
0
LINE
8
HVAC
10
34900
20
-600
30
0
11
34900
21
-1000
31
0
0
LINE
8
HVAC
10
34725
20
-600
30
0
11
34725
21
-1000
31
0
0
LINE
8
HVAC
10
34550
20
-600
30
0
11
34550
21
-1000
31
0
0
LINE
8
HVAC
10
34375
20
-600
30
0
11
34375
21
-1000
31
0
0
LINE
8
DOOR
10
31900
20
4250
30
0
11
32650
21
4250
31
0
0
ARC
8
DOOR
10
32650
20
5000
30
0
40
750
50
180
51
270
0
LINE
8
FURN
10
32975
20
6375
30
0
11
33775
21
6375
31
0
0
LINE
8
FURN
10
33775
20
6375
30
0
11
33775
21
5575
31
0
0
LINE
8
FURN
10
33775
20
5575
30
0
11
32975
21
5575
31
0
0
LINE
8
FURN
10
32975
20
5575
30
0
11
32975
21
6375
31
0
0
LINE
8
FURN
10
33775
20
6375
30
0
11
32975
21
5575
31
0
0
CIRCLE
8
FURN
10
33375
20
5975
30
0
40
62.5
0
LINE
8
FURN
10
32250
20
6400
30
0
11
32750
21
6400
31
0
0
LINE
8
FURN
10
32750
20
6400
30
0
11
32750
21
6200
31
0
0
LINE
8
FURN
10
32750
20
6200
30
0
11
32250
21
6200
31
0
0
LINE
8
FURN
10
32250
20
6200
30
0
11
32250
21
6400
31
0
0
LINE
8
FURN
10
32725
20
5850
30
0
11
32707.9
21
5744.8
31
0
0
LINE
8
FURN
10
32707.9
20
5744.8
30
0
11
32659.1
21
5655.5
31
0
0
LINE
8
FURN
10
32659.1
20
5655.5
30
0
11
32586.1
21
5595.9
31
0
0
LINE
8
FURN
10
32586.1
20
5595.9
30
0
11
32500
21
5575
31
0
0
LINE
8
FURN
10
32500
20
5575
30
0
11
32413.9
21
5595.9
31
0
0
LINE
8
FURN
10
32413.9
20
5595.9
30
0
11
32340.9
21
5655.5
31
0
0
LINE
8
FURN
10
32340.9
20
5655.5
30
0
11
32292.1
21
5744.8
31
0
0
LINE
8
FURN
10
32292.1
20
5744.8
30
0
11
32275
21
5850
31
0
0
LINE
8
FURN
10
32275
20
5850
30
0
11
32292.1
21
5955.2
31
0
0
LINE
8
FURN
10
32292.1
20
5955.2
30
0
11
32340.9
21
6044.5
31
0
0
LINE
8
FURN
10
32340.9
20
6044.5
30
0
11
32413.9
21
6104.1
31
0
0
LINE
8
FURN
10
32413.9
20
6104.1
30
0
11
32500
21
6125
31
0
0
LINE
8
FURN
10
32500
20
6125
30
0
11
32586.1
21
6104.1
31
0
0
LINE
8
FURN
10
32586.1
20
6104.1
30
0
11
32659.1
21
6044.5
31
0
0
LINE
8
FURN
10
32659.1
20
6044.5
30
0
11
32707.9
21
5955.2
31
0
0
LINE
8
FURN
10
32707.9
20
5955.2
30
0
11
32725
21
5850
31
0
0
LINE
8
FURN
10
32900
20
5050
30
0
11
33800
21
5050
31
0
0
LINE
8
FURN
10
33800
20
5050
30
0
11
33800
21
4550
31
0
0
LINE
8
FURN
10
33800
20
4550
30
0
11
32900
21
4550
31
0
0
LINE
8
FURN
10
32900
20
4550
30
0
11
32900
21
5050
31
0
0
LINE
8
FURN
10
33650
20
4800
30
0
11
33627.2
21
4733
31
0
0
LINE
8
FURN
10
33627.2
20
4733
30
0
11
33562.1
21
4676.3
31
0
0
LINE
8
FURN
10
33562.1
20
4676.3
30
0
11
33464.8
21
4638.3
31
0
0
LINE
8
FURN
10
33464.8
20
4638.3
30
0
11
33350
21
4625
31
0
0
LINE
8
FURN
10
33350
20
4625
30
0
11
33235.2
21
4638.3
31
0
0
LINE
8
FURN
10
33235.2
20
4638.3
30
0
11
33137.9
21
4676.3
31
0
0
LINE
8
FURN
10
33137.9
20
4676.3
30
0
11
33072.8
21
4733
31
0
0
LINE
8
FURN
10
33072.8
20
4733
30
0
11
33050
21
4800
31
0
0
LINE
8
FURN
10
33050
20
4800
30
0
11
33072.8
21
4867
31
0
0
LINE
8
FURN
10
33072.8
20
4867
30
0
11
33137.9
21
4923.7
31
0
0
LINE
8
FURN
10
33137.9
20
4923.7
30
0
11
33235.2
21
4961.7
31
0
0
LINE
8
FURN
10
33235.2
20
4961.7
30
0
11
33350
21
4975
31
0
0
LINE
8
FURN
10
33350
20
4975
30
0
11
33464.8
21
4961.7
31
0
0
LINE
8
FURN
10
33464.8
20
4961.7
30
0
11
33562.1
21
4923.7
31
0
0
LINE
8
FURN
10
33562.1
20
4923.7
30
0
11
33627.2
21
4867
31
0
0
LINE
8
FURN
10
33627.2
20
4867
30
0
11
33650
21
4800
31
0
0
LINE
8
FURN
10
31200
20
6450
30
0
11
31600
21
6450
31
0
0
LINE
8
FURN
10
31600
20
6450
30
0
11
31600
21
4850
31
0
0
LINE
8
FURN
10
31600
20
4850
30
0
11
31200
21
4850
31
0
0
LINE
8
FURN
10
31200
20
4850
30
0
11
31200
21
6450
31
0
0
LINE
8
FURN
10
31600
20
5650
30
0
11
31200
21
5650
31
0
0
LINE
8
FURN
10
31900
20
3300
30
0
11
33900
21
3300
31
0
0
LINE
8
FURN
10
33900
20
3300
30
0
11
33900
21
1500
31
0
0
LINE
8
FURN
10
33900
20
1500
30
0
11
31900
21
1500
31
0
0
LINE
8
FURN
10
31900
20
1500
30
0
11
31900
21
3300
31
0
0
LINE
8
FURN
10
33725
20
3300
30
0
11
33900
21
3300
31
0
0
LINE
8
FURN
10
33900
20
3300
30
0
11
33900
21
1500
31
0
0
LINE
8
FURN
10
33900
20
1500
30
0
11
33725
21
1500
31
0
0
LINE
8
FURN
10
33725
20
1500
30
0
11
33725
21
3300
31
0
0
LINE
8
FURN
10
33000
20
3150
30
0
11
33650
21
3150
31
0
0
LINE
8
FURN
10
33650
20
3150
30
0
11
33650
21
2450
31
0
0
LINE
8
FURN
10
33650
20
2450
30
0
11
33000
21
2450
31
0
0
LINE
8
FURN
10
33000
20
2450
30
0
11
33000
21
3150
31
0
0
LINE
8
FURN
10
33000
20
2350
30
0
11
33650
21
2350
31
0
0
LINE
8
FURN
10
33650
20
2350
30
0
11
33650
21
1650
31
0
0
LINE
8
FURN
10
33650
20
1650
30
0
11
33000
21
1650
31
0
0
LINE
8
FURN
10
33000
20
1650
30
0
11
33000
21
2350
31
0
0
LINE
8
FURN
10
32350
20
3300
30
0
11
32350
21
1500
31
0
0
LINE
8
FURN
10
33400
20
3900
30
0
11
33900
21
3900
31
0
0
LINE
8
FURN
10
33900
20
3900
30
0
11
33900
21
3450
31
0
0
LINE
8
FURN
10
33900
20
3450
30
0
11
33400
21
3450
31
0
0
LINE
8
FURN
10
33400
20
3450
30
0
11
33400
21
3900
31
0
0
LINE
8
FURN
10
33400
20
1350
30
0
11
33900
21
1350
31
0
0
LINE
8
FURN
10
33900
20
1350
30
0
11
33900
21
900
31
0
0
LINE
8
FURN
10
33900
20
900
30
0
11
33400
21
900
31
0
0
LINE
8
FURN
10
33400
20
900
30
0
11
33400
21
1350
31
0
0
LINE
8
FURN
10
30050
20
3450
30
0
11
30500
21
3450
31
0
0
LINE
8
FURN
10
30500
20
3450
30
0
11
30500
21
1550
31
0
0
LINE
8
FURN
10
30500
20
1550
30
0
11
30050
21
1550
31
0
0
LINE
8
FURN
10
30050
20
1550
30
0
11
30050
21
3450
31
0
0
LINE
8
FURN
10
30500
20
2500
30
0
11
30050
21
2500
31
0
0
LINE
8
FURN
10
32150
20
900
30
0
11
33350
21
900
31
0
0
LINE
8
FURN
10
33350
20
900
30
0
11
33350
21
500
31
0
0
LINE
8
FURN
10
33350
20
500
30
0
11
32150
21
500
31
0
0
LINE
8
FURN
10
32150
20
500
30
0
11
32150
21
900
31
0
0
LINE
8
WINDOW
10
33100
20
75
30
0
11
31850
21
75
31
0
0
LINE
8
WINDOW
10
31950
20
0
30
0
11
30900
21
0
31
0
0
LINE
8
FURN
10
33400
20
-1425
30
0
11
30600
21
-1425
31
0
0
LINE
8
FURN
10
33400
20
-1300
30
0
11
30600
21
-1300
31
0
0
LINE
8
HVAC
10
30650
20
-600
30
0
11
31500
21
-600
31
0
0
LINE
8
HVAC
10
31500
20
-600
30
0
11
31500
21
-1000
31
0
0
LINE
8
HVAC
10
31500
20
-1000
30
0
11
30650
21
-1000
31
0
0
LINE
8
HVAC
10
30650
20
-1000
30
0
11
30650
21
-600
31
0
0
LINE
8
HVAC
10
31350
20
-600
30
0
11
31350
21
-1000
31
0
0
LINE
8
HVAC
10
31175
20
-600
30
0
11
31175
21
-1000
31
0
0
LINE
8
HVAC
10
31000
20
-600
30
0
11
31000
21
-1000
31
0
0
LINE
8
HVAC
10
30825
20
-600
30
0
11
30825
21
-1000
31
0
0
LINE
8
DOOR
10
27900
20
4250
30
0
11
28650
21
4250
31
0
0
ARC
8
DOOR
10
28650
20
5000
30
0
40
750
50
180
51
270
0
LINE
8
FURN
10
28975
20
6375
30
0
11
29775
21
6375
31
0
0
LINE
8
FURN
10
29775
20
6375
30
0
11
29775
21
5575
31
0
0
LINE
8
FURN
10
29775
20
5575
30
0
11
28975
21
5575
31
0
0
LINE
8
FURN
10
28975
20
5575
30
0
11
28975
21
6375
31
0
0
LINE
8
FURN
10
29775
20
6375
30
0
11
28975
21
5575
31
0
0
CIRCLE
8
FURN
10
29375
20
5975
30
0
40
62.5
0
LINE
8
FURN
10
28250
20
6400
30
0
11
28750
21
6400
31
0
0
LINE
8
FURN
10
28750
20
6400
30
0
11
28750
21
6200
31
0
0
LINE
8
FURN
10
28750
20
6200
30
0
11
28250
21
6200
31
0
0
LINE
8
FURN
10
28250
20
6200
30
0
11
28250
21
6400
31
0
0
LINE
8
FURN
10
28725
20
5850
30
0
11
28707.9
21
5744.8
31
0
0
LINE
8
FURN
10
28707.9
20
5744.8
30
0
11
28659.1
21
5655.5
31
0
0
LINE
8
FURN
10
28659.1
20
5655.5
30
0
11
28586.1
21
5595.9
31
0
0
LINE
8
FURN
10
28586.1
20
5595.9
30
0
11
28500
21
5575
31
0
0
LINE
8
FURN
10
28500
20
5575
30
0
11
28413.9
21
5595.9
31
0
0
LINE
8
FURN
10
28413.9
20
5595.9
30
0
11
28340.9
21
5655.5
31
0
0
LINE
8
FURN
10
28340.9
20
5655.5
30
0
11
28292.1
21
5744.8
31
0
0
LINE
8
FURN
10
28292.1
20
5744.8
30
0
11
28275
21
5850
31
0
0
LINE
8
FURN
10
28275
20
5850
30
0
11
28292.1
21
5955.2
31
0
0
LINE
8
FURN
10
28292.1
20
5955.2
30
0
11
28340.9
21
6044.5
31
0
0
LINE
8
FURN
10
28340.9
20
6044.5
30
0
11
28413.9
21
6104.1
31
0
0
LINE
8
FURN
10
28413.9
20
6104.1
30
0
11
28500
21
6125
31
0
0
LINE
8
FURN
10
28500
20
6125
30
0
11
28586.1
21
6104.1
31
0
0
LINE
8
FURN
10
28586.1
20
6104.1
30
0
11
28659.1
21
6044.5
31
0
0
LINE
8
FURN
10
28659.1
20
6044.5
30
0
11
28707.9
21
5955.2
31
0
0
LINE
8
FURN
10
28707.9
20
5955.2
30
0
11
28725
21
5850
31
0
0
LINE
8
FURN
10
28900
20
5050
30
0
11
29800
21
5050
31
0
0
LINE
8
FURN
10
29800
20
5050
30
0
11
29800
21
4550
31
0
0
LINE
8
FURN
10
29800
20
4550
30
0
11
28900
21
4550
31
0
0
LINE
8
FURN
10
28900
20
4550
30
0
11
28900
21
5050
31
0
0
LINE
8
FURN
10
29650
20
4800
30
0
11
29627.2
21
4733
31
0
0
LINE
8
FURN
10
29627.2
20
4733
30
0
11
29562.1
21
4676.3
31
0
0
LINE
8
FURN
10
29562.1
20
4676.3
30
0
11
29464.8
21
4638.3
31
0
0
LINE
8
FURN
10
29464.8
20
4638.3
30
0
11
29350
21
4625
31
0
0
LINE
8
FURN
10
29350
20
4625
30
0
11
29235.2
21
4638.3
31
0
0
LINE
8
FURN
10
29235.2
20
4638.3
30
0
11
29137.9
21
4676.3
31
0
0
LINE
8
FURN
10
29137.9
20
4676.3
30
0
11
29072.8
21
4733
31
0
0
LINE
8
FURN
10
29072.8
20
4733
30
0
11
29050
21
4800
31
0
0
LINE
8
FURN
10
29050
20
4800
30
0
11
29072.8
21
4867
31
0
0
LINE
8
FURN
10
29072.8
20
4867
30
0
11
29137.9
21
4923.7
31
0
0
LINE
8
FURN
10
29137.9
20
4923.7
30
0
11
29235.2
21
4961.7
31
0
0
LINE
8
FURN
10
29235.2
20
4961.7
30
0
11
29350
21
4975
31
0
0
LINE
8
FURN
10
29350
20
4975
30
0
11
29464.8
21
4961.7
31
0
0
LINE
8
FURN
10
29464.8
20
4961.7
30
0
11
29562.1
21
4923.7
31
0
0
LINE
8
FURN
10
29562.1
20
4923.7
30
0
11
29627.2
21
4867
31
0
0
LINE
8
FURN
10
29627.2
20
4867
30
0
11
29650
21
4800
31
0
0
LINE
8
FURN
10
27200
20
6450
30
0
11
27600
21
6450
31
0
0
LINE
8
FURN
10
27600
20
6450
30
0
11
27600
21
4850
31
0
0
LINE
8
FURN
10
27600
20
4850
30
0
11
27200
21
4850
31
0
0
LINE
8
FURN
10
27200
20
4850
30
0
11
27200
21
6450
31
0
0
LINE
8
FURN
10
27600
20
5650
30
0
11
27200
21
5650
31
0
0
LINE
8
FURN
10
27900
20
3300
30
0
11
29900
21
3300
31
0
0
LINE
8
FURN
10
29900
20
3300
30
0
11
29900
21
1500
31
0
0
LINE
8
FURN
10
29900
20
1500
30
0
11
27900
21
1500
31
0
0
LINE
8
FURN
10
27900
20
1500
30
0
11
27900
21
3300
31
0
0
LINE
8
FURN
10
29725
20
3300
30
0
11
29900
21
3300
31
0
0
LINE
8
FURN
10
29900
20
3300
30
0
11
29900
21
1500
31
0
0
LINE
8
FURN
10
29900
20
1500
30
0
11
29725
21
1500
31
0
0
LINE
8
FURN
10
29725
20
1500
30
0
11
29725
21
3300
31
0
0
LINE
8
FURN
10
29000
20
3150
30
0
11
29650
21
3150
31
0
0
LINE
8
FURN
10
29650
20
3150
30
0
11
29650
21
2450
31
0
0
LINE
8
FURN
10
29650
20
2450
30
0
11
29000
21
2450
31
0
0
LINE
8
FURN
10
29000
20
2450
30
0
11
29000
21
3150
31
0
0
LINE
8
FURN
10
29000
20
2350
30
0
11
29650
21
2350
31
0
0
LINE
8
FURN
10
29650
20
2350
30
0
11
29650
21
1650
31
0
0
LINE
8
FURN
10
29650
20
1650
30
0
11
29000
21
1650
31
0
0
LINE
8
FURN
10
29000
20
1650
30
0
11
29000
21
2350
31
0
0
LINE
8
FURN
10
28350
20
3300
30
0
11
28350
21
1500
31
0
0
LINE
8
FURN
10
29400
20
3900
30
0
11
29900
21
3900
31
0
0
LINE
8
FURN
10
29900
20
3900
30
0
11
29900
21
3450
31
0
0
LINE
8
FURN
10
29900
20
3450
30
0
11
29400
21
3450
31
0
0
LINE
8
FURN
10
29400
20
3450
30
0
11
29400
21
3900
31
0
0
LINE
8
FURN
10
29400
20
1350
30
0
11
29900
21
1350
31
0
0
LINE
8
FURN
10
29900
20
1350
30
0
11
29900
21
900
31
0
0
LINE
8
FURN
10
29900
20
900
30
0
11
29400
21
900
31
0
0
LINE
8
FURN
10
29400
20
900
30
0
11
29400
21
1350
31
0
0
LINE
8
FURN
10
26050
20
3450
30
0
11
26500
21
3450
31
0
0
LINE
8
FURN
10
26500
20
3450
30
0
11
26500
21
1550
31
0
0
LINE
8
FURN
10
26500
20
1550
30
0
11
26050
21
1550
31
0
0
LINE
8
FURN
10
26050
20
1550
30
0
11
26050
21
3450
31
0
0
LINE
8
FURN
10
26500
20
2500
30
0
11
26050
21
2500
31
0
0
LINE
8
FURN
10
28150
20
900
30
0
11
29350
21
900
31
0
0
LINE
8
FURN
10
29350
20
900
30
0
11
29350
21
500
31
0
0
LINE
8
FURN
10
29350
20
500
30
0
11
28150
21
500
31
0
0
LINE
8
FURN
10
28150
20
500
30
0
11
28150
21
900
31
0
0
LINE
8
WINDOW
10
29100
20
75
30
0
11
27850
21
75
31
0
0
LINE
8
WINDOW
10
27950
20
0
30
0
11
26900
21
0
31
0
0
LINE
8
FURN
10
29400
20
-1425
30
0
11
26600
21
-1425
31
0
0
LINE
8
FURN
10
29400
20
-1300
30
0
11
26600
21
-1300
31
0
0
LINE
8
HVAC
10
26650
20
-600
30
0
11
27500
21
-600
31
0
0
LINE
8
HVAC
10
27500
20
-600
30
0
11
27500
21
-1000
31
0
0
LINE
8
HVAC
10
27500
20
-1000
30
0
11
26650
21
-1000
31
0
0
LINE
8
HVAC
10
26650
20
-1000
30
0
11
26650
21
-600
31
0
0
LINE
8
HVAC
10
27350
20
-600
30
0
11
27350
21
-1000
31
0
0
LINE
8
HVAC
10
27175
20
-600
30
0
11
27175
21
-1000
31
0
0
LINE
8
HVAC
10
27000
20
-600
30
0
11
27000
21
-1000
31
0
0
LINE
8
HVAC
10
26825
20
-600
30
0
11
26825
21
-1000
31
0
0
LINE
8
DOOR
10
23900
20
4250
30
0
11
24650
21
4250
31
0
0
ARC
8
DOOR
10
24650
20
5000
30
0
40
750
50
180
51
270
0
LINE
8
FURN
10
24975
20
6375
30
0
11
25775
21
6375
31
0
0
LINE
8
FURN
10
25775
20
6375
30
0
11
25775
21
5575
31
0
0
LINE
8
FURN
10
25775
20
5575
30
0
11
24975
21
5575
31
0
0
LINE
8
FURN
10
24975
20
5575
30
0
11
24975
21
6375
31
0
0
LINE
8
FURN
10
25775
20
6375
30
0
11
24975
21
5575
31
0
0
CIRCLE
8
FURN
10
25375
20
5975
30
0
40
62.5
0
LINE
8
FURN
10
24250
20
6400
30
0
11
24750
21
6400
31
0
0
LINE
8
FURN
10
24750
20
6400
30
0
11
24750
21
6200
31
0
0
LINE
8
FURN
10
24750
20
6200
30
0
11
24250
21
6200
31
0
0
LINE
8
FURN
10
24250
20
6200
30
0
11
24250
21
6400
31
0
0
LINE
8
FURN
10
24725
20
5850
30
0
11
24707.9
21
5744.8
31
0
0
LINE
8
FURN
10
24707.9
20
5744.8
30
0
11
24659.1
21
5655.5
31
0
0
LINE
8
FURN
10
24659.1
20
5655.5
30
0
11
24586.1
21
5595.9
31
0
0
LINE
8
FURN
10
24586.1
20
5595.9
30
0
11
24500
21
5575
31
0
0
LINE
8
FURN
10
24500
20
5575
30
0
11
24413.9
21
5595.9
31
0
0
LINE
8
FURN
10
24413.9
20
5595.9
30
0
11
24340.9
21
5655.5
31
0
0
LINE
8
FURN
10
24340.9
20
5655.5
30
0
11
24292.1
21
5744.8
31
0
0
LINE
8
FURN
10
24292.1
20
5744.8
30
0
11
24275
21
5850
31
0
0
LINE
8
FURN
10
24275
20
5850
30
0
11
24292.1
21
5955.2
31
0
0
LINE
8
FURN
10
24292.1
20
5955.2
30
0
11
24340.9
21
6044.5
31
0
0
LINE
8
FURN
10
24340.9
20
6044.5
30
0
11
24413.9
21
6104.1
31
0
0
LINE
8
FURN
10
24413.9
20
6104.1
30
0
11
24500
21
6125
31
0
0
LINE
8
FURN
10
24500
20
6125
30
0
11
24586.1
21
6104.1
31
0
0
LINE
8
FURN
10
24586.1
20
6104.1
30
0
11
24659.1
21
6044.5
31
0
0
LINE
8
FURN
10
24659.1
20
6044.5
30
0
11
24707.9
21
5955.2
31
0
0
LINE
8
FURN
10
24707.9
20
5955.2
30
0
11
24725
21
5850
31
0
0
LINE
8
FURN
10
24900
20
5050
30
0
11
25800
21
5050
31
0
0
LINE
8
FURN
10
25800
20
5050
30
0
11
25800
21
4550
31
0
0
LINE
8
FURN
10
25800
20
4550
30
0
11
24900
21
4550
31
0
0
LINE
8
FURN
10
24900
20
4550
30
0
11
24900
21
5050
31
0
0
LINE
8
FURN
10
25650
20
4800
30
0
11
25627.2
21
4733
31
0
0
LINE
8
FURN
10
25627.2
20
4733
30
0
11
25562.1
21
4676.3
31
0
0
LINE
8
FURN
10
25562.1
20
4676.3
30
0
11
25464.8
21
4638.3
31
0
0
LINE
8
FURN
10
25464.8
20
4638.3
30
0
11
25350
21
4625
31
0
0
LINE
8
FURN
10
25350
20
4625
30
0
11
25235.2
21
4638.3
31
0
0
LINE
8
FURN
10
25235.2
20
4638.3
30
0
11
25137.9
21
4676.3
31
0
0
LINE
8
FURN
10
25137.9
20
4676.3
30
0
11
25072.8
21
4733
31
0
0
LINE
8
FURN
10
25072.8
20
4733
30
0
11
25050
21
4800
31
0
0
LINE
8
FURN
10
25050
20
4800
30
0
11
25072.8
21
4867
31
0
0
LINE
8
FURN
10
25072.8
20
4867
30
0
11
25137.9
21
4923.7
31
0
0
LINE
8
FURN
10
25137.9
20
4923.7
30
0
11
25235.2
21
4961.7
31
0
0
LINE
8
FURN
10
25235.2
20
4961.7
30
0
11
25350
21
4975
31
0
0
LINE
8
FURN
10
25350
20
4975
30
0
11
25464.8
21
4961.7
31
0
0
LINE
8
FURN
10
25464.8
20
4961.7
30
0
11
25562.1
21
4923.7
31
0
0
LINE
8
FURN
10
25562.1
20
4923.7
30
0
11
25627.2
21
4867
31
0
0
LINE
8
FURN
10
25627.2
20
4867
30
0
11
25650
21
4800
31
0
0
LINE
8
FURN
10
23200
20
6450
30
0
11
23600
21
6450
31
0
0
LINE
8
FURN
10
23600
20
6450
30
0
11
23600
21
4850
31
0
0
LINE
8
FURN
10
23600
20
4850
30
0
11
23200
21
4850
31
0
0
LINE
8
FURN
10
23200
20
4850
30
0
11
23200
21
6450
31
0
0
LINE
8
FURN
10
23600
20
5650
30
0
11
23200
21
5650
31
0
0
LINE
8
FURN
10
23900
20
3300
30
0
11
25900
21
3300
31
0
0
LINE
8
FURN
10
25900
20
3300
30
0
11
25900
21
1500
31
0
0
LINE
8
FURN
10
25900
20
1500
30
0
11
23900
21
1500
31
0
0
LINE
8
FURN
10
23900
20
1500
30
0
11
23900
21
3300
31
0
0
LINE
8
FURN
10
25725
20
3300
30
0
11
25900
21
3300
31
0
0
LINE
8
FURN
10
25900
20
3300
30
0
11
25900
21
1500
31
0
0
LINE
8
FURN
10
25900
20
1500
30
0
11
25725
21
1500
31
0
0
LINE
8
FURN
10
25725
20
1500
30
0
11
25725
21
3300
31
0
0
LINE
8
FURN
10
25000
20
3150
30
0
11
25650
21
3150
31
0
0
LINE
8
FURN
10
25650
20
3150
30
0
11
25650
21
2450
31
0
0
LINE
8
FURN
10
25650
20
2450
30
0
11
25000
21
2450
31
0
0
LINE
8
FURN
10
25000
20
2450
30
0
11
25000
21
3150
31
0
0
LINE
8
FURN
10
25000
20
2350
30
0
11
25650
21
2350
31
0
0
LINE
8
FURN
10
25650
20
2350
30
0
11
25650
21
1650
31
0
0
LINE
8
FURN
10
25650
20
1650
30
0
11
25000
21
1650
31
0
0
LINE
8
FURN
10
25000
20
1650
30
0
11
25000
21
2350
31
0
0
LINE
8
FURN
10
24350
20
3300
30
0
11
24350
21
1500
31
0
0
LINE
8
FURN
10
25400
20
3900
30
0
11
25900
21
3900
31
0
0
LINE
8
FURN
10
25900
20
3900
30
0
11
25900
21
3450
31
0
0
LINE
8
FURN
10
25900
20
3450
30
0
11
25400
21
3450
31
0
0
LINE
8
FURN
10
25400
20
3450
30
0
11
25400
21
3900
31
0
0
LINE
8
FURN
10
25400
20
1350
30
0
11
25900
21
1350
31
0
0
LINE
8
FURN
10
25900
20
1350
30
0
11
25900
21
900
31
0
0
LINE
8
FURN
10
25900
20
900
30
0
11
25400
21
900
31
0
0
LINE
8
FURN
10
25400
20
900
30
0
11
25400
21
1350
31
0
0
LINE
8
FURN
10
22050
20
3450
30
0
11
22500
21
3450
31
0
0
LINE
8
FURN
10
22500
20
3450
30
0
11
22500
21
1550
31
0
0
LINE
8
FURN
10
22500
20
1550
30
0
11
22050
21
1550
31
0
0
LINE
8
FURN
10
22050
20
1550
30
0
11
22050
21
3450
31
0
0
LINE
8
FURN
10
22500
20
2500
30
0
11
22050
21
2500
31
0
0
LINE
8
FURN
10
24150
20
900
30
0
11
25350
21
900
31
0
0
LINE
8
FURN
10
25350
20
900
30
0
11
25350
21
500
31
0
0
LINE
8
FURN
10
25350
20
500
30
0
11
24150
21
500
31
0
0
LINE
8
FURN
10
24150
20
500
30
0
11
24150
21
900
31
0
0
LINE
8
WINDOW
10
25100
20
75
30
0
11
23850
21
75
31
0
0
LINE
8
WINDOW
10
23950
20
0
30
0
11
22900
21
0
31
0
0
LINE
8
FURN
10
25400
20
-1425
30
0
11
22600
21
-1425
31
0
0
LINE
8
FURN
10
25400
20
-1300
30
0
11
22600
21
-1300
31
0
0
LINE
8
HVAC
10
22650
20
-600
30
0
11
23500
21
-600
31
0
0
LINE
8
HVAC
10
23500
20
-600
30
0
11
23500
21
-1000
31
0
0
LINE
8
HVAC
10
23500
20
-1000
30
0
11
22650
21
-1000
31
0
0
LINE
8
HVAC
10
22650
20
-1000
30
0
11
22650
21
-600
31
0
0
LINE
8
HVAC
10
23350
20
-600
30
0
11
23350
21
-1000
31
0
0
LINE
8
HVAC
10
23175
20
-600
30
0
11
23175
21
-1000
31
0
0
LINE
8
HVAC
10
23000
20
-600
30
0
11
23000
21
-1000
31
0
0
LINE
8
HVAC
10
22825
20
-600
30
0
11
22825
21
-1000
31
0
0
LINE
8
DOOR
10
31900
20
10750
30
0
11
32650
21
10750
31
0
0
ARC
8
DOOR
10
32650
20
10000
30
0
40
750
50
90
51
180
0
LINE
8
FURN
10
32975
20
9425
30
0
11
33775
21
9425
31
0
0
LINE
8
FURN
10
33775
20
9425
30
0
11
33775
21
8625
31
0
0
LINE
8
FURN
10
33775
20
8625
30
0
11
32975
21
8625
31
0
0
LINE
8
FURN
10
32975
20
8625
30
0
11
32975
21
9425
31
0
0
LINE
8
FURN
10
33775
20
8625
30
0
11
32975
21
9425
31
0
0
CIRCLE
8
FURN
10
33375
20
9025
30
0
40
62.5
0
LINE
8
FURN
10
32250
20
8800
30
0
11
32750
21
8800
31
0
0
LINE
8
FURN
10
32750
20
8800
30
0
11
32750
21
8600
31
0
0
LINE
8
FURN
10
32750
20
8600
30
0
11
32250
21
8600
31
0
0
LINE
8
FURN
10
32250
20
8600
30
0
11
32250
21
8800
31
0
0
LINE
8
FURN
10
32725
20
9150
30
0
11
32707.9
21
9044.8
31
0
0
LINE
8
FURN
10
32707.9
20
9044.8
30
0
11
32659.1
21
8955.5
31
0
0
LINE
8
FURN
10
32659.1
20
8955.5
30
0
11
32586.1
21
8895.9
31
0
0
LINE
8
FURN
10
32586.1
20
8895.9
30
0
11
32500
21
8875
31
0
0
LINE
8
FURN
10
32500
20
8875
30
0
11
32413.9
21
8895.9
31
0
0
LINE
8
FURN
10
32413.9
20
8895.9
30
0
11
32340.9
21
8955.5
31
0
0
LINE
8
FURN
10
32340.9
20
8955.5
30
0
11
32292.1
21
9044.8
31
0
0
LINE
8
FURN
10
32292.1
20
9044.8
30
0
11
32275
21
9150
31
0
0
LINE
8
FURN
10
32275
20
9150
30
0
11
32292.1
21
9255.2
31
0
0
LINE
8
FURN
10
32292.1
20
9255.2
30
0
11
32340.9
21
9344.5
31
0
0
LINE
8
FURN
10
32340.9
20
9344.5
30
0
11
32413.9
21
9404.1
31
0
0
LINE
8
FURN
10
32413.9
20
9404.1
30
0
11
32500
21
9425
31
0
0
LINE
8
FURN
10
32500
20
9425
30
0
11
32586.1
21
9404.1
31
0
0
LINE
8
FURN
10
32586.1
20
9404.1
30
0
11
32659.1
21
9344.5
31
0
0
LINE
8
FURN
10
32659.1
20
9344.5
30
0
11
32707.9
21
9255.2
31
0
0
LINE
8
FURN
10
32707.9
20
9255.2
30
0
11
32725
21
9150
31
0
0
LINE
8
FURN
10
32900
20
10450
30
0
11
33800
21
10450
31
0
0
LINE
8
FURN
10
33800
20
10450
30
0
11
33800
21
9950
31
0
0
LINE
8
FURN
10
33800
20
9950
30
0
11
32900
21
9950
31
0
0
LINE
8
FURN
10
32900
20
9950
30
0
11
32900
21
10450
31
0
0
LINE
8
FURN
10
33650
20
10200
30
0
11
33627.2
21
10133
31
0
0
LINE
8
FURN
10
33627.2
20
10133
30
0
11
33562.1
21
10076.3
31
0
0
LINE
8
FURN
10
33562.1
20
10076.3
30
0
11
33464.8
21
10038.3
31
0
0
LINE
8
FURN
10
33464.8
20
10038.3
30
0
11
33350
21
10025
31
0
0
LINE
8
FURN
10
33350
20
10025
30
0
11
33235.2
21
10038.3
31
0
0
LINE
8
FURN
10
33235.2
20
10038.3
30
0
11
33137.9
21
10076.3
31
0
0
LINE
8
FURN
10
33137.9
20
10076.3
30
0
11
33072.8
21
10133
31
0
0
LINE
8
FURN
10
33072.8
20
10133
30
0
11
33050
21
10200
31
0
0
LINE
8
FURN
10
33050
20
10200
30
0
11
33072.8
21
10267
31
0
0
LINE
8
FURN
10
33072.8
20
10267
30
0
11
33137.9
21
10323.7
31
0
0
LINE
8
FURN
10
33137.9
20
10323.7
30
0
11
33235.2
21
10361.7
31
0
0
LINE
8
FURN
10
33235.2
20
10361.7
30
0
11
33350
21
10375
31
0
0
LINE
8
FURN
10
33350
20
10375
30
0
11
33464.8
21
10361.7
31
0
0
LINE
8
FURN
10
33464.8
20
10361.7
30
0
11
33562.1
21
10323.7
31
0
0
LINE
8
FURN
10
33562.1
20
10323.7
30
0
11
33627.2
21
10267
31
0
0
LINE
8
FURN
10
33627.2
20
10267
30
0
11
33650
21
10200
31
0
0
LINE
8
FURN
10
31200
20
10150
30
0
11
31600
21
10150
31
0
0
LINE
8
FURN
10
31600
20
10150
30
0
11
31600
21
8550
31
0
0
LINE
8
FURN
10
31600
20
8550
30
0
11
31200
21
8550
31
0
0
LINE
8
FURN
10
31200
20
8550
30
0
11
31200
21
10150
31
0
0
LINE
8
FURN
10
31600
20
9350
30
0
11
31200
21
9350
31
0
0
LINE
8
FURN
10
31900
20
13500
30
0
11
33900
21
13500
31
0
0
LINE
8
FURN
10
33900
20
13500
30
0
11
33900
21
11700
31
0
0
LINE
8
FURN
10
33900
20
11700
30
0
11
31900
21
11700
31
0
0
LINE
8
FURN
10
31900
20
11700
30
0
11
31900
21
13500
31
0
0
LINE
8
FURN
10
33725
20
13500
30
0
11
33900
21
13500
31
0
0
LINE
8
FURN
10
33900
20
13500
30
0
11
33900
21
11700
31
0
0
LINE
8
FURN
10
33900
20
11700
30
0
11
33725
21
11700
31
0
0
LINE
8
FURN
10
33725
20
11700
30
0
11
33725
21
13500
31
0
0
LINE
8
FURN
10
33000
20
12550
30
0
11
33650
21
12550
31
0
0
LINE
8
FURN
10
33650
20
12550
30
0
11
33650
21
11850
31
0
0
LINE
8
FURN
10
33650
20
11850
30
0
11
33000
21
11850
31
0
0
LINE
8
FURN
10
33000
20
11850
30
0
11
33000
21
12550
31
0
0
LINE
8
FURN
10
33000
20
13350
30
0
11
33650
21
13350
31
0
0
LINE
8
FURN
10
33650
20
13350
30
0
11
33650
21
12650
31
0
0
LINE
8
FURN
10
33650
20
12650
30
0
11
33000
21
12650
31
0
0
LINE
8
FURN
10
33000
20
12650
30
0
11
33000
21
13350
31
0
0
LINE
8
FURN
10
32350
20
11700
30
0
11
32350
21
13500
31
0
0
LINE
8
FURN
10
33400
20
11550
30
0
11
33900
21
11550
31
0
0
LINE
8
FURN
10
33900
20
11550
30
0
11
33900
21
11100
31
0
0
LINE
8
FURN
10
33900
20
11100
30
0
11
33400
21
11100
31
0
0
LINE
8
FURN
10
33400
20
11100
30
0
11
33400
21
11550
31
0
0
LINE
8
FURN
10
33400
20
14100
30
0
11
33900
21
14100
31
0
0
LINE
8
FURN
10
33900
20
14100
30
0
11
33900
21
13650
31
0
0
LINE
8
FURN
10
33900
20
13650
30
0
11
33400
21
13650
31
0
0
LINE
8
FURN
10
33400
20
13650
30
0
11
33400
21
14100
31
0
0
LINE
8
FURN
10
30050
20
13450
30
0
11
30500
21
13450
31
0
0
LINE
8
FURN
10
30500
20
13450
30
0
11
30500
21
11550
31
0
0
LINE
8
FURN
10
30500
20
11550
30
0
11
30050
21
11550
31
0
0
LINE
8
FURN
10
30050
20
11550
30
0
11
30050
21
13450
31
0
0
LINE
8
FURN
10
30500
20
12500
30
0
11
30050
21
12500
31
0
0
LINE
8
FURN
10
32150
20
14500
30
0
11
33350
21
14500
31
0
0
LINE
8
FURN
10
33350
20
14500
30
0
11
33350
21
14100
31
0
0
LINE
8
FURN
10
33350
20
14100
30
0
11
32150
21
14100
31
0
0
LINE
8
FURN
10
32150
20
14100
30
0
11
32150
21
14500
31
0
0
LINE
8
WINDOW
10
33100
20
14925
30
0
11
31850
21
14925
31
0
0
LINE
8
WINDOW
10
31950
20
15000
30
0
11
30900
21
15000
31
0
0
LINE
8
FURN
10
33400
20
16425
30
0
11
30600
21
16425
31
0
0
LINE
8
FURN
10
33400
20
16300
30
0
11
30600
21
16300
31
0
0
LINE
8
HVAC
10
30650
20
16000
30
0
11
31500
21
16000
31
0
0
LINE
8
HVAC
10
31500
20
16000
30
0
11
31500
21
15600
31
0
0
LINE
8
HVAC
10
31500
20
15600
30
0
11
30650
21
15600
31
0
0
LINE
8
HVAC
10
30650
20
15600
30
0
11
30650
21
16000
31
0
0
LINE
8
HVAC
10
31350
20
15600
30
0
11
31350
21
16000
31
0
0
LINE
8
HVAC
10
31175
20
15600
30
0
11
31175
21
16000
31
0
0
LINE
8
HVAC
10
31000
20
15600
30
0
11
31000
21
16000
31
0
0
LINE
8
HVAC
10
30825
20
15600
30
0
11
30825
21
16000
31
0
0
LINE
8
DOOR
10
27900
20
10750
30
0
11
28650
21
10750
31
0
0
ARC
8
DOOR
10
28650
20
10000
30
0
40
750
50
90
51
180
0
LINE
8
FURN
10
28975
20
9425
30
0
11
29775
21
9425
31
0
0
LINE
8
FURN
10
29775
20
9425
30
0
11
29775
21
8625
31
0
0
LINE
8
FURN
10
29775
20
8625
30
0
11
28975
21
8625
31
0
0
LINE
8
FURN
10
28975
20
8625
30
0
11
28975
21
9425
31
0
0
LINE
8
FURN
10
29775
20
8625
30
0
11
28975
21
9425
31
0
0
CIRCLE
8
FURN
10
29375
20
9025
30
0
40
62.5
0
LINE
8
FURN
10
28250
20
8800
30
0
11
28750
21
8800
31
0
0
LINE
8
FURN
10
28750
20
8800
30
0
11
28750
21
8600
31
0
0
LINE
8
FURN
10
28750
20
8600
30
0
11
28250
21
8600
31
0
0
LINE
8
FURN
10
28250
20
8600
30
0
11
28250
21
8800
31
0
0
LINE
8
FURN
10
28725
20
9150
30
0
11
28707.9
21
9044.8
31
0
0
LINE
8
FURN
10
28707.9
20
9044.8
30
0
11
28659.1
21
8955.5
31
0
0
LINE
8
FURN
10
28659.1
20
8955.5
30
0
11
28586.1
21
8895.9
31
0
0
LINE
8
FURN
10
28586.1
20
8895.9
30
0
11
28500
21
8875
31
0
0
LINE
8
FURN
10
28500
20
8875
30
0
11
28413.9
21
8895.9
31
0
0
LINE
8
FURN
10
28413.9
20
8895.9
30
0
11
28340.9
21
8955.5
31
0
0
LINE
8
FURN
10
28340.9
20
8955.5
30
0
11
28292.1
21
9044.8
31
0
0
LINE
8
FURN
10
28292.1
20
9044.8
30
0
11
28275
21
9150
31
0
0
LINE
8
FURN
10
28275
20
9150
30
0
11
28292.1
21
9255.2
31
0
0
LINE
8
FURN
10
28292.1
20
9255.2
30
0
11
28340.9
21
9344.5
31
0
0
LINE
8
FURN
10
28340.9
20
9344.5
30
0
11
28413.9
21
9404.1
31
0
0
LINE
8
FURN
10
28413.9
20
9404.1
30
0
11
28500
21
9425
31
0
0
LINE
8
FURN
10
28500
20
9425
30
0
11
28586.1
21
9404.1
31
0
0
LINE
8
FURN
10
28586.1
20
9404.1
30
0
11
28659.1
21
9344.5
31
0
0
LINE
8
FURN
10
28659.1
20
9344.5
30
0
11
28707.9
21
9255.2
31
0
0
LINE
8
FURN
10
28707.9
20
9255.2
30
0
11
28725
21
9150
31
0
0
LINE
8
FURN
10
28900
20
10450
30
0
11
29800
21
10450
31
0
0
LINE
8
FURN
10
29800
20
10450
30
0
11
29800
21
9950
31
0
0
LINE
8
FURN
10
29800
20
9950
30
0
11
28900
21
9950
31
0
0
LINE
8
FURN
10
28900
20
9950
30
0
11
28900
21
10450
31
0
0
LINE
8
FURN
10
29650
20
10200
30
0
11
29627.2
21
10133
31
0
0
LINE
8
FURN
10
29627.2
20
10133
30
0
11
29562.1
21
10076.3
31
0
0
LINE
8
FURN
10
29562.1
20
10076.3
30
0
11
29464.8
21
10038.3
31
0
0
LINE
8
FURN
10
29464.8
20
10038.3
30
0
11
29350
21
10025
31
0
0
LINE
8
FURN
10
29350
20
10025
30
0
11
29235.2
21
10038.3
31
0
0
LINE
8
FURN
10
29235.2
20
10038.3
30
0
11
29137.9
21
10076.3
31
0
0
LINE
8
FURN
10
29137.9
20
10076.3
30
0
11
29072.8
21
10133
31
0
0
LINE
8
FURN
10
29072.8
20
10133
30
0
11
29050
21
10200
31
0
0
LINE
8
FURN
10
29050
20
10200
30
0
11
29072.8
21
10267
31
0
0
LINE
8
FURN
10
29072.8
20
10267
30
0
11
29137.9
21
10323.7
31
0
0
LINE
8
FURN
10
29137.9
20
10323.7
30
0
11
29235.2
21
10361.7
31
0
0
LINE
8
FURN
10
29235.2
20
10361.7
30
0
11
29350
21
10375
31
0
0
LINE
8
FURN
10
29350
20
10375
30
0
11
29464.8
21
10361.7
31
0
0
LINE
8
FURN
10
29464.8
20
10361.7
30
0
11
29562.1
21
10323.7
31
0
0
LINE
8
FURN
10
29562.1
20
10323.7
30
0
11
29627.2
21
10267
31
0
0
LINE
8
FURN
10
29627.2
20
10267
30
0
11
29650
21
10200
31
0
0
LINE
8
FURN
10
27200
20
10150
30
0
11
27600
21
10150
31
0
0
LINE
8
FURN
10
27600
20
10150
30
0
11
27600
21
8550
31
0
0
LINE
8
FURN
10
27600
20
8550
30
0
11
27200
21
8550
31
0
0
LINE
8
FURN
10
27200
20
8550
30
0
11
27200
21
10150
31
0
0
LINE
8
FURN
10
27600
20
9350
30
0
11
27200
21
9350
31
0
0
LINE
8
FURN
10
27900
20
13500
30
0
11
29900
21
13500
31
0
0
LINE
8
FURN
10
29900
20
13500
30
0
11
29900
21
11700
31
0
0
LINE
8
FURN
10
29900
20
11700
30
0
11
27900
21
11700
31
0
0
LINE
8
FURN
10
27900
20
11700
30
0
11
27900
21
13500
31
0
0
LINE
8
FURN
10
29725
20
13500
30
0
11
29900
21
13500
31
0
0
LINE
8
FURN
10
29900
20
13500
30
0
11
29900
21
11700
31
0
0
LINE
8
FURN
10
29900
20
11700
30
0
11
29725
21
11700
31
0
0
LINE
8
FURN
10
29725
20
11700
30
0
11
29725
21
13500
31
0
0
LINE
8
FURN
10
29000
20
12550
30
0
11
29650
21
12550
31
0
0
LINE
8
FURN
10
29650
20
12550
30
0
11
29650
21
11850
31
0
0
LINE
8
FURN
10
29650
20
11850
30
0
11
29000
21
11850
31
0
0
LINE
8
FURN
10
29000
20
11850
30
0
11
29000
21
12550
31
0
0
LINE
8
FURN
10
29000
20
13350
30
0
11
29650
21
13350
31
0
0
LINE
8
FURN
10
29650
20
13350
30
0
11
29650
21
12650
31
0
0
LINE
8
FURN
10
29650
20
12650
30
0
11
29000
21
12650
31
0
0
LINE
8
FURN
10
29000
20
12650
30
0
11
29000
21
13350
31
0
0
LINE
8
FURN
10
28350
20
11700
30
0
11
28350
21
13500
31
0
0
LINE
8
FURN
10
29400
20
11550
30
0
11
29900
21
11550
31
0
0
LINE
8
FURN
10
29900
20
11550
30
0
11
29900
21
11100
31
0
0
LINE
8
FURN
10
29900
20
11100
30
0
11
29400
21
11100
31
0
0
LINE
8
FURN
10
29400
20
11100
30
0
11
29400
21
11550
31
0
0
LINE
8
FURN
10
29400
20
14100
30
0
11
29900
21
14100
31
0
0
LINE
8
FURN
10
29900
20
14100
30
0
11
29900
21
13650
31
0
0
LINE
8
FURN
10
29900
20
13650
30
0
11
29400
21
13650
31
0
0
LINE
8
FURN
10
29400
20
13650
30
0
11
29400
21
14100
31
0
0
LINE
8
FURN
10
26050
20
13450
30
0
11
26500
21
13450
31
0
0
LINE
8
FURN
10
26500
20
13450
30
0
11
26500
21
11550
31
0
0
LINE
8
FURN
10
26500
20
11550
30
0
11
26050
21
11550
31
0
0
LINE
8
FURN
10
26050
20
11550
30
0
11
26050
21
13450
31
0
0
LINE
8
FURN
10
26500
20
12500
30
0
11
26050
21
12500
31
0
0
LINE
8
FURN
10
28150
20
14500
30
0
11
29350
21
14500
31
0
0
LINE
8
FURN
10
29350
20
14500
30
0
11
29350
21
14100
31
0
0
LINE
8
FURN
10
29350
20
14100
30
0
11
28150
21
14100
31
0
0
LINE
8
FURN
10
28150
20
14100
30
0
11
28150
21
14500
31
0
0
LINE
8
WINDOW
10
29100
20
14925
30
0
11
27850
21
14925
31
0
0
LINE
8
WINDOW
10
27950
20
15000
30
0
11
26900
21
15000
31
0
0
LINE
8
FURN
10
29400
20
16425
30
0
11
26600
21
16425
31
0
0
LINE
8
FURN
10
29400
20
16300
30
0
11
26600
21
16300
31
0
0
LINE
8
HVAC
10
26650
20
16000
30
0
11
27500
21
16000
31
0
0
LINE
8
HVAC
10
27500
20
16000
30
0
11
27500
21
15600
31
0
0
LINE
8
HVAC
10
27500
20
15600
30
0
11
26650
21
15600
31
0
0
LINE
8
HVAC
10
26650
20
15600
30
0
11
26650
21
16000
31
0
0
LINE
8
HVAC
10
27350
20
15600
30
0
11
27350
21
16000
31
0
0
LINE
8
HVAC
10
27175
20
15600
30
0
11
27175
21
16000
31
0
0
LINE
8
HVAC
10
27000
20
15600
30
0
11
27000
21
16000
31
0
0
LINE
8
HVAC
10
26825
20
15600
30
0
11
26825
21
16000
31
0
0
LINE
8
DOOR
10
23900
20
10750
30
0
11
24650
21
10750
31
0
0
ARC
8
DOOR
10
24650
20
10000
30
0
40
750
50
90
51
180
0
LINE
8
FURN
10
24975
20
9425
30
0
11
25775
21
9425
31
0
0
LINE
8
FURN
10
25775
20
9425
30
0
11
25775
21
8625
31
0
0
LINE
8
FURN
10
25775
20
8625
30
0
11
24975
21
8625
31
0
0
LINE
8
FURN
10
24975
20
8625
30
0
11
24975
21
9425
31
0
0
LINE
8
FURN
10
25775
20
8625
30
0
11
24975
21
9425
31
0
0
CIRCLE
8
FURN
10
25375
20
9025
30
0
40
62.5
0
LINE
8
FURN
10
24250
20
8800
30
0
11
24750
21
8800
31
0
0
LINE
8
FURN
10
24750
20
8800
30
0
11
24750
21
8600
31
0
0
LINE
8
FURN
10
24750
20
8600
30
0
11
24250
21
8600
31
0
0
LINE
8
FURN
10
24250
20
8600
30
0
11
24250
21
8800
31
0
0
LINE
8
FURN
10
24725
20
9150
30
0
11
24707.9
21
9044.8
31
0
0
LINE
8
FURN
10
24707.9
20
9044.8
30
0
11
24659.1
21
8955.5
31
0
0
LINE
8
FURN
10
24659.1
20
8955.5
30
0
11
24586.1
21
8895.9
31
0
0
LINE
8
FURN
10
24586.1
20
8895.9
30
0
11
24500
21
8875
31
0
0
LINE
8
FURN
10
24500
20
8875
30
0
11
24413.9
21
8895.9
31
0
0
LINE
8
FURN
10
24413.9
20
8895.9
30
0
11
24340.9
21
8955.5
31
0
0
LINE
8
FURN
10
24340.9
20
8955.5
30
0
11
24292.1
21
9044.8
31
0
0
LINE
8
FURN
10
24292.1
20
9044.8
30
0
11
24275
21
9150
31
0
0
LINE
8
FURN
10
24275
20
9150
30
0
11
24292.1
21
9255.2
31
0
0
LINE
8
FURN
10
24292.1
20
9255.2
30
0
11
24340.9
21
9344.5
31
0
0
LINE
8
FURN
10
24340.9
20
9344.5
30
0
11
24413.9
21
9404.1
31
0
0
LINE
8
FURN
10
24413.9
20
9404.1
30
0
11
24500
21
9425
31
0
0
LINE
8
FURN
10
24500
20
9425
30
0
11
24586.1
21
9404.1
31
0
0
LINE
8
FURN
10
24586.1
20
9404.1
30
0
11
24659.1
21
9344.5
31
0
0
LINE
8
FURN
10
24659.1
20
9344.5
30
0
11
24707.9
21
9255.2
31
0
0
LINE
8
FURN
10
24707.9
20
9255.2
30
0
11
24725
21
9150
31
0
0
LINE
8
FURN
10
24900
20
10450
30
0
11
25800
21
10450
31
0
0
LINE
8
FURN
10
25800
20
10450
30
0
11
25800
21
9950
31
0
0
LINE
8
FURN
10
25800
20
9950
30
0
11
24900
21
9950
31
0
0
LINE
8
FURN
10
24900
20
9950
30
0
11
24900
21
10450
31
0
0
LINE
8
FURN
10
25650
20
10200
30
0
11
25627.2
21
10133
31
0
0
LINE
8
FURN
10
25627.2
20
10133
30
0
11
25562.1
21
10076.3
31
0
0
LINE
8
FURN
10
25562.1
20
10076.3
30
0
11
25464.8
21
10038.3
31
0
0
LINE
8
FURN
10
25464.8
20
10038.3
30
0
11
25350
21
10025
31
0
0
LINE
8
FURN
10
25350
20
10025
30
0
11
25235.2
21
10038.3
31
0
0
LINE
8
FURN
10
25235.2
20
10038.3
30
0
11
25137.9
21
10076.3
31
0
0
LINE
8
FURN
10
25137.9
20
10076.3
30
0
11
25072.8
21
10133
31
0
0
LINE
8
FURN
10
25072.8
20
10133
30
0
11
25050
21
10200
31
0
0
LINE
8
FURN
10
25050
20
10200
30
0
11
25072.8
21
10267
31
0
0
LINE
8
FURN
10
25072.8
20
10267
30
0
11
25137.9
21
10323.7
31
0
0
LINE
8
FURN
10
25137.9
20
10323.7
30
0
11
25235.2
21
10361.7
31
0
0
LINE
8
FURN
10
25235.2
20
10361.7
30
0
11
25350
21
10375
31
0
0
LINE
8
FURN
10
25350
20
10375
30
0
11
25464.8
21
10361.7
31
0
0
LINE
8
FURN
10
25464.8
20
10361.7
30
0
11
25562.1
21
10323.7
31
0
0
LINE
8
FURN
10
25562.1
20
10323.7
30
0
11
25627.2
21
10267
31
0
0
LINE
8
FURN
10
25627.2
20
10267
30
0
11
25650
21
10200
31
0
0
LINE
8
FURN
10
23200
20
10150
30
0
11
23600
21
10150
31
0
0
LINE
8
FURN
10
23600
20
10150
30
0
11
23600
21
8550
31
0
0
LINE
8
FURN
10
23600
20
8550
30
0
11
23200
21
8550
31
0
0
LINE
8
FURN
10
23200
20
8550
30
0
11
23200
21
10150
31
0
0
LINE
8
FURN
10
23600
20
9350
30
0
11
23200
21
9350
31
0
0
LINE
8
FURN
10
23900
20
13500
30
0
11
25900
21
13500
31
0
0
LINE
8
FURN
10
25900
20
13500
30
0
11
25900
21
11700
31
0
0
LINE
8
FURN
10
25900
20
11700
30
0
11
23900
21
11700
31
0
0
LINE
8
FURN
10
23900
20
11700
30
0
11
23900
21
13500
31
0
0
LINE
8
FURN
10
25725
20
13500
30
0
11
25900
21
13500
31
0
0
LINE
8
FURN
10
25900
20
13500
30
0
11
25900
21
11700
31
0
0
LINE
8
FURN
10
25900
20
11700
30
0
11
25725
21
11700
31
0
0
LINE
8
FURN
10
25725
20
11700
30
0
11
25725
21
13500
31
0
0
LINE
8
FURN
10
25000
20
12550
30
0
11
25650
21
12550
31
0
0
LINE
8
FURN
10
25650
20
12550
30
0
11
25650
21
11850
31
0
0
LINE
8
FURN
10
25650
20
11850
30
0
11
25000
21
11850
31
0
0
LINE
8
FURN
10
25000
20
11850
30
0
11
25000
21
12550
31
0
0
LINE
8
FURN
10
25000
20
13350
30
0
11
25650
21
13350
31
0
0
LINE
8
FURN
10
25650
20
13350
30
0
11
25650
21
12650
31
0
0
LINE
8
FURN
10
25650
20
12650
30
0
11
25000
21
12650
31
0
0
LINE
8
FURN
10
25000
20
12650
30
0
11
25000
21
13350
31
0
0
LINE
8
FURN
10
24350
20
11700
30
0
11
24350
21
13500
31
0
0
LINE
8
FURN
10
25400
20
11550
30
0
11
25900
21
11550
31
0
0
LINE
8
FURN
10
25900
20
11550
30
0
11
25900
21
11100
31
0
0
LINE
8
FURN
10
25900
20
11100
30
0
11
25400
21
11100
31
0
0
LINE
8
FURN
10
25400
20
11100
30
0
11
25400
21
11550
31
0
0
LINE
8
FURN
10
25400
20
14100
30
0
11
25900
21
14100
31
0
0
LINE
8
FURN
10
25900
20
14100
30
0
11
25900
21
13650
31
0
0
LINE
8
FURN
10
25900
20
13650
30
0
11
25400
21
13650
31
0
0
LINE
8
FURN
10
25400
20
13650
30
0
11
25400
21
14100
31
0
0
LINE
8
FURN
10
22050
20
13450
30
0
11
22500
21
13450
31
0
0
LINE
8
FURN
10
22500
20
13450
30
0
11
22500
21
11550
31
0
0
LINE
8
FURN
10
22500
20
11550
30
0
11
22050
21
11550
31
0
0
LINE
8
FURN
10
22050
20
11550
30
0
11
22050
21
13450
31
0
0
LINE
8
FURN
10
22500
20
12500
30
0
11
22050
21
12500
31
0
0
LINE
8
FURN
10
24150
20
14500
30
0
11
25350
21
14500
31
0
0
LINE
8
FURN
10
25350
20
14500
30
0
11
25350
21
14100
31
0
0
LINE
8
FURN
10
25350
20
14100
30
0
11
24150
21
14100
31
0
0
LINE
8
FURN
10
24150
20
14100
30
0
11
24150
21
14500
31
0
0
LINE
8
WINDOW
10
25100
20
14925
30
0
11
23850
21
14925
31
0
0
LINE
8
WINDOW
10
23950
20
15000
30
0
11
22900
21
15000
31
0
0
LINE
8
FURN
10
25400
20
16425
30
0
11
22600
21
16425
31
0
0
LINE
8
FURN
10
25400
20
16300
30
0
11
22600
21
16300
31
0
0
LINE
8
HVAC
10
22650
20
16000
30
0
11
23500
21
16000
31
0
0
LINE
8
HVAC
10
23500
20
16000
30
0
11
23500
21
15600
31
0
0
LINE
8
HVAC
10
23500
20
15600
30
0
11
22650
21
15600
31
0
0
LINE
8
HVAC
10
22650
20
15600
30
0
11
22650
21
16000
31
0
0
LINE
8
HVAC
10
23350
20
15600
30
0
11
23350
21
16000
31
0
0
LINE
8
HVAC
10
23175
20
15600
30
0
11
23175
21
16000
31
0
0
LINE
8
HVAC
10
23000
20
15600
30
0
11
23000
21
16000
31
0
0
LINE
8
HVAC
10
22825
20
15600
30
0
11
22825
21
16000
31
0
0
LINE
8
FURN
10
31000
20
18350
30
0
11
34000
21
18350
31
0
0
LINE
8
FURN
10
34000
20
18350
30
0
11
34000
21
16450
31
0
0
LINE
8
FURN
10
34000
20
16450
30
0
11
31000
21
16450
31
0
0
LINE
8
FURN
10
31000
20
16450
30
0
11
31000
21
18350
31
0
0
LINE
8
FURN
10
34000
20
17400
30
0
11
31000
21
17400
31
0
0
LINE
8
FURN
10
33750
20
18350
30
0
11
33750
21
17400
31
0
0
LINE
8
FURN
10
33450
20
18350
30
0
11
33450
21
17400
31
0
0
LINE
8
FURN
10
33150
20
18350
30
0
11
33150
21
17400
31
0
0
LINE
8
FURN
10
32850
20
18350
30
0
11
32850
21
17400
31
0
0
LINE
8
FURN
10
32550
20
18350
30
0
11
32550
21
17400
31
0
0
LINE
8
FURN
10
32250
20
18350
30
0
11
32250
21
17400
31
0
0
LINE
8
FURN
10
31950
20
18350
30
0
11
31950
21
17400
31
0
0
LINE
8
FURN
10
31650
20
18350
30
0
11
31650
21
17400
31
0
0
LINE
8
FURN
10
31350
20
18350
30
0
11
31350
21
17400
31
0
0
LINE
8
FURN
10
33750
20
17400
30
0
11
33750
21
16450
31
0
0
LINE
8
FURN
10
33450
20
17400
30
0
11
33450
21
16450
31
0
0
LINE
8
FURN
10
33150
20
17400
30
0
11
33150
21
16450
31
0
0
LINE
8
FURN
10
32850
20
17400
30
0
11
32850
21
16450
31
0
0
LINE
8
FURN
10
32550
20
17400
30
0
11
32550
21
16450
31
0
0
LINE
8
FURN
10
32250
20
17400
30
0
11
32250
21
16450
31
0
0
LINE
8
FURN
10
31950
20
17400
30
0
11
31950
21
16450
31
0
0
LINE
8
FURN
10
31650
20
17400
30
0
11
31650
21
16450
31
0
0
LINE
8
FURN
10
31350
20
17400
30
0
11
31350
21
16450
31
0
0
LINE
8
FURN
10
31125
20
18000
30
0
11
32625
21
18000
31
0
0
LINE
8
FURN
10
32425
20
18100
30
0
11
32625
21
18000
31
0
0
LINE
8
FURN
10
32625
20
18000
30
0
11
32425
21
17900
31
0
0
LINE
8
WALL
10
38000
20
0
30
0
11
22000
21
0
31
0
0
LINE
8
WALL
10
22000
20
0
30
0
11
22000
21
15000
31
0
0
LINE
8
WALL
10
22000
20
15000
30
0
11
34000
21
15000
31
0
0
LINE
8
WALL
10
34000
20
15000
30
0
11
34000
21
20000
31
0
0
LINE
8
WALL
10
34000
20
20000
30
0
11
38000
21
20000
31
0
0
LINE
8
WALL
10
38000
20
20000
30
0
11
38000
21
0
31
0
0
LINE
8
WALL
10
37750
20
250
30
0
11
22250
21
250
31
0
0
LINE
8
WALL
10
22250
20
250
30
0
11
22250
21
14750
31
0
0
LINE
8
WALL
10
22250
20
14750
30
0
11
33750
21
14750
31
0
0
LINE
8
WALL
10
33750
20
14750
30
0
11
33750
21
19750
31
0
0
LINE
8
WALL
10
33750
20
19750
30
0
11
37750
21
19750
31
0
0
LINE
8
WALL
10
37750
20
19750
30
0
11
37750
21
250
31
0
0
LINE
8
WINDOW
10
35362.5
20
9350
30
0
11
35362.5
21
8250
31
0
0
LINE
8
FURN
10
37650
20
9925
30
0
11
35500
21
7725
31
0
0
LINE
8
FURN
10
35500
20
9925
30
0
11
37650
21
7725
31
0
0
LINE
8
DOOR
10
35350
20
10150
30
0
11
36350
21
10150
31
0
0
ARC
8
DOOR
10
36350
20
11150
30
0
40
1000
50
180
51
270
0
LINE
8
FURN
10
37650
20
15000
30
0
11
35350
21
15000
31
0
0
LINE
8
FURN
10
37650
20
14675
30
0
11
36550
21
14675
31
0
0
LINE
8
FURN
10
36450
20
14675
30
0
11
35350
21
14675
31
0
0
LINE
8
FURN
10
37650
20
14350
30
0
11
36550
21
14350
31
0
0
LINE
8
FURN
10
36450
20
14350
30
0
11
35350
21
14350
31
0
0
LINE
8
FURN
10
37650
20
14025
30
0
11
36550
21
14025
31
0
0
LINE
8
FURN
10
36450
20
14025
30
0
11
35350
21
14025
31
0
0
LINE
8
FURN
10
37650
20
13700
30
0
11
36550
21
13700
31
0
0
LINE
8
FURN
10
36450
20
13700
30
0
11
35350
21
13700
31
0
0
LINE
8
FURN
10
37650
20
13375
30
0
11
36550
21
13375
31
0
0
LINE
8
FURN
10
36450
20
13375
30
0
11
35350
21
13375
31
0
0
LINE
8
FURN
10
37650
20
13050
30
0
11
36550
21
13050
31
0
0
LINE
8
FURN
10
36450
20
13050
30
0
11
35350
21
13050
31
0
0
LINE
8
FURN
10
37650
20
12725
30
0
11
36550
21
12725
31
0
0
LINE
8
FURN
10
36450
20
12725
30
0
11
35350
21
12725
31
0
0
LINE
8
FURN
10
37650
20
12400
30
0
11
36550
21
12400
31
0
0
LINE
8
FURN
10
36450
20
12400
30
0
11
35350
21
12400
31
0
0
LINE
8
FURN
10
37650
20
12075
30
0
11
36550
21
12075
31
0
0
LINE
8
FURN
10
36450
20
12075
30
0
11
35350
21
12075
31
0
0
LINE
8
FURN
10
37650
20
11750
30
0
11
36550
21
11750
31
0
0
LINE
8
FURN
10
36450
20
11750
30
0
11
35350
21
11750
31
0
0
LINE
8
FURN
10
36550
20
14675
30
0
11
36550
21
10375
31
0
0
LINE
8
FURN
10
36450
20
14675
30
0
11
36450
21
10375
31
0
0
LINE
8
FURN
10
37125
20
10625
30
0
11
37125
21
14250
31
0
0
LINE
8
FURN
10
37225
20
14050
30
0
11
37125
21
14250
31
0
0
LINE
8
FURN
10
37125
20
14250
30
0
11
37025
21
14050
31
0
0
LINE
8
FURN
6
DASHED
10
38000
20
10050
30
0
11
33850
21
10850
31
0
0
LINE
8
DOOR
10
36250
20
14975
30
0
11
36250
21
15975
31
0
0
LINE
8
DOOR
10
33950
20
16400
30
0
11
33050
21
16400
31
0
0
LINE
8
DOOR
10
35875
20
15200
30
0
11
35025
21
15200
31
0
0
LINE
8
FURN
10
36900
20
16700
30
0
11
37600
21
16700
31
0
0
LINE
8
FURN
10
37600
20
16700
30
0
11
37600
21
15950
31
0
0
LINE
8
FURN
10
37600
20
15950
30
0
11
36900
21
15950
31
0
0
LINE
8
FURN
10
36900
20
15950
30
0
11
36900
21
16700
31
0
0
LINE
8
FURN
10
37600
20
16700
30
0
11
36900
21
15950
31
0
0
CIRCLE
8
FURN
10
37250
20
16325
30
0
40
62.5
0
LINE
8
FURN
10
36300
20
16750
30
0
11
36750
21
16750
31
0
0
LINE
8
FURN
10
36750
20
16750
30
0
11
36750
21
16550
31
0
0
LINE
8
FURN
10
36750
20
16550
30
0
11
36300
21
16550
31
0
0
LINE
8
FURN
10
36300
20
16550
30
0
11
36300
21
16750
31
0
0
LINE
8
FURN
10
36725
20
16250
30
0
11
36709.8
21
16154.3
31
0
0
LINE
8
FURN
10
36709.8
20
16154.3
30
0
11
36666.4
21
16073.2
31
0
0
LINE
8
FURN
10
36666.4
20
16073.2
30
0
11
36601.5
21
16019
31
0
0
LINE
8
FURN
10
36601.5
20
16019
30
0
11
36525
21
16000
31
0
0
LINE
8
FURN
10
36525
20
16000
30
0
11
36448.5
21
16019
31
0
0
LINE
8
FURN
10
36448.5
20
16019
30
0
11
36383.6
21
16073.2
31
0
0
LINE
8
FURN
10
36383.6
20
16073.2
30
0
11
36340.2
21
16154.3
31
0
0
LINE
8
FURN
10
36340.2
20
16154.3
30
0
11
36325
21
16250
31
0
0
LINE
8
FURN
10
36325
20
16250
30
0
11
36340.2
21
16345.7
31
0
0
LINE
8
FURN
10
36340.2
20
16345.7
30
0
11
36383.6
21
16426.8
31
0
0
LINE
8
FURN
10
36383.6
20
16426.8
30
0
11
36448.5
21
16481
31
0
0
LINE
8
FURN
10
36448.5
20
16481
30
0
11
36525
21
16500
31
0
0
LINE
8
FURN
10
36525
20
16500
30
0
11
36601.5
21
16481
31
0
0
LINE
8
FURN
10
36601.5
20
16481
30
0
11
36666.4
21
16426.8
31
0
0
LINE
8
FURN
10
36666.4
20
16426.8
30
0
11
36709.8
21
16345.7
31
0
0
LINE
8
FURN
10
36709.8
20
16345.7
30
0
11
36725
21
16250
31
0
0
LINE
8
FURN
10
36900
20
15650
30
0
11
37600
21
15650
31
0
0
LINE
8
FURN
10
37600
20
15650
30
0
11
37600
21
15250
31
0
0
LINE
8
FURN
10
37600
20
15250
30
0
11
36900
21
15250
31
0
0
LINE
8
FURN
10
36900
20
15250
30
0
11
36900
21
15650
31
0
0
LINE
8
FURN
10
37500
20
15450
30
0
11
37481
21
15392.6
31
0
0
LINE
8
FURN
10
37481
20
15392.6
30
0
11
37426.8
21
15343.9
31
0
0
LINE
8
FURN
10
37426.8
20
15343.9
30
0
11
37345.7
21
15311.4
31
0
0
LINE
8
FURN
10
37345.7
20
15311.4
30
0
11
37250
21
15300
31
0
0
LINE
8
FURN
10
37250
20
15300
30
0
11
37154.3
21
15311.4
31
0
0
LINE
8
FURN
10
37154.3
20
15311.4
30
0
11
37073.2
21
15343.9
31
0
0
LINE
8
FURN
10
37073.2
20
15343.9
30
0
11
37019
21
15392.6
31
0
0
LINE
8
FURN
10
37019
20
15392.6
30
0
11
37000
21
15450
31
0
0
LINE
8
FURN
10
37000
20
15450
30
0
11
37019
21
15507.4
31
0
0
LINE
8
FURN
10
37019
20
15507.4
30
0
11
37073.2
21
15556.1
31
0
0
LINE
8
FURN
10
37073.2
20
15556.1
30
0
11
37154.3
21
15588.6
31
0
0
LINE
8
FURN
10
37154.3
20
15588.6
30
0
11
37250
21
15600
31
0
0
LINE
8
FURN
10
37250
20
15600
30
0
11
37345.7
21
15588.6
31
0
0
LINE
8
FURN
10
37345.7
20
15588.6
30
0
11
37426.8
21
15556.1
31
0
0
LINE
8
FURN
10
37426.8
20
15556.1
30
0
11
37481
21
15507.4
31
0
0
LINE
8
FURN
10
37481
20
15507.4
30
0
11
37500
21
15450
31
0
0
LINE
8
FURN
10
35550
20
19500
30
0
11
37550
21
19500
31
0
0
LINE
8
FURN
10
37550
20
19500
30
0
11
37550
21
17850
31
0
0
LINE
8
FURN
10
37550
20
17850
30
0
11
35550
21
17850
31
0
0
LINE
8
FURN
10
35550
20
17850
30
0
11
35550
21
19500
31
0
0
LINE
8
FURN
10
35550
20
19500
30
0
11
37550
21
19500
31
0
0
LINE
8
FURN
10
37550
20
19500
30
0
11
37550
21
19300
31
0
0
LINE
8
FURN
10
37550
20
19300
30
0
11
35550
21
19300
31
0
0
LINE
8
FURN
10
35550
20
19300
30
0
11
35550
21
19500
31
0
0
LINE
8
FURN
10
36650
20
19150
30
0
11
37350
21
19150
31
0
0
LINE
8
FURN
10
37350
20
19150
30
0
11
37350
21
18600
31
0
0
LINE
8
FURN
10
37350
20
18600
30
0
11
36650
21
18600
31
0
0
LINE
8
FURN
10
36650
20
18600
30
0
11
36650
21
19150
31
0
0
LINE
8
FURN
10
35750
20
19150
30
0
11
36450
21
19150
31
0
0
LINE
8
FURN
10
36450
20
19150
30
0
11
36450
21
18600
31
0
0
LINE
8
FURN
10
36450
20
18600
30
0
11
35750
21
18600
31
0
0
LINE
8
FURN
10
35750
20
18600
30
0
11
35750
21
19150
31
0
0
LINE
8
FURN
10
36050
20
17700
30
0
11
37700
21
17700
31
0
0
LINE
8
FURN
10
37700
20
17700
30
0
11
37700
21
17400
31
0
0
LINE
8
FURN
10
37700
20
17400
30
0
11
36050
21
17400
31
0
0
LINE
8
FURN
10
36050
20
17400
30
0
11
36050
21
17700
31
0
0
LINE
8
FURN
10
36875
20
17700
30
0
11
36875
21
17400
31
0
0
LINE
8
WINDOW
10
35600
20
19962.5
30
0
11
37350
21
19962.5
31
0
0
LINE
8
WINDOW
10
37350
20
19962.5
30
0
11
37350
21
19787.5
31
0
0
LINE
8
WINDOW
10
37350
20
19787.5
30
0
11
35600
21
19787.5
31
0
0
LINE
8
WINDOW
10
35600
20
19787.5
30
0
11
35600
21
19962.5
31
0
0
LINE
8
WINDOW
10
37350
20
19875
30
0
11
35600
21
19875
31
0
0
LINE
8
WINDOW
10
37787.5
20
19250
30
0
11
37962.5
21
19250
31
0
0
LINE
8
WINDOW
10
37962.5
20
19250
30
0
11
37962.5
21
17500
31
0
0
LINE
8
WINDOW
10
37962.5
20
17500
30
0
11
37787.5
21
17500
31
0
0
LINE
8
WINDOW
10
37787.5
20
17500
30
0
11
37787.5
21
19250
31
0
0
LINE
8
WINDOW
10
37875
20
19250
30
0
11
37875
21
17500
31
0
0
LINE
8
HVAC
10
37750
20
17200
30
0
11
38000
21
17200
31
0
0
LINE
8
HVAC
10
38000
20
17200
30
0
11
38000
21
16500
31
0
0
LINE
8
HVAC
10
38000
20
16500
30
0
11
37750
21
16500
31
0
0
LINE
8
HVAC
10
37750
20
16500
30
0
11
37750
21
17200
31
0
0
LINE
8
HVAC
10
38000
20
17050
30
0
11
37750
21
17050
31
0
0
LINE
8
HVAC
10
38000
20
16850
30
0
11
37750
21
16850
31
0
0
LINE
8
HVAC
10
38000
20
16650
30
0
11
37750
21
16650
31
0
0
LINE
8
WINDOW
10
34875
20
212.5
30
0
11
37125
21
212.5
31
0
0
LINE
8
WINDOW
10
37125
20
212.5
30
0
11
37125
21
37.5
31
0
0
LINE
8
WINDOW
10
37125
20
37.5
30
0
11
34875
21
37.5
31
0
0
LINE
8
WINDOW
10
34875
20
37.5
30
0
11
34875
21
212.5
31
0
0
LINE
8
WINDOW
10
37125
20
125
30
0
11
34875
21
125
31
0
0
LINE
8
WINDOW
10
30875
20
212.5
30
0
11
33125
21
212.5
31
0
0
LINE
8
WINDOW
10
33125
20
212.5
30
0
11
33125
21
37.5
31
0
0
LINE
8
WINDOW
10
33125
20
37.5
30
0
11
30875
21
37.5
31
0
0
LINE
8
WINDOW
10
30875
20
37.5
30
0
11
30875
21
212.5
31
0
0
LINE
8
WINDOW
10
33125
20
125
30
0
11
30875
21
125
31
0
0
LINE
8
WINDOW
10
26875
20
212.5
30
0
11
29125
21
212.5
31
0
0
LINE
8
WINDOW
10
29125
20
212.5
30
0
11
29125
21
37.5
31
0
0
LINE
8
WINDOW
10
29125
20
37.5
30
0
11
26875
21
37.5
31
0
0
LINE
8
WINDOW
10
26875
20
37.5
30
0
11
26875
21
212.5
31
0
0
LINE
8
WINDOW
10
29125
20
125
30
0
11
26875
21
125
31
0
0
LINE
8
WINDOW
10
22875
20
212.5
30
0
11
25125
21
212.5
31
0
0
LINE
8
WINDOW
10
25125
20
212.5
30
0
11
25125
21
37.5
31
0
0
LINE
8
WINDOW
10
25125
20
37.5
30
0
11
22875
21
37.5
31
0
0
LINE
8
WINDOW
10
22875
20
37.5
30
0
11
22875
21
212.5
31
0
0
LINE
8
WINDOW
10
25125
20
125
30
0
11
22875
21
125
31
0
0
LINE
8
WINDOW
10
35000
20
14962.5
30
0
11
37000
21
14962.5
31
0
0
LINE
8
WINDOW
10
37000
20
14962.5
30
0
11
37000
21
14787.5
31
0
0
LINE
8
WINDOW
10
37000
20
14787.5
30
0
11
35000
21
14787.5
31
0
0
LINE
8
WINDOW
10
35000
20
14787.5
30
0
11
35000
21
14962.5
31
0
0
LINE
8
WINDOW
10
37000
20
14875
30
0
11
35000
21
14875
31
0
0
LINE
8
WINDOW
10
31000
20
14962.5
30
0
11
33000
21
14962.5
31
0
0
LINE
8
WINDOW
10
33000
20
14962.5
30
0
11
33000
21
14787.5
31
0
0
LINE
8
WINDOW
10
33000
20
14787.5
30
0
11
31000
21
14787.5
31
0
0
LINE
8
WINDOW
10
31000
20
14787.5
30
0
11
31000
21
14962.5
31
0
0
LINE
8
WINDOW
10
33000
20
14875
30
0
11
31000
21
14875
31
0
0
LINE
8
WINDOW
10
27000
20
14962.5
30
0
11
29000
21
14962.5
31
0
0
LINE
8
WINDOW
10
29000
20
14962.5
30
0
11
29000
21
14787.5
31
0
0
LINE
8
WINDOW
10
29000
20
14787.5
30
0
11
27000
21
14787.5
31
0
0
LINE
8
WINDOW
10
27000
20
14787.5
30
0
11
27000
21
14962.5
31
0
0
LINE
8
WINDOW
10
29000
20
14875
30
0
11
27000
21
14875
31
0
0
LINE
8
WINDOW
10
22750
20
14962.5
30
0
11
24350
21
14962.5
31
0
0
LINE
8
WINDOW
10
24350
20
14962.5
30
0
11
24350
21
14787.5
31
0
0
LINE
8
WINDOW
10
24350
20
14787.5
30
0
11
22750
21
14787.5
31
0
0
LINE
8
WINDOW
10
22750
20
14787.5
30
0
11
22750
21
14962.5
31
0
0
LINE
8
WINDOW
10
24350
20
14875
30
0
11
22750
21
14875
31
0
0
LINE
8
WINDOW
10
37787.5
20
12750
30
0
11
37962.5
21
12750
31
0
0
LINE
8
WINDOW
10
37962.5
20
12750
30
0
11
37962.5
21
10750
31
0
0
LINE
8
WINDOW
10
37962.5
20
10750
30
0
11
37787.5
21
10750
31
0
0
LINE
8
WINDOW
10
37787.5
20
10750
30
0
11
37787.5
21
12750
31
0
0
LINE
8
WINDOW
10
37875
20
12750
30
0
11
37875
21
10750
31
0
0
LINE
8
WINDOW
10
37787.5
20
8250
30
0
11
37962.5
21
8250
31
0
0
LINE
8
WINDOW
10
37962.5
20
8250
30
0
11
37962.5
21
6750
31
0
0
LINE
8
WINDOW
10
37962.5
20
6750
30
0
11
37787.5
21
6750
31
0
0
LINE
8
WINDOW
10
37787.5
20
6750
30
0
11
37787.5
21
8250
31
0
0
LINE
8
WINDOW
10
37875
20
8250
30
0
11
37875
21
6750
31
0
0
LINE
8
WINDOW
10
37787.5
20
4000
30
0
11
37962.5
21
4000
31
0
0
LINE
8
WINDOW
10
37962.5
20
4000
30
0
11
37962.5
21
1750
31
0
0
LINE
8
WINDOW
10
37962.5
20
1750
30
0
11
37787.5
21
1750
31
0
0
LINE
8
WINDOW
10
37787.5
20
1750
30
0
11
37787.5
21
4000
31
0
0
LINE
8
WINDOW
10
37875
20
4000
30
0
11
37875
21
1750
31
0
0
LINE
8
WINDOW
10
22037.5
20
13000
30
0
11
22212.5
21
13000
31
0
0
LINE
8
WINDOW
10
22212.5
20
13000
30
0
11
22212.5
21
10750
31
0
0
LINE
8
WINDOW
10
22212.5
20
10750
30
0
11
22037.5
21
10750
31
0
0
LINE
8
WINDOW
10
22037.5
20
10750
30
0
11
22037.5
21
13000
31
0
0
LINE
8
WINDOW
10
22125
20
13000
30
0
11
22125
21
10750
31
0
0
LINE
8
WINDOW
10
22037.5
20
8250
30
0
11
22212.5
21
8250
31
0
0
LINE
8
WINDOW
10
22212.5
20
8250
30
0
11
22212.5
21
6750
31
0
0
LINE
8
WINDOW
10
22212.5
20
6750
30
0
11
22037.5
21
6750
31
0
0
LINE
8
WINDOW
10
22037.5
20
6750
30
0
11
22037.5
21
8250
31
0
0
LINE
8
WINDOW
10
22125
20
8250
30
0
11
22125
21
6750
31
0
0
LINE
8
WINDOW
10
22037.5
20
4000
30
0
11
22212.5
21
4000
31
0
0
LINE
8
WINDOW
10
22212.5
20
4000
30
0
11
22212.5
21
1750
31
0
0
LINE
8
WINDOW
10
22212.5
20
1750
30
0
11
22037.5
21
1750
31
0
0
LINE
8
WINDOW
10
22037.5
20
1750
30
0
11
22037.5
21
4000
31
0
0
LINE
8
WINDOW
10
22125
20
4000
30
0
11
22125
21
1750
31
0
0
SOLID
8
COLUMN
10
37775
20
-225
30
0
11
38225
21
-225
31
0
12
37775
22
225
32
0
13
38225
23
225
33
0
0
LINE
8
COLUMN
10
37775
20
-225
30
0
11
38225
21
-225
31
0
0
LINE
8
COLUMN
10
38225
20
-225
30
0
11
38225
21
225
31
0
0
LINE
8
COLUMN
10
38225
20
225
30
0
11
37775
21
225
31
0
0
LINE
8
COLUMN
10
37775
20
225
30
0
11
37775
21
-225
31
0
0
SOLID
8
COLUMN
10
33775
20
-225
30
0
11
34225
21
-225
31
0
12
33775
22
225
32
0
13
34225
23
225
33
0
0
LINE
8
COLUMN
10
33775
20
-225
30
0
11
34225
21
-225
31
0
0
LINE
8
COLUMN
10
34225
20
-225
30
0
11
34225
21
225
31
0
0
LINE
8
COLUMN
10
34225
20
225
30
0
11
33775
21
225
31
0
0
LINE
8
COLUMN
10
33775
20
225
30
0
11
33775
21
-225
31
0
0
SOLID
8
COLUMN
10
29775
20
-225
30
0
11
30225
21
-225
31
0
12
29775
22
225
32
0
13
30225
23
225
33
0
0
LINE
8
COLUMN
10
29775
20
-225
30
0
11
30225
21
-225
31
0
0
LINE
8
COLUMN
10
30225
20
-225
30
0
11
30225
21
225
31
0
0
LINE
8
COLUMN
10
30225
20
225
30
0
11
29775
21
225
31
0
0
LINE
8
COLUMN
10
29775
20
225
30
0
11
29775
21
-225
31
0
0
SOLID
8
COLUMN
10
25775
20
-225
30
0
11
26225
21
-225
31
0
12
25775
22
225
32
0
13
26225
23
225
33
0
0
LINE
8
COLUMN
10
25775
20
-225
30
0
11
26225
21
-225
31
0
0
LINE
8
COLUMN
10
26225
20
-225
30
0
11
26225
21
225
31
0
0
LINE
8
COLUMN
10
26225
20
225
30
0
11
25775
21
225
31
0
0
LINE
8
COLUMN
10
25775
20
225
30
0
11
25775
21
-225
31
0
0
SOLID
8
COLUMN
10
21775
20
-225
30
0
11
22225
21
-225
31
0
12
21775
22
225
32
0
13
22225
23
225
33
0
0
LINE
8
COLUMN
10
21775
20
-225
30
0
11
22225
21
-225
31
0
0
LINE
8
COLUMN
10
22225
20
-225
30
0
11
22225
21
225
31
0
0
LINE
8
COLUMN
10
22225
20
225
30
0
11
21775
21
225
31
0
0
LINE
8
COLUMN
10
21775
20
225
30
0
11
21775
21
-225
31
0
0
SOLID
8
COLUMN
10
37775
20
4775
30
0
11
38225
21
4775
31
0
12
37775
22
5225
32
0
13
38225
23
5225
33
0
0
LINE
8
COLUMN
10
37775
20
4775
30
0
11
38225
21
4775
31
0
0
LINE
8
COLUMN
10
38225
20
4775
30
0
11
38225
21
5225
31
0
0
LINE
8
COLUMN
10
38225
20
5225
30
0
11
37775
21
5225
31
0
0
LINE
8
COLUMN
10
37775
20
5225
30
0
11
37775
21
4775
31
0
0
SOLID
8
COLUMN
10
33775
20
4775
30
0
11
34225
21
4775
31
0
12
33775
22
5225
32
0
13
34225
23
5225
33
0
0
LINE
8
COLUMN
10
33775
20
4775
30
0
11
34225
21
4775
31
0
0
LINE
8
COLUMN
10
34225
20
4775
30
0
11
34225
21
5225
31
0
0
LINE
8
COLUMN
10
34225
20
5225
30
0
11
33775
21
5225
31
0
0
LINE
8
COLUMN
10
33775
20
5225
30
0
11
33775
21
4775
31
0
0
SOLID
8
COLUMN
10
29775
20
4775
30
0
11
30225
21
4775
31
0
12
29775
22
5225
32
0
13
30225
23
5225
33
0
0
LINE
8
COLUMN
10
29775
20
4775
30
0
11
30225
21
4775
31
0
0
LINE
8
COLUMN
10
30225
20
4775
30
0
11
30225
21
5225
31
0
0
LINE
8
COLUMN
10
30225
20
5225
30
0
11
29775
21
5225
31
0
0
LINE
8
COLUMN
10
29775
20
5225
30
0
11
29775
21
4775
31
0
0
SOLID
8
COLUMN
10
25775
20
4775
30
0
11
26225
21
4775
31
0
12
25775
22
5225
32
0
13
26225
23
5225
33
0
0
LINE
8
COLUMN
10
25775
20
4775
30
0
11
26225
21
4775
31
0
0
LINE
8
COLUMN
10
26225
20
4775
30
0
11
26225
21
5225
31
0
0
LINE
8
COLUMN
10
26225
20
5225
30
0
11
25775
21
5225
31
0
0
LINE
8
COLUMN
10
25775
20
5225
30
0
11
25775
21
4775
31
0
0
SOLID
8
COLUMN
10
21775
20
4775
30
0
11
22225
21
4775
31
0
12
21775
22
5225
32
0
13
22225
23
5225
33
0
0
LINE
8
COLUMN
10
21775
20
4775
30
0
11
22225
21
4775
31
0
0
LINE
8
COLUMN
10
22225
20
4775
30
0
11
22225
21
5225
31
0
0
LINE
8
COLUMN
10
22225
20
5225
30
0
11
21775
21
5225
31
0
0
LINE
8
COLUMN
10
21775
20
5225
30
0
11
21775
21
4775
31
0
0
SOLID
8
COLUMN
10
37775
20
9775
30
0
11
38225
21
9775
31
0
12
37775
22
10225
32
0
13
38225
23
10225
33
0
0
LINE
8
COLUMN
10
37775
20
9775
30
0
11
38225
21
9775
31
0
0
LINE
8
COLUMN
10
38225
20
9775
30
0
11
38225
21
10225
31
0
0
LINE
8
COLUMN
10
38225
20
10225
30
0
11
37775
21
10225
31
0
0
LINE
8
COLUMN
10
37775
20
10225
30
0
11
37775
21
9775
31
0
0
SOLID
8
COLUMN
10
33775
20
9775
30
0
11
34225
21
9775
31
0
12
33775
22
10225
32
0
13
34225
23
10225
33
0
0
LINE
8
COLUMN
10
33775
20
9775
30
0
11
34225
21
9775
31
0
0
LINE
8
COLUMN
10
34225
20
9775
30
0
11
34225
21
10225
31
0
0
LINE
8
COLUMN
10
34225
20
10225
30
0
11
33775
21
10225
31
0
0
LINE
8
COLUMN
10
33775
20
10225
30
0
11
33775
21
9775
31
0
0
SOLID
8
COLUMN
10
29775
20
9775
30
0
11
30225
21
9775
31
0
12
29775
22
10225
32
0
13
30225
23
10225
33
0
0
LINE
8
COLUMN
10
29775
20
9775
30
0
11
30225
21
9775
31
0
0
LINE
8
COLUMN
10
30225
20
9775
30
0
11
30225
21
10225
31
0
0
LINE
8
COLUMN
10
30225
20
10225
30
0
11
29775
21
10225
31
0
0
LINE
8
COLUMN
10
29775
20
10225
30
0
11
29775
21
9775
31
0
0
SOLID
8
COLUMN
10
25775
20
9775
30
0
11
26225
21
9775
31
0
12
25775
22
10225
32
0
13
26225
23
10225
33
0
0
LINE
8
COLUMN
10
25775
20
9775
30
0
11
26225
21
9775
31
0
0
LINE
8
COLUMN
10
26225
20
9775
30
0
11
26225
21
10225
31
0
0
LINE
8
COLUMN
10
26225
20
10225
30
0
11
25775
21
10225
31
0
0
LINE
8
COLUMN
10
25775
20
10225
30
0
11
25775
21
9775
31
0
0
SOLID
8
COLUMN
10
21775
20
9775
30
0
11
22225
21
9775
31
0
12
21775
22
10225
32
0
13
22225
23
10225
33
0
0
LINE
8
COLUMN
10
21775
20
9775
30
0
11
22225
21
9775
31
0
0
LINE
8
COLUMN
10
22225
20
9775
30
0
11
22225
21
10225
31
0
0
LINE
8
COLUMN
10
22225
20
10225
30
0
11
21775
21
10225
31
0
0
LINE
8
COLUMN
10
21775
20
10225
30
0
11
21775
21
9775
31
0
0
SOLID
8
COLUMN
10
37775
20
14775
30
0
11
38225
21
14775
31
0
12
37775
22
15225
32
0
13
38225
23
15225
33
0
0
LINE
8
COLUMN
10
37775
20
14775
30
0
11
38225
21
14775
31
0
0
LINE
8
COLUMN
10
38225
20
14775
30
0
11
38225
21
15225
31
0
0
LINE
8
COLUMN
10
38225
20
15225
30
0
11
37775
21
15225
31
0
0
LINE
8
COLUMN
10
37775
20
15225
30
0
11
37775
21
14775
31
0
0
SOLID
8
COLUMN
10
33775
20
14775
30
0
11
34225
21
14775
31
0
12
33775
22
15225
32
0
13
34225
23
15225
33
0
0
LINE
8
COLUMN
10
33775
20
14775
30
0
11
34225
21
14775
31
0
0
LINE
8
COLUMN
10
34225
20
14775
30
0
11
34225
21
15225
31
0
0
LINE
8
COLUMN
10
34225
20
15225
30
0
11
33775
21
15225
31
0
0
LINE
8
COLUMN
10
33775
20
15225
30
0
11
33775
21
14775
31
0
0
SOLID
8
COLUMN
10
29775
20
14775
30
0
11
30225
21
14775
31
0
12
29775
22
15225
32
0
13
30225
23
15225
33
0
0
LINE
8
COLUMN
10
29775
20
14775
30
0
11
30225
21
14775
31
0
0
LINE
8
COLUMN
10
30225
20
14775
30
0
11
30225
21
15225
31
0
0
LINE
8
COLUMN
10
30225
20
15225
30
0
11
29775
21
15225
31
0
0
LINE
8
COLUMN
10
29775
20
15225
30
0
11
29775
21
14775
31
0
0
SOLID
8
COLUMN
10
25775
20
14775
30
0
11
26225
21
14775
31
0
12
25775
22
15225
32
0
13
26225
23
15225
33
0
0
LINE
8
COLUMN
10
25775
20
14775
30
0
11
26225
21
14775
31
0
0
LINE
8
COLUMN
10
26225
20
14775
30
0
11
26225
21
15225
31
0
0
LINE
8
COLUMN
10
26225
20
15225
30
0
11
25775
21
15225
31
0
0
LINE
8
COLUMN
10
25775
20
15225
30
0
11
25775
21
14775
31
0
0
SOLID
8
COLUMN
10
21775
20
14775
30
0
11
22225
21
14775
31
0
12
21775
22
15225
32
0
13
22225
23
15225
33
0
0
LINE
8
COLUMN
10
21775
20
14775
30
0
11
22225
21
14775
31
0
0
LINE
8
COLUMN
10
22225
20
14775
30
0
11
22225
21
15225
31
0
0
LINE
8
COLUMN
10
22225
20
15225
30
0
11
21775
21
15225
31
0
0
LINE
8
COLUMN
10
21775
20
15225
30
0
11
21775
21
14775
31
0
0
SOLID
8
COLUMN
10
37775
20
19775
30
0
11
38225
21
19775
31
0
12
37775
22
20225
32
0
13
38225
23
20225
33
0
0
LINE
8
COLUMN
10
37775
20
19775
30
0
11
38225
21
19775
31
0
0
LINE
8
COLUMN
10
38225
20
19775
30
0
11
38225
21
20225
31
0
0
LINE
8
COLUMN
10
38225
20
20225
30
0
11
37775
21
20225
31
0
0
LINE
8
COLUMN
10
37775
20
20225
30
0
11
37775
21
19775
31
0
0
SOLID
8
COLUMN
10
33775
20
19775
30
0
11
34225
21
19775
31
0
12
33775
22
20225
32
0
13
34225
23
20225
33
0
0
LINE
8
COLUMN
10
33775
20
19775
30
0
11
34225
21
19775
31
0
0
LINE
8
COLUMN
10
34225
20
19775
30
0
11
34225
21
20225
31
0
0
LINE
8
COLUMN
10
34225
20
20225
30
0
11
33775
21
20225
31
0
0
LINE
8
COLUMN
10
33775
20
20225
30
0
11
33775
21
19775
31
0
0
LINE
8
DOOR
10
35650
20
5675
30
0
11
35650
21
4825
31
0
0
ARC
8
DOOR
10
34800
20
4825
30
0
40
850
50
0
51
90
0
LINE
8
DOOR
10
31250
20
6575
30
0
11
31250
21
5725
31
0
0
ARC
8
DOOR
10
30400
20
5725
30
0
40
850
50
0
51
90
0
LINE
8
DOOR
10
27250
20
6575
30
0
11
27250
21
5725
31
0
0
ARC
8
DOOR
10
26400
20
5725
30
0
40
850
50
0
51
90
0
LINE
8
DOOR
10
23250
20
6575
30
0
11
23250
21
5725
31
0
0
ARC
8
DOOR
10
22400
20
5725
30
0
40
850
50
0
51
90
0
LINE
8
FURN
10
37650
20
6650
30
0
11
37150
21
6275
31
0
0
LINE
8
FURN
10
37150
20
6650
30
0
11
37650
21
6275
31
0
0
LINE
8
FURN
10
37650
20
6225
30
0
11
37150
21
5850
31
0
0
LINE
8
FURN
10
37150
20
6225
30
0
11
37650
21
5850
31
0
0
LINE
8
FURN
10
35850
20
7450
30
0
11
36950
21
7450
31
0
0
LINE
8
FURN
10
36950
20
7450
30
0
11
36950
21
7100
31
0
0
LINE
8
FURN
10
36950
20
7100
30
0
11
35850
21
7100
31
0
0
LINE
8
FURN
10
35850
20
7100
30
0
11
35850
21
7450
31
0
0
LINE
8
FURN
10
36950
20
7275
30
0
11
35850
21
7275
31
0
0
LINE
8
DOOR
10
31250
20
8500
30
0
11
31250
21
9350
31
0
0
ARC
8
DOOR
10
30400
20
9350
30
0
40
850
50
270
51
0
0
LINE
8
DOOR
10
27250
20
8500
30
0
11
27250
21
9350
31
0
0
ARC
8
DOOR
10
26400
20
9350
30
0
40
850
50
270
51
0
0
LINE
8
DOOR
10
23050
20
8500
30
0
11
23050
21
9350
31
0
0
ARC
8
DOOR
10
22200
20
9350
30
0
40
850
50
270
51
0
0
LINE
8
FURN
10
22000
20
4500
30
0
11
20700
21
4500
31
0
0
LINE
8
FURN
10
22000
20
250
30
0
11
20700
21
250
31
0
0
LINE
8
FURN
10
20700
20
4500
30
0
11
20700
21
250
31
0
0
LINE
8
FURN
10
20825
20
4375
30
0
11
20825
21
375
31
0
0
LINE
8
WINDOW
10
22050
20
4000
30
0
11
22050
21
1750
31
0
0
LINE
8
HVAC
10
37400
20
6250
30
0
11
38050
21
6900
31
0
0
LINE
8
HVAC
10
35350
20
-1600
30
0
11
34600
21
-900
31
0
0
LINE
8
DIM
10
38000
20
20000
30
0
11
38850
21
20000
31
0
0
LINE
8
DIM
10
38000
20
15000
30
0
11
38850
21
15000
31
0
0
LINE
8
DIM
10
38700
20
20000
30
0
11
38700
21
15000
31
0
0
LINE
8
DIM
10
38600
20
19900
30
0
11
38800
21
20100
31
0
0
LINE
8
DIM
10
38600
20
14900
30
0
11
38800
21
15100
31
0
0
LINE
8
DIM
10
34000
20
20000
30
0
11
34000
21
20650
31
0
0
LINE
8
DIM
10
38000
20
20000
30
0
11
38000
21
20650
31
0
0
LINE
8
DIM
10
34000
20
20500
30
0
11
38000
21
20500
31
0
0
LINE
8
DIM
10
33900
20
20400
30
0
11
34100
21
20600
31
0
0
LINE
8
DIM
10
37900
20
20400
30
0
11
38100
21
20600
31
0
0
LINE
8
DIM
10
22000
20
-1500
30
0
11
22000
21
-3200
31
0
0
LINE
8
DIM
10
26000
20
-1500
30
0
11
26000
21
-2850
31
0
0
LINE
8
DIM
10
30000
20
-1500
30
0
11
30000
21
-2850
31
0
0
LINE
8
DIM
10
34000
20
-1500
30
0
11
34000
21
-2850
31
0
0
LINE
8
DIM
10
38000
20
-1500
30
0
11
38000
21
-3200
31
0
0
LINE
8
DIM
10
22000
20
-2750
30
0
11
38000
21
-2750
31
0
0
LINE
8
DIM
10
21900
20
-2850
30
0
11
22100
21
-2650
31
0
0
LINE
8
DIM
10
25900
20
-2850
30
0
11
26100
21
-2650
31
0
0
LINE
8
DIM
10
29900
20
-2850
30
0
11
30100
21
-2650
31
0
0
LINE
8
DIM
10
33900
20
-2850
30
0
11
34100
21
-2650
31
0
0
LINE
8
DIM
10
37900
20
-2850
30
0
11
38100
21
-2650
31
0
0
LINE
8
DIM
10
22000
20
-3250
30
0
11
38000
21
-3250
31
0
0
LINE
8
DIM
10
21900
20
-3350
30
0
11
22100
21
-3150
31
0
0
LINE
8
DIM
10
37900
20
-3350
30
0
11
38100
21
-3150
31
0
0
LINE
8
DIM
10
22000
20
15000
30
0
11
19800
21
15000
31
0
0
LINE
8
DIM
10
22000
20
10000
30
0
11
20150
21
10000
31
0
0
LINE
8
DIM
10
22000
20
5000
30
0
11
20150
21
5000
31
0
0
LINE
8
DIM
10
22000
20
0
30
0
11
19800
21
0
31
0
0
LINE
8
DIM
10
20250
20
15000
30
0
11
20250
21
0
31
0
0
LINE
8
DIM
10
20150
20
14900
30
0
11
20350
21
15100
31
0
0
LINE
8
DIM
10
20150
20
9900
30
0
11
20350
21
10100
31
0
0
LINE
8
DIM
10
20150
20
4900
30
0
11
20350
21
5100
31
0
0
LINE
8
DIM
10
20150
20
-100
30
0
11
20350
21
100
31
0
0
LINE
8
DIM
10
19900
20
15000
30
0
11
19900
21
0
31
0
0
LINE
8
DIM
10
19800
20
14900
30
0
11
20000
21
15100
31
0
0
LINE
8
DIM
10
19800
20
-100
30
0
11
20000
21
100
31
0
0
SOLID
8
WALL
10
35800
20
3350
30
0
11
35900
21
3350
31
0
12
35800
22
5600
32
0
13
35900
23
5600
33
0
0
LINE
8
WALL
10
35800
20
3350
30
0
11
35900
21
3350
31
0
0
LINE
8
WALL
10
35900
20
3350
30
0
11
35900
21
5600
31
0
0
LINE
8
WALL
10
35900
20
5600
30
0
11
35800
21
5600
31
0
0
LINE
8
WALL
10
35800
20
5600
30
0
11
35800
21
3350
31
0
0
SOLID
8
WALL
10
36650
20
3350
30
0
11
37750
21
3350
31
0
12
36650
22
3450
32
0
13
37750
23
3450
33
0
0
LINE
8
WALL
10
36650
20
3350
30
0
11
37750
21
3350
31
0
0
LINE
8
WALL
10
37750
20
3350
30
0
11
37750
21
3450
31
0
0
LINE
8
WALL
10
37750
20
3450
30
0
11
36650
21
3450
31
0
0
LINE
8
WALL
10
36650
20
3450
30
0
11
36650
21
3350
31
0
0
SOLID
8
WALL
10
31800
20
4250
30
0
11
31900
21
4250
31
0
12
31800
22
6500
32
0
13
31900
23
6500
33
0
0
LINE
8
WALL
10
31800
20
4250
30
0
11
31900
21
4250
31
0
0
LINE
8
WALL
10
31900
20
4250
30
0
11
31900
21
6500
31
0
0
LINE
8
WALL
10
31900
20
6500
30
0
11
31800
21
6500
31
0
0
LINE
8
WALL
10
31800
20
6500
30
0
11
31800
21
4250
31
0
0
SOLID
8
WALL
10
32650
20
4250
30
0
11
33900
21
4250
31
0
12
32650
22
4350
32
0
13
33900
23
4350
33
0
0
LINE
8
WALL
10
32650
20
4250
30
0
11
33900
21
4250
31
0
0
LINE
8
WALL
10
33900
20
4250
30
0
11
33900
21
4350
31
0
0
LINE
8
WALL
10
33900
20
4350
30
0
11
32650
21
4350
31
0
0
LINE
8
WALL
10
32650
20
4350
30
0
11
32650
21
4250
31
0
0
SOLID
8
WALL
10
33400
20
-1400
30
0
11
33500
21
-1400
31
0
12
33400
22
0
32
0
13
33500
23
0
33
0
0
LINE
8
WALL
10
33400
20
-1400
30
0
11
33500
21
-1400
31
0
0
LINE
8
WALL
10
33500
20
-1400
30
0
11
33500
21
0
31
0
0
LINE
8
WALL
10
33500
20
0
30
0
11
33400
21
0
31
0
0
LINE
8
WALL
10
33400
20
0
30
0
11
33400
21
-1400
31
0
0
SOLID
8
WALL
10
30500
20
-1400
30
0
11
30600
21
-1400
31
0
12
30500
22
0
32
0
13
30600
23
0
33
0
0
LINE
8
WALL
10
30500
20
-1400
30
0
11
30600
21
-1400
31
0
0
LINE
8
WALL
10
30600
20
-1400
30
0
11
30600
21
0
31
0
0
LINE
8
WALL
10
30600
20
0
30
0
11
30500
21
0
31
0
0
LINE
8
WALL
10
30500
20
0
30
0
11
30500
21
-1400
31
0
0
SOLID
8
WALL
10
27800
20
4250
30
0
11
27900
21
4250
31
0
12
27800
22
6500
32
0
13
27900
23
6500
33
0
0
LINE
8
WALL
10
27800
20
4250
30
0
11
27900
21
4250
31
0
0
LINE
8
WALL
10
27900
20
4250
30
0
11
27900
21
6500
31
0
0
LINE
8
WALL
10
27900
20
6500
30
0
11
27800
21
6500
31
0
0
LINE
8
WALL
10
27800
20
6500
30
0
11
27800
21
4250
31
0
0
SOLID
8
WALL
10
28650
20
4250
30
0
11
29900
21
4250
31
0
12
28650
22
4350
32
0
13
29900
23
4350
33
0
0
LINE
8
WALL
10
28650
20
4250
30
0
11
29900
21
4250
31
0
0
LINE
8
WALL
10
29900
20
4250
30
0
11
29900
21
4350
31
0
0
LINE
8
WALL
10
29900
20
4350
30
0
11
28650
21
4350
31
0
0
LINE
8
WALL
10
28650
20
4350
30
0
11
28650
21
4250
31
0
0
SOLID
8
WALL
10
29400
20
-1400
30
0
11
29500
21
-1400
31
0
12
29400
22
0
32
0
13
29500
23
0
33
0
0
LINE
8
WALL
10
29400
20
-1400
30
0
11
29500
21
-1400
31
0
0
LINE
8
WALL
10
29500
20
-1400
30
0
11
29500
21
0
31
0
0
LINE
8
WALL
10
29500
20
0
30
0
11
29400
21
0
31
0
0
LINE
8
WALL
10
29400
20
0
30
0
11
29400
21
-1400
31
0
0
SOLID
8
WALL
10
26500
20
-1400
30
0
11
26600
21
-1400
31
0
12
26500
22
0
32
0
13
26600
23
0
33
0
0
LINE
8
WALL
10
26500
20
-1400
30
0
11
26600
21
-1400
31
0
0
LINE
8
WALL
10
26600
20
-1400
30
0
11
26600
21
0
31
0
0
LINE
8
WALL
10
26600
20
0
30
0
11
26500
21
0
31
0
0
LINE
8
WALL
10
26500
20
0
30
0
11
26500
21
-1400
31
0
0
SOLID
8
WALL
10
23800
20
4250
30
0
11
23900
21
4250
31
0
12
23800
22
6500
32
0
13
23900
23
6500
33
0
0
LINE
8
WALL
10
23800
20
4250
30
0
11
23900
21
4250
31
0
0
LINE
8
WALL
10
23900
20
4250
30
0
11
23900
21
6500
31
0
0
LINE
8
WALL
10
23900
20
6500
30
0
11
23800
21
6500
31
0
0
LINE
8
WALL
10
23800
20
6500
30
0
11
23800
21
4250
31
0
0
SOLID
8
WALL
10
24650
20
4250
30
0
11
25900
21
4250
31
0
12
24650
22
4350
32
0
13
25900
23
4350
33
0
0
LINE
8
WALL
10
24650
20
4250
30
0
11
25900
21
4250
31
0
0
LINE
8
WALL
10
25900
20
4250
30
0
11
25900
21
4350
31
0
0
LINE
8
WALL
10
25900
20
4350
30
0
11
24650
21
4350
31
0
0
LINE
8
WALL
10
24650
20
4350
30
0
11
24650
21
4250
31
0
0
SOLID
8
WALL
10
25400
20
-1400
30
0
11
25500
21
-1400
31
0
12
25400
22
0
32
0
13
25500
23
0
33
0
0
LINE
8
WALL
10
25400
20
-1400
30
0
11
25500
21
-1400
31
0
0
LINE
8
WALL
10
25500
20
-1400
30
0
11
25500
21
0
31
0
0
LINE
8
WALL
10
25500
20
0
30
0
11
25400
21
0
31
0
0
LINE
8
WALL
10
25400
20
0
30
0
11
25400
21
-1400
31
0
0
SOLID
8
WALL
10
22500
20
-1400
30
0
11
22600
21
-1400
31
0
12
22500
22
0
32
0
13
22600
23
0
33
0
0
LINE
8
WALL
10
22500
20
-1400
30
0
11
22600
21
-1400
31
0
0
LINE
8
WALL
10
22600
20
-1400
30
0
11
22600
21
0
31
0
0
LINE
8
WALL
10
22600
20
0
30
0
11
22500
21
0
31
0
0
LINE
8
WALL
10
22500
20
0
30
0
11
22500
21
-1400
31
0
0
SOLID
8
WALL
10
31800
20
8500
30
0
11
31900
21
8500
31
0
12
31800
22
10750
32
0
13
31900
23
10750
33
0
0
LINE
8
WALL
10
31800
20
8500
30
0
11
31900
21
8500
31
0
0
LINE
8
WALL
10
31900
20
8500
30
0
11
31900
21
10750
31
0
0
LINE
8
WALL
10
31900
20
10750
30
0
11
31800
21
10750
31
0
0
LINE
8
WALL
10
31800
20
10750
30
0
11
31800
21
8500
31
0
0
SOLID
8
WALL
10
32650
20
10650
30
0
11
33900
21
10650
31
0
12
32650
22
10750
32
0
13
33900
23
10750
33
0
0
LINE
8
WALL
10
32650
20
10650
30
0
11
33900
21
10650
31
0
0
LINE
8
WALL
10
33900
20
10650
30
0
11
33900
21
10750
31
0
0
LINE
8
WALL
10
33900
20
10750
30
0
11
32650
21
10750
31
0
0
LINE
8
WALL
10
32650
20
10750
30
0
11
32650
21
10650
31
0
0
SOLID
8
WALL
10
33400
20
15000
30
0
11
33500
21
15000
31
0
12
33400
22
16400
32
0
13
33500
23
16400
33
0
0
LINE
8
WALL
10
33400
20
15000
30
0
11
33500
21
15000
31
0
0
LINE
8
WALL
10
33500
20
15000
30
0
11
33500
21
16400
31
0
0
LINE
8
WALL
10
33500
20
16400
30
0
11
33400
21
16400
31
0
0
LINE
8
WALL
10
33400
20
16400
30
0
11
33400
21
15000
31
0
0
SOLID
8
WALL
10
30500
20
15000
30
0
11
30600
21
15000
31
0
12
30500
22
16400
32
0
13
30600
23
16400
33
0
0
LINE
8
WALL
10
30500
20
15000
30
0
11
30600
21
15000
31
0
0
LINE
8
WALL
10
30600
20
15000
30
0
11
30600
21
16400
31
0
0
LINE
8
WALL
10
30600
20
16400
30
0
11
30500
21
16400
31
0
0
LINE
8
WALL
10
30500
20
16400
30
0
11
30500
21
15000
31
0
0
SOLID
8
WALL
10
27800
20
8500
30
0
11
27900
21
8500
31
0
12
27800
22
10750
32
0
13
27900
23
10750
33
0
0
LINE
8
WALL
10
27800
20
8500
30
0
11
27900
21
8500
31
0
0
LINE
8
WALL
10
27900
20
8500
30
0
11
27900
21
10750
31
0
0
LINE
8
WALL
10
27900
20
10750
30
0
11
27800
21
10750
31
0
0
LINE
8
WALL
10
27800
20
10750
30
0
11
27800
21
8500
31
0
0
SOLID
8
WALL
10
28650
20
10650
30
0
11
29900
21
10650
31
0
12
28650
22
10750
32
0
13
29900
23
10750
33
0
0
LINE
8
WALL
10
28650
20
10650
30
0
11
29900
21
10650
31
0
0
LINE
8
WALL
10
29900
20
10650
30
0
11
29900
21
10750
31
0
0
LINE
8
WALL
10
29900
20
10750
30
0
11
28650
21
10750
31
0
0
LINE
8
WALL
10
28650
20
10750
30
0
11
28650
21
10650
31
0
0
SOLID
8
WALL
10
29400
20
15000
30
0
11
29500
21
15000
31
0
12
29400
22
16400
32
0
13
29500
23
16400
33
0
0
LINE
8
WALL
10
29400
20
15000
30
0
11
29500
21
15000
31
0
0
LINE
8
WALL
10
29500
20
15000
30
0
11
29500
21
16400
31
0
0
LINE
8
WALL
10
29500
20
16400
30
0
11
29400
21
16400
31
0
0
LINE
8
WALL
10
29400
20
16400
30
0
11
29400
21
15000
31
0
0
SOLID
8
WALL
10
26500
20
15000
30
0
11
26600
21
15000
31
0
12
26500
22
16400
32
0
13
26600
23
16400
33
0
0
LINE
8
WALL
10
26500
20
15000
30
0
11
26600
21
15000
31
0
0
LINE
8
WALL
10
26600
20
15000
30
0
11
26600
21
16400
31
0
0
LINE
8
WALL
10
26600
20
16400
30
0
11
26500
21
16400
31
0
0
LINE
8
WALL
10
26500
20
16400
30
0
11
26500
21
15000
31
0
0
SOLID
8
WALL
10
23800
20
8500
30
0
11
23900
21
8500
31
0
12
23800
22
10750
32
0
13
23900
23
10750
33
0
0
LINE
8
WALL
10
23800
20
8500
30
0
11
23900
21
8500
31
0
0
LINE
8
WALL
10
23900
20
8500
30
0
11
23900
21
10750
31
0
0
LINE
8
WALL
10
23900
20
10750
30
0
11
23800
21
10750
31
0
0
LINE
8
WALL
10
23800
20
10750
30
0
11
23800
21
8500
31
0
0
SOLID
8
WALL
10
24650
20
10650
30
0
11
25900
21
10650
31
0
12
24650
22
10750
32
0
13
25900
23
10750
33
0
0
LINE
8
WALL
10
24650
20
10650
30
0
11
25900
21
10650
31
0
0
LINE
8
WALL
10
25900
20
10650
30
0
11
25900
21
10750
31
0
0
LINE
8
WALL
10
25900
20
10750
30
0
11
24650
21
10750
31
0
0
LINE
8
WALL
10
24650
20
10750
30
0
11
24650
21
10650
31
0
0
SOLID
8
WALL
10
25400
20
15000
30
0
11
25500
21
15000
31
0
12
25400
22
16400
32
0
13
25500
23
16400
33
0
0
LINE
8
WALL
10
25400
20
15000
30
0
11
25500
21
15000
31
0
0
LINE
8
WALL
10
25500
20
15000
30
0
11
25500
21
16400
31
0
0
LINE
8
WALL
10
25500
20
16400
30
0
11
25400
21
16400
31
0
0
LINE
8
WALL
10
25400
20
16400
30
0
11
25400
21
15000
31
0
0
SOLID
8
WALL
10
22500
20
15000
30
0
11
22600
21
15000
31
0
12
22500
22
16400
32
0
13
22600
23
16400
33
0
0
LINE
8
WALL
10
22500
20
15000
30
0
11
22600
21
15000
31
0
0
LINE
8
WALL
10
22600
20
15000
30
0
11
22600
21
16400
31
0
0
LINE
8
WALL
10
22600
20
16400
30
0
11
22500
21
16400
31
0
0
LINE
8
WALL
10
22500
20
16400
30
0
11
22500
21
15000
31
0
0
SOLID
8
WALL
10
32400
20
15000
30
0
11
32500
21
15000
31
0
12
32400
22
16450
32
0
13
32500
23
16450
33
0
0
LINE
8
WALL
10
32400
20
15000
30
0
11
32500
21
15000
31
0
0
LINE
8
WALL
10
32500
20
15000
30
0
11
32500
21
16450
31
0
0
LINE
8
WALL
10
32500
20
16450
30
0
11
32400
21
16450
31
0
0
LINE
8
WALL
10
32400
20
16450
30
0
11
32400
21
15000
31
0
0
SOLID
8
WALL
10
33000
20
14750
30
0
11
33450
21
14750
31
0
12
33000
22
15000
32
0
13
33450
23
15000
33
0
0
LINE
8
WALL
10
33000
20
14750
30
0
11
33450
21
14750
31
0
0
LINE
8
WALL
10
33450
20
14750
30
0
11
33450
21
15000
31
0
0
LINE
8
WALL
10
33450
20
15000
30
0
11
33000
21
15000
31
0
0
LINE
8
WALL
10
33000
20
15000
30
0
11
33000
21
14750
31
0
0
SOLID
8
WALL
10
33925
20
250
30
0
11
34050
21
250
31
0
12
33925
22
6600
32
0
13
34050
23
6600
33
0
0
LINE
8
WALL
10
33925
20
250
30
0
11
34050
21
250
31
0
0
LINE
8
WALL
10
34050
20
250
30
0
11
34050
21
6600
31
0
0
LINE
8
WALL
10
34050
20
6600
30
0
11
33925
21
6600
31
0
0
LINE
8
WALL
10
33925
20
6600
30
0
11
33925
21
250
31
0
0
SOLID
8
WALL
10
29925
20
250
30
0
11
30050
21
250
31
0
12
29925
22
6600
32
0
13
30050
23
6600
33
0
0
LINE
8
WALL
10
29925
20
250
30
0
11
30050
21
250
31
0
0
LINE
8
WALL
10
30050
20
250
30
0
11
30050
21
6600
31
0
0
LINE
8
WALL
10
30050
20
6600
30
0
11
29925
21
6600
31
0
0
LINE
8
WALL
10
29925
20
6600
30
0
11
29925
21
250
31
0
0
SOLID
8
WALL
10
25925
20
250
30
0
11
26050
21
250
31
0
12
25925
22
6600
32
0
13
26050
23
6600
33
0
0
LINE
8
WALL
10
25925
20
250
30
0
11
26050
21
250
31
0
0
LINE
8
WALL
10
26050
20
250
30
0
11
26050
21
6600
31
0
0
LINE
8
WALL
10
26050
20
6600
30
0
11
25925
21
6600
31
0
0
LINE
8
WALL
10
25925
20
6600
30
0
11
25925
21
250
31
0
0
SOLID
8
WALL
10
33925
20
8400
30
0
11
34050
21
8400
31
0
12
33925
22
14750
32
0
13
34050
23
14750
33
0
0
LINE
8
WALL
10
33925
20
8400
30
0
11
34050
21
8400
31
0
0
LINE
8
WALL
10
34050
20
8400
30
0
11
34050
21
14750
31
0
0
LINE
8
WALL
10
34050
20
14750
30
0
11
33925
21
14750
31
0
0
LINE
8
WALL
10
33925
20
14750
30
0
11
33925
21
8400
31
0
0
SOLID
8
WALL
10
29925
20
8400
30
0
11
30050
21
8400
31
0
12
29925
22
14750
32
0
13
30050
23
14750
33
0
0
LINE
8
WALL
10
29925
20
8400
30
0
11
30050
21
8400
31
0
0
LINE
8
WALL
10
30050
20
8400
30
0
11
30050
21
14750
31
0
0
LINE
8
WALL
10
30050
20
14750
30
0
11
29925
21
14750
31
0
0
LINE
8
WALL
10
29925
20
14750
30
0
11
29925
21
8400
31
0
0
SOLID
8
WALL
10
25925
20
8400
30
0
11
26050
21
8400
31
0
12
25925
22
14750
32
0
13
26050
23
14750
33
0
0
LINE
8
WALL
10
25925
20
8400
30
0
11
26050
21
8400
31
0
0
LINE
8
WALL
10
26050
20
8400
30
0
11
26050
21
14750
31
0
0
LINE
8
WALL
10
26050
20
14750
30
0
11
25925
21
14750
31
0
0
LINE
8
WALL
10
25925
20
14750
30
0
11
25925
21
8400
31
0
0
SOLID
8
WALL
10
22250
20
6575
30
0
11
22400
21
6575
31
0
12
22250
22
6700
32
0
13
22400
23
6700
33
0
0
LINE
8
WALL
10
22250
20
6575
30
0
11
22400
21
6575
31
0
0
LINE
8
WALL
10
22400
20
6575
30
0
11
22400
21
6700
31
0
0
LINE
8
WALL
10
22400
20
6700
30
0
11
22250
21
6700
31
0
0
LINE
8
WALL
10
22250
20
6700
30
0
11
22250
21
6575
31
0
0
SOLID
8
WALL
10
23250
20
6575
30
0
11
26400
21
6575
31
0
12
23250
22
6700
32
0
13
26400
23
6700
33
0
0
LINE
8
WALL
10
23250
20
6575
30
0
11
26400
21
6575
31
0
0
LINE
8
WALL
10
26400
20
6575
30
0
11
26400
21
6700
31
0
0
LINE
8
WALL
10
26400
20
6700
30
0
11
23250
21
6700
31
0
0
LINE
8
WALL
10
23250
20
6700
30
0
11
23250
21
6575
31
0
0
SOLID
8
WALL
10
27250
20
6575
30
0
11
30400
21
6575
31
0
12
27250
22
6700
32
0
13
30400
23
6700
33
0
0
LINE
8
WALL
10
27250
20
6575
30
0
11
30400
21
6575
31
0
0
LINE
8
WALL
10
30400
20
6575
30
0
11
30400
21
6700
31
0
0
LINE
8
WALL
10
30400
20
6700
30
0
11
27250
21
6700
31
0
0
LINE
8
WALL
10
27250
20
6700
30
0
11
27250
21
6575
31
0
0
SOLID
8
WALL
10
31250
20
6575
30
0
11
34050
21
6575
31
0
12
31250
22
6700
32
0
13
34050
23
6700
33
0
0
LINE
8
WALL
10
31250
20
6575
30
0
11
34050
21
6575
31
0
0
LINE
8
WALL
10
34050
20
6575
30
0
11
34050
21
6700
31
0
0
LINE
8
WALL
10
34050
20
6700
30
0
11
31250
21
6700
31
0
0
LINE
8
WALL
10
31250
20
6700
30
0
11
31250
21
6575
31
0
0
SOLID
8
WALL
10
23050
20
8375
30
0
11
26400
21
8375
31
0
12
23050
22
8500
32
0
13
26400
23
8500
33
0
0
LINE
8
WALL
10
23050
20
8375
30
0
11
26400
21
8375
31
0
0
LINE
8
WALL
10
26400
20
8375
30
0
11
26400
21
8500
31
0
0
LINE
8
WALL
10
26400
20
8500
30
0
11
23050
21
8500
31
0
0
LINE
8
WALL
10
23050
20
8500
30
0
11
23050
21
8375
31
0
0
SOLID
8
WALL
10
27250
20
8375
30
0
11
30400
21
8375
31
0
12
27250
22
8500
32
0
13
30400
23
8500
33
0
0
LINE
8
WALL
10
27250
20
8375
30
0
11
30400
21
8375
31
0
0
LINE
8
WALL
10
30400
20
8375
30
0
11
30400
21
8500
31
0
0
LINE
8
WALL
10
30400
20
8500
30
0
11
27250
21
8500
31
0
0
LINE
8
WALL
10
27250
20
8500
30
0
11
27250
21
8375
31
0
0
SOLID
8
WALL
10
31250
20
8375
30
0
11
34000
21
8375
31
0
12
31250
22
8500
32
0
13
34000
23
8500
33
0
0
LINE
8
WALL
10
31250
20
8375
30
0
11
34000
21
8375
31
0
0
LINE
8
WALL
10
34000
20
8375
30
0
11
34000
21
8500
31
0
0
LINE
8
WALL
10
34000
20
8500
30
0
11
31250
21
8500
31
0
0
LINE
8
WALL
10
31250
20
8500
30
0
11
31250
21
8375
31
0
0
SOLID
8
WALL
10
35350
20
9925
30
0
11
37750
21
9925
31
0
12
35350
22
10050
32
0
13
37750
23
10050
33
0
0
LINE
8
WALL
10
35350
20
9925
30
0
11
37750
21
9925
31
0
0
LINE
8
WALL
10
37750
20
9925
30
0
11
37750
21
10050
31
0
0
LINE
8
WALL
10
37750
20
10050
30
0
11
35350
21
10050
31
0
0
LINE
8
WALL
10
35350
20
10050
30
0
11
35350
21
9925
31
0
0
SOLID
8
WALL
10
35300
20
9350
30
0
11
35425
21
9350
31
0
12
35300
22
10050
32
0
13
35425
23
10050
33
0
0
LINE
8
WALL
10
35300
20
9350
30
0
11
35425
21
9350
31
0
0
LINE
8
WALL
10
35425
20
9350
30
0
11
35425
21
10050
31
0
0
LINE
8
WALL
10
35425
20
10050
30
0
11
35300
21
10050
31
0
0
LINE
8
WALL
10
35300
20
10050
30
0
11
35300
21
9350
31
0
0
SOLID
8
WALL
10
35300
20
7550
30
0
11
35425
21
7550
31
0
12
35300
22
8250
32
0
13
35425
23
8250
33
0
0
LINE
8
WALL
10
35300
20
7550
30
0
11
35425
21
7550
31
0
0
LINE
8
WALL
10
35425
20
7550
30
0
11
35425
21
8250
31
0
0
LINE
8
WALL
10
35425
20
8250
30
0
11
35300
21
8250
31
0
0
LINE
8
WALL
10
35300
20
8250
30
0
11
35300
21
7550
31
0
0
SOLID
8
WALL
10
35300
20
7550
30
0
11
37750
21
7550
31
0
12
35300
22
7675
32
0
13
37750
23
7675
33
0
0
LINE
8
WALL
10
35300
20
7550
30
0
11
37750
21
7550
31
0
0
LINE
8
WALL
10
37750
20
7550
30
0
11
37750
21
7675
31
0
0
LINE
8
WALL
10
37750
20
7675
30
0
11
35300
21
7675
31
0
0
LINE
8
WALL
10
35300
20
7675
30
0
11
35300
21
7550
31
0
0
SOLID
8
WALL
10
35250
20
11150
30
0
11
35350
21
11150
31
0
12
35250
22
14750
32
0
13
35350
23
14750
33
0
0
LINE
8
WALL
10
35250
20
11150
30
0
11
35350
21
11150
31
0
0
LINE
8
WALL
10
35350
20
11150
30
0
11
35350
21
14750
31
0
0
LINE
8
WALL
10
35350
20
14750
30
0
11
35250
21
14750
31
0
0
LINE
8
WALL
10
35250
20
14750
30
0
11
35250
21
11150
31
0
0
SOLID
8
WALL
10
35225
20
15000
30
0
11
35350
21
15000
31
0
12
35225
22
19750
32
0
13
35350
23
19750
33
0
0
LINE
8
WALL
10
35225
20
15000
30
0
11
35350
21
15000
31
0
0
LINE
8
WALL
10
35350
20
15000
30
0
11
35350
21
19750
31
0
0
LINE
8
WALL
10
35350
20
19750
30
0
11
35225
21
19750
31
0
0
LINE
8
WALL
10
35225
20
19750
30
0
11
35225
21
15000
31
0
0
SOLID
8
WALL
10
37250
20
14975
30
0
11
37750
21
14975
31
0
12
37250
22
15100
32
0
13
37750
23
15100
33
0
0
LINE
8
WALL
10
37250
20
14975
30
0
11
37750
21
14975
31
0
0
LINE
8
WALL
10
37750
20
14975
30
0
11
37750
21
15100
31
0
0
LINE
8
WALL
10
37750
20
15100
30
0
11
37250
21
15100
31
0
0
LINE
8
WALL
10
37250
20
15100
30
0
11
37250
21
14975
31
0
0
SOLID
8
WALL
10
33950
20
16400
30
0
11
34050
21
16400
31
0
12
33950
22
18450
32
0
13
34050
23
18450
33
0
0
LINE
8
WALL
10
33950
20
16400
30
0
11
34050
21
16400
31
0
0
LINE
8
WALL
10
34050
20
16400
30
0
11
34050
21
18450
31
0
0
LINE
8
WALL
10
34050
20
18450
30
0
11
33950
21
18450
31
0
0
LINE
8
WALL
10
33950
20
18450
30
0
11
33950
21
16400
31
0
0
SOLID
8
WALL
10
33950
20
15000
30
0
11
34050
21
15000
31
0
12
33950
22
15500
32
0
13
34050
23
15500
33
0
0
LINE
8
WALL
10
33950
20
15000
30
0
11
34050
21
15000
31
0
0
LINE
8
WALL
10
34050
20
15000
30
0
11
34050
21
15500
31
0
0
LINE
8
WALL
10
34050
20
15500
30
0
11
33950
21
15500
31
0
0
LINE
8
WALL
10
33950
20
15500
30
0
11
33950
21
15000
31
0
0
SOLID
8
WALL
10
35875
20
16000
30
0
11
36000
21
16000
31
0
12
35875
22
16850
32
0
13
36000
23
16850
33
0
0
LINE
8
WALL
10
35875
20
16000
30
0
11
36000
21
16000
31
0
0
LINE
8
WALL
10
36000
20
16000
30
0
11
36000
21
16850
31
0
0
LINE
8
WALL
10
36000
20
16850
30
0
11
35875
21
16850
31
0
0
LINE
8
WALL
10
35875
20
16850
30
0
11
35875
21
16000
31
0
0
SOLID
8
WALL
10
35875
20
15100
30
0
11
36000
21
15100
31
0
12
35875
22
15200
32
0
13
36000
23
15200
33
0
0
LINE
8
WALL
10
35875
20
15100
30
0
11
36000
21
15100
31
0
0
LINE
8
WALL
10
36000
20
15100
30
0
11
36000
21
15200
31
0
0
LINE
8
WALL
10
36000
20
15200
30
0
11
35875
21
15200
31
0
0
LINE
8
WALL
10
35875
20
15200
30
0
11
35875
21
15100
31
0
0
SOLID
8
WALL
10
35875
20
16725
30
0
11
37750
21
16725
31
0
12
35875
22
16850
32
0
13
37750
23
16850
33
0
0
LINE
8
WALL
10
35875
20
16725
30
0
11
37750
21
16725
31
0
0
LINE
8
WALL
10
37750
20
16725
30
0
11
37750
21
16850
31
0
0
LINE
8
WALL
10
37750
20
16850
30
0
11
35875
21
16850
31
0
0
LINE
8
WALL
10
35875
20
16850
30
0
11
35875
21
16725
31
0
0
SOLID
8
WALL
10
34050
20
5675
30
0
11
34800
21
5675
31
0
12
34050
22
5800
32
0
13
34800
23
5800
33
0
0
LINE
8
WALL
10
34050
20
5675
30
0
11
34800
21
5675
31
0
0
LINE
8
WALL
10
34800
20
5675
30
0
11
34800
21
5800
31
0
0
LINE
8
WALL
10
34800
20
5800
30
0
11
34050
21
5800
31
0
0
LINE
8
WALL
10
34050
20
5800
30
0
11
34050
21
5675
31
0
0
SOLID
8
WALL
10
35650
20
5675
30
0
11
37750
21
5675
31
0
12
35650
22
5800
32
0
13
37750
23
5800
33
0
0
LINE
8
WALL
10
35650
20
5675
30
0
11
37750
21
5675
31
0
0
LINE
8
WALL
10
37750
20
5675
30
0
11
37750
21
5800
31
0
0
LINE
8
WALL
10
37750
20
5800
30
0
11
35650
21
5800
31
0
0
LINE
8
WALL
10
35650
20
5800
30
0
11
35650
21
5675
31
0
0
SOLID
8
WALL
10
37100
20
6225
30
0
11
37700
21
6225
31
0
12
37100
22
6275
32
0
13
37700
23
6275
33
0
0
LINE
8
WALL
10
37100
20
6225
30
0
11
37700
21
6225
31
0
0
LINE
8
WALL
10
37700
20
6225
30
0
11
37700
21
6275
31
0
0
LINE
8
WALL
10
37700
20
6275
30
0
11
37100
21
6275
31
0
0
LINE
8
WALL
10
37100
20
6275
30
0
11
37100
21
6225
31
0
0
SOLID
8
WALL
10
37100
20
5800
30
0
11
37700
21
5800
31
0
12
37100
22
5850
32
0
13
37700
23
5850
33
0
0
LINE
8
WALL
10
37100
20
5800
30
0
11
37700
21
5800
31
0
0
LINE
8
WALL
10
37700
20
5800
30
0
11
37700
21
5850
31
0
0
LINE
8
WALL
10
37700
20
5850
30
0
11
37100
21
5850
31
0
0
LINE
8
WALL
10
37100
20
5850
30
0
11
37100
21
5800
31
0
0
LINE
8
WALL
10
60000
20
0
30
0
11
44000
21
0
31
0
0
LINE
8
WALL
10
44000
20
0
30
0
11
44000
21
15000
31
0
0
LINE
8
WALL
10
44000
20
15000
30
0
11
56000
21
15000
31
0
0
LINE
8
WALL
10
56000
20
15000
30
0
11
56000
21
20000
31
0
0
LINE
8
WALL
10
56000
20
20000
30
0
11
60000
21
20000
31
0
0
LINE
8
WALL
10
60000
20
20000
30
0
11
60000
21
0
31
0
0
LINE
8
WALL
10
59750
20
250
30
0
11
44250
21
250
31
0
0
LINE
8
WALL
10
44250
20
250
30
0
11
44250
21
14750
31
0
0
LINE
8
WALL
10
44250
20
14750
30
0
11
55750
21
14750
31
0
0
LINE
8
WALL
10
55750
20
14750
30
0
11
55750
21
19750
31
0
0
LINE
8
WALL
10
55750
20
19750
30
0
11
59750
21
19750
31
0
0
LINE
8
WALL
10
59750
20
19750
30
0
11
59750
21
250
31
0
0
LINE
8
WINDOW
10
57362.5
20
9350
30
0
11
57362.5
21
8250
31
0
0
LINE
8
WINDOW
10
54500
20
9987.5
30
0
11
53000
21
9987.5
31
0
0
LINE
8
DOOR
10
49325
20
10050
30
0
11
49325
21
10900
31
0
0
ARC
8
DOOR
10
48475
20
10900
30
0
40
850
50
270
51
0
0
LINE
8
DOOR
10
46750
20
10050
30
0
11
46750
21
10900
31
0
0
ARC
8
DOOR
10
45900
20
10900
30
0
40
850
50
270
51
0
0
LINE
8
DOOR
10
49925
20
10500
30
0
11
50775
21
10500
31
0
0
ARC
8
DOOR
10
50775
20
11350
30
0
40
850
50
180
51
270
0
LINE
8
DOOR
10
46750
20
8425
30
0
11
46750
21
7575
31
0
0
ARC
8
DOOR
10
45900
20
7575
30
0
40
850
50
0
51
90
0
LINE
8
DOOR
10
51250
20
8425
30
0
11
51250
21
7575
31
0
0
ARC
8
DOOR
10
50400
20
7575
30
0
40
850
50
0
51
90
0
LINE
8
WINDOW
10
59350
20
175
30
0
11
51500
21
175
31
0
0
LINE
8
WINDOW
10
52050
20
75
30
0
11
44400
21
75
31
0
0
LINE
8
WINDOW
10
52750
20
14962.5
30
0
11
55000
21
14962.5
31
0
0
LINE
8
WINDOW
10
55000
20
14962.5
30
0
11
55000
21
14787.5
31
0
0
LINE
8
WINDOW
10
55000
20
14787.5
30
0
11
52750
21
14787.5
31
0
0
LINE
8
WINDOW
10
52750
20
14787.5
30
0
11
52750
21
14962.5
31
0
0
LINE
8
WINDOW
10
55000
20
14875
30
0
11
52750
21
14875
31
0
0
LINE
8
WINDOW
10
49000
20
14962.5
30
0
11
51250
21
14962.5
31
0
0
LINE
8
WINDOW
10
51250
20
14962.5
30
0
11
51250
21
14787.5
31
0
0
LINE
8
WINDOW
10
51250
20
14787.5
30
0
11
49000
21
14787.5
31
0
0
LINE
8
WINDOW
10
49000
20
14787.5
30
0
11
49000
21
14962.5
31
0
0
LINE
8
WINDOW
10
51250
20
14875
30
0
11
49000
21
14875
31
0
0
LINE
8
WINDOW
10
44300
20
14962.5
30
0
11
45750
21
14962.5
31
0
0
LINE
8
WINDOW
10
45750
20
14962.5
30
0
11
45750
21
14787.5
31
0
0
LINE
8
WINDOW
10
45750
20
14787.5
30
0
11
44300
21
14787.5
31
0
0
LINE
8
WINDOW
10
44300
20
14787.5
30
0
11
44300
21
14962.5
31
0
0
LINE
8
WINDOW
10
45750
20
14875
30
0
11
44300
21
14875
31
0
0
LINE
8
WINDOW
10
59787.5
20
12750
30
0
11
59962.5
21
12750
31
0
0
LINE
8
WINDOW
10
59962.5
20
12750
30
0
11
59962.5
21
10750
31
0
0
LINE
8
WINDOW
10
59962.5
20
10750
30
0
11
59787.5
21
10750
31
0
0
LINE
8
WINDOW
10
59787.5
20
10750
30
0
11
59787.5
21
12750
31
0
0
LINE
8
WINDOW
10
59875
20
12750
30
0
11
59875
21
10750
31
0
0
LINE
8
WINDOW
10
44037.5
20
14250
30
0
11
44212.5
21
14250
31
0
0
LINE
8
WINDOW
10
44212.5
20
14250
30
0
11
44212.5
21
12500
31
0
0
LINE
8
WINDOW
10
44212.5
20
12500
30
0
11
44037.5
21
12500
31
0
0
LINE
8
WINDOW
10
44037.5
20
12500
30
0
11
44037.5
21
14250
31
0
0
LINE
8
WINDOW
10
44125
20
14250
30
0
11
44125
21
12500
31
0
0
LINE
8
WINDOW
10
44037.5
20
9675
30
0
11
44212.5
21
9675
31
0
0
LINE
8
WINDOW
10
44212.5
20
9675
30
0
11
44212.5
21
8625
31
0
0
LINE
8
WINDOW
10
44212.5
20
8625
30
0
11
44037.5
21
8625
31
0
0
LINE
8
WINDOW
10
44037.5
20
8625
30
0
11
44037.5
21
9675
31
0
0
LINE
8
WINDOW
10
44125
20
9675
30
0
11
44125
21
8625
31
0
0
LINE
8
WINDOW
10
44037.5
20
8250
30
0
11
44212.5
21
8250
31
0
0
LINE
8
WINDOW
10
44212.5
20
8250
30
0
11
44212.5
21
5300
31
0
0
LINE
8
WINDOW
10
44212.5
20
5300
30
0
11
44037.5
21
5300
31
0
0
LINE
8
WINDOW
10
44037.5
20
5300
30
0
11
44037.5
21
8250
31
0
0
LINE
8
WINDOW
10
44125
20
8250
30
0
11
44125
21
5300
31
0
0
LINE
8
FURN
10
59650
20
9925
30
0
11
57500
21
7725
31
0
0
LINE
8
FURN
10
57500
20
9925
30
0
11
59650
21
7725
31
0
0
LINE
8
DOOR
10
57350
20
10150
30
0
11
58350
21
10150
31
0
0
ARC
8
DOOR
10
58350
20
11150
30
0
40
1000
50
180
51
270
0
LINE
8
FURN
10
59650
20
15000
30
0
11
57350
21
15000
31
0
0
LINE
8
FURN
10
59650
20
14675
30
0
11
58550
21
14675
31
0
0
LINE
8
FURN
10
58450
20
14675
30
0
11
57350
21
14675
31
0
0
LINE
8
FURN
10
59650
20
14350
30
0
11
58550
21
14350
31
0
0
LINE
8
FURN
10
58450
20
14350
30
0
11
57350
21
14350
31
0
0
LINE
8
FURN
10
59650
20
14025
30
0
11
58550
21
14025
31
0
0
LINE
8
FURN
10
58450
20
14025
30
0
11
57350
21
14025
31
0
0
LINE
8
FURN
10
59650
20
13700
30
0
11
58550
21
13700
31
0
0
LINE
8
FURN
10
58450
20
13700
30
0
11
57350
21
13700
31
0
0
LINE
8
FURN
10
59650
20
13375
30
0
11
58550
21
13375
31
0
0
LINE
8
FURN
10
58450
20
13375
30
0
11
57350
21
13375
31
0
0
LINE
8
FURN
10
59650
20
13050
30
0
11
58550
21
13050
31
0
0
LINE
8
FURN
10
58450
20
13050
30
0
11
57350
21
13050
31
0
0
LINE
8
FURN
10
59650
20
12725
30
0
11
58550
21
12725
31
0
0
LINE
8
FURN
10
58450
20
12725
30
0
11
57350
21
12725
31
0
0
LINE
8
FURN
10
59650
20
12400
30
0
11
58550
21
12400
31
0
0
LINE
8
FURN
10
58450
20
12400
30
0
11
57350
21
12400
31
0
0
LINE
8
FURN
10
59650
20
12075
30
0
11
58550
21
12075
31
0
0
LINE
8
FURN
10
58450
20
12075
30
0
11
57350
21
12075
31
0
0
LINE
8
FURN
10
59650
20
11750
30
0
11
58550
21
11750
31
0
0
LINE
8
FURN
10
58450
20
11750
30
0
11
57350
21
11750
31
0
0
LINE
8
FURN
10
58550
20
14675
30
0
11
58550
21
10375
31
0
0
LINE
8
FURN
10
58450
20
14675
30
0
11
58450
21
10375
31
0
0
LINE
8
FURN
10
59125
20
14250
30
0
11
59125
21
10625
31
0
0
LINE
8
FURN
10
59225
20
10825
30
0
11
59125
21
10625
31
0
0
LINE
8
FURN
10
59125
20
10625
30
0
11
59025
21
10825
31
0
0
LINE
8
FURN
10
59650
20
6650
30
0
11
59150
21
6275
31
0
0
LINE
8
FURN
10
59150
20
6650
30
0
11
59650
21
6275
31
0
0
LINE
8
FURN
10
59650
20
6225
30
0
11
59150
21
5850
31
0
0
LINE
8
FURN
10
59150
20
6225
30
0
11
59650
21
5850
31
0
0
LINE
8
DOOR
10
56200
20
14975
30
0
11
56200
21
15975
31
0
0
LINE
8
FURN
10
58600
20
19500
30
0
11
59600
21
19500
31
0
0
LINE
8
FURN
10
59600
20
19500
30
0
11
59600
21
18500
31
0
0
LINE
8
FURN
10
59600
20
18500
30
0
11
58600
21
18500
31
0
0
LINE
8
FURN
10
58600
20
18500
30
0
11
58600
21
19500
31
0
0
CIRCLE
8
FURN
10
59100
20
19000
30
0
40
300
0
LINE
8
FURN
10
57400
20
19500
30
0
11
58500
21
19500
31
0
0
LINE
8
FURN
10
58500
20
19500
30
0
11
58500
21
18500
31
0
0
LINE
8
FURN
10
58500
20
18500
30
0
11
57400
21
18500
31
0
0
LINE
8
FURN
10
57400
20
18500
30
0
11
57400
21
19500
31
0
0
LINE
8
FURN
10
58500
20
19000
30
0
11
57400
21
19000
31
0
0
LINE
8
FURN
10
58000
20
18250
30
0
11
59300
21
18250
31
0
0
LINE
8
FURN
10
59300
20
18250
30
0
11
59300
21
16250
31
0
0
LINE
8
FURN
10
59300
20
16250
30
0
11
58000
21
16250
31
0
0
LINE
8
FURN
10
58000
20
16250
30
0
11
58000
21
18250
31
0
0
LINE
8
FURN
10
58000
20
18250
30
0
11
59300
21
18250
31
0
0
LINE
8
FURN
10
59300
20
18250
30
0
11
59300
21
18075
31
0
0
LINE
8
FURN
10
59300
20
18075
30
0
11
58000
21
18075
31
0
0
LINE
8
FURN
10
58000
20
18075
30
0
11
58000
21
18250
31
0
0
LINE
8
FURN
10
58200
20
17900
30
0
11
59100
21
17900
31
0
0
LINE
8
FURN
10
59100
20
17900
30
0
11
59100
21
17250
31
0
0
LINE
8
FURN
10
59100
20
17250
30
0
11
58200
21
17250
31
0
0
LINE
8
FURN
10
58200
20
17250
30
0
11
58200
21
17900
31
0
0
LINE
8
FURN
10
56350
20
19500
30
0
11
57200
21
19500
31
0
0
LINE
8
FURN
10
57200
20
19500
30
0
11
57200
21
17350
31
0
0
LINE
8
FURN
10
57200
20
17350
30
0
11
56350
21
17350
31
0
0
LINE
8
FURN
10
56350
20
17350
30
0
11
56350
21
19500
31
0
0
LINE
8
FURN
10
57200
20
18425
30
0
11
56350
21
18425
31
0
0
LINE
8
FURN
10
56350
20
16750
30
0
11
57750
21
16750
31
0
0
LINE
8
FURN
10
57750
20
16750
30
0
11
57750
21
16300
31
0
0
LINE
8
FURN
10
57750
20
16300
30
0
11
56350
21
16300
31
0
0
LINE
8
FURN
10
56350
20
16300
30
0
11
56350
21
16750
31
0
0
LINE
8
FURN
10
57750
20
16525
30
0
11
56350
21
16525
31
0
0
LINE
8
WINDOW
10
56750
20
19962.5
30
0
11
59000
21
19962.5
31
0
0
LINE
8
WINDOW
10
59000
20
19962.5
30
0
11
59000
21
19787.5
31
0
0
LINE
8
WINDOW
10
59000
20
19787.5
30
0
11
56750
21
19787.5
31
0
0
LINE
8
WINDOW
10
56750
20
19787.5
30
0
11
56750
21
19962.5
31
0
0
LINE
8
WINDOW
10
59000
20
19875
30
0
11
56750
21
19875
31
0
0
LINE
8
WINDOW
10
59787.5
20
19250
30
0
11
59962.5
21
19250
31
0
0
LINE
8
WINDOW
10
59962.5
20
19250
30
0
11
59962.5
21
17250
31
0
0
LINE
8
WINDOW
10
59962.5
20
17250
30
0
11
59787.5
21
17250
31
0
0
LINE
8
WINDOW
10
59787.5
20
17250
30
0
11
59787.5
21
19250
31
0
0
LINE
8
WINDOW
10
59875
20
19250
30
0
11
59875
21
17250
31
0
0
LINE
8
FURN
10
56050
20
7200
30
0
11
56750
21
7200
31
0
0
LINE
8
FURN
10
56750
20
7200
30
0
11
56750
21
6500
31
0
0
LINE
8
FURN
10
56750
20
6500
30
0
11
56050
21
6500
31
0
0
LINE
8
FURN
10
56050
20
6500
30
0
11
56050
21
7200
31
0
0
LINE
8
FURN
10
56050
20
5600
30
0
11
56750
21
5600
31
0
0
LINE
8
FURN
10
56750
20
5600
30
0
11
56750
21
5250
31
0
0
LINE
8
FURN
10
56750
20
5250
30
0
11
56050
21
5250
31
0
0
LINE
8
FURN
10
56050
20
5250
30
0
11
56050
21
5600
31
0
0
LINE
8
FURN
10
52650
20
8250
30
0
11
55350
21
8250
31
0
0
LINE
8
FURN
10
55350
20
8250
30
0
11
55350
21
6600
31
0
0
LINE
8
FURN
10
55350
20
6600
30
0
11
52650
21
6600
31
0
0
LINE
8
FURN
10
52650
20
6600
30
0
11
52650
21
8250
31
0
0
LINE
8
FURN
10
55400
20
7950
30
0
11
55650
21
7950
31
0
0
LINE
8
FURN
10
55650
20
7950
30
0
11
55650
21
7500
31
0
0
LINE
8
FURN
10
55650
20
7500
30
0
11
55400
21
7500
31
0
0
LINE
8
FURN
10
55400
20
7500
30
0
11
55400
21
7950
31
0
0
LINE
8
FURN
10
55400
20
7300
30
0
11
55650
21
7300
31
0
0
LINE
8
FURN
10
55650
20
7300
30
0
11
55650
21
6850
31
0
0
LINE
8
FURN
10
55650
20
6850
30
0
11
55400
21
6850
31
0
0
LINE
8
FURN
10
55400
20
6850
30
0
11
55400
21
7300
31
0
0
LINE
8
FURN
10
52350
20
7950
30
0
11
52600
21
7950
31
0
0
LINE
8
FURN
10
52600
20
7950
30
0
11
52600
21
7500
31
0
0
LINE
8
FURN
10
52600
20
7500
30
0
11
52350
21
7500
31
0
0
LINE
8
FURN
10
52350
20
7500
30
0
11
52350
21
7950
31
0
0
LINE
8
FURN
10
52350
20
7300
30
0
11
52600
21
7300
31
0
0
LINE
8
FURN
10
52600
20
7300
30
0
11
52600
21
6850
31
0
0
LINE
8
FURN
10
52600
20
6850
30
0
11
52350
21
6850
31
0
0
LINE
8
FURN
10
52350
20
6850
30
0
11
52350
21
7300
31
0
0
LINE
8
FURN
10
54400
20
8550
30
0
11
54850
21
8550
31
0
0
LINE
8
FURN
10
54850
20
8550
30
0
11
54850
21
8300
31
0
0
LINE
8
FURN
10
54850
20
8300
30
0
11
54400
21
8300
31
0
0
LINE
8
FURN
10
54400
20
8300
30
0
11
54400
21
8550
31
0
0
LINE
8
FURN
10
53150
20
8550
30
0
11
53600
21
8550
31
0
0
LINE
8
FURN
10
53600
20
8550
30
0
11
53600
21
8300
31
0
0
LINE
8
FURN
10
53600
20
8300
30
0
11
53150
21
8300
31
0
0
LINE
8
FURN
10
53150
20
8300
30
0
11
53150
21
8550
31
0
0
LINE
8
FURN
10
54400
20
6500
30
0
11
54850
21
6500
31
0
0
LINE
8
FURN
10
54850
20
6500
30
0
11
54850
21
6250
31
0
0
LINE
8
FURN
10
54850
20
6250
30
0
11
54400
21
6250
31
0
0
LINE
8
FURN
10
54400
20
6250
30
0
11
54400
21
6500
31
0
0
LINE
8
FURN
10
53150
20
6500
30
0
11
53600
21
6500
31
0
0
LINE
8
FURN
10
53600
20
6500
30
0
11
53600
21
6250
31
0
0
LINE
8
FURN
10
53600
20
6250
30
0
11
53150
21
6250
31
0
0
LINE
8
FURN
10
53150
20
6250
30
0
11
53150
21
6500
31
0
0
LINE
8
FURN
10
54050
20
5850
30
0
11
55800
21
5850
31
0
0
LINE
8
FURN
10
55800
20
5850
30
0
11
55800
21
5400
31
0
0
LINE
8
FURN
10
55800
20
5400
30
0
11
54050
21
5400
31
0
0
LINE
8
FURN
10
54050
20
5400
30
0
11
54050
21
5850
31
0
0
LINE
8
FURN
10
55800
20
5625
30
0
11
54050
21
5625
31
0
0
LINE
8
FURN
10
44200
20
8100
30
0
11
46200
21
8100
31
0
0
LINE
8
FURN
10
46200
20
8100
30
0
11
46200
21
6300
31
0
0
LINE
8
FURN
10
46200
20
6300
30
0
11
44200
21
6300
31
0
0
LINE
8
FURN
10
44200
20
6300
30
0
11
44200
21
8100
31
0
0
LINE
8
FURN
10
44200
20
8100
30
0
11
44375
21
8100
31
0
0
LINE
8
FURN
10
44375
20
8100
30
0
11
44375
21
6300
31
0
0
LINE
8
FURN
10
44375
20
6300
30
0
11
44200
21
6300
31
0
0
LINE
8
FURN
10
44200
20
6300
30
0
11
44200
21
8100
31
0
0
LINE
8
FURN
10
44525
20
7900
30
0
11
45175
21
7900
31
0
0
LINE
8
FURN
10
45175
20
7900
30
0
11
45175
21
7250
31
0
0
LINE
8
FURN
10
45175
20
7250
30
0
11
44525
21
7250
31
0
0
LINE
8
FURN
10
44525
20
7250
30
0
11
44525
21
7900
31
0
0
LINE
8
FURN
10
44525
20
7150
30
0
11
45175
21
7150
31
0
0
LINE
8
FURN
10
45175
20
7150
30
0
11
45175
21
6500
31
0
0
LINE
8
FURN
10
45175
20
6500
30
0
11
44525
21
6500
31
0
0
LINE
8
FURN
10
44525
20
6500
30
0
11
44525
21
7150
31
0
0
LINE
8
FURN
10
45750
20
8100
30
0
11
45750
21
6300
31
0
0
LINE
8
FURN
10
45700
20
6150
30
0
11
46200
21
6150
31
0
0
LINE
8
FURN
10
46200
20
6150
30
0
11
46200
21
5700
31
0
0
LINE
8
FURN
10
46200
20
5700
30
0
11
45700
21
5700
31
0
0
LINE
8
FURN
10
45700
20
5700
30
0
11
45700
21
6150
31
0
0
LINE
8
FURN
10
47350
20
8250
30
0
11
47800
21
8250
31
0
0
LINE
8
FURN
10
47800
20
8250
30
0
11
47800
21
6500
31
0
0
LINE
8
FURN
10
47800
20
6500
30
0
11
47350
21
6500
31
0
0
LINE
8
FURN
10
47350
20
6500
30
0
11
47350
21
8250
31
0
0
LINE
8
FURN
10
47800
20
7375
30
0
11
47350
21
7375
31
0
0
LINE
8
FURN
10
45600
20
5800
30
0
11
47800
21
5800
31
0
0
LINE
8
FURN
10
47800
20
5800
30
0
11
47800
21
5350
31
0
0
LINE
8
FURN
10
47800
20
5350
30
0
11
45600
21
5350
31
0
0
LINE
8
FURN
10
45600
20
5350
30
0
11
45600
21
5800
31
0
0
LINE
8
FURN
10
47800
20
5575
30
0
11
45600
21
5575
31
0
0
LINE
8
FURN
10
52150
20
14625
30
0
11
55800
21
14625
31
0
0
LINE
8
FURN
10
55800
20
14625
30
0
11
55800
21
14125
31
0
0
LINE
8
FURN
10
55800
20
14125
30
0
11
52150
21
14125
31
0
0
LINE
8
FURN
10
52150
20
14125
30
0
11
52150
21
14625
31
0
0
LINE
8
FURN
10
55800
20
14375
30
0
11
52150
21
14375
31
0
0
LINE
8
FURN
10
54750
20
14575
30
0
11
55450
21
14575
31
0
0
LINE
8
FURN
10
55450
20
14575
30
0
11
55450
21
14175
31
0
0
LINE
8
FURN
10
55450
20
14175
30
0
11
54750
21
14175
31
0
0
LINE
8
FURN
10
54750
20
14175
30
0
11
54750
21
14575
31
0
0
CIRCLE
8
FURN
10
53500
20
14375
30
0
40
125
0
CIRCLE
8
FURN
10
53050
20
14375
30
0
40
125
0
LINE
8
FURN
10
55300
20
14125
30
0
11
55800
21
14125
31
0
0
LINE
8
FURN
10
55800
20
14125
30
0
11
55800
21
11125
31
0
0
LINE
8
FURN
10
55800
20
11125
30
0
11
55300
21
11125
31
0
0
LINE
8
FURN
10
55300
20
11125
30
0
11
55300
21
14125
31
0
0
LINE
8
FURN
10
55800
20
12625
30
0
11
55300
21
12625
31
0
0
LINE
8
FURN
10
52150
20
14125
30
0
11
52650
21
14125
31
0
0
LINE
8
FURN
10
52650
20
14125
30
0
11
52650
21
12375
31
0
0
LINE
8
FURN
10
52650
20
12375
30
0
11
52150
21
12375
31
0
0
LINE
8
FURN
10
52150
20
12375
30
0
11
52150
21
14125
31
0
0
LINE
8
FURN
10
52650
20
13250
30
0
11
52150
21
13250
31
0
0
LINE
8
FURN
10
52150
20
10850
30
0
11
54250
21
10850
31
0
0
LINE
8
FURN
10
54250
20
10850
30
0
11
54250
21
10350
31
0
0
LINE
8
FURN
10
54250
20
10350
30
0
11
52150
21
10350
31
0
0
LINE
8
FURN
10
52150
20
10350
30
0
11
52150
21
10850
31
0
0
LINE
8
FURN
10
54250
20
10600
30
0
11
52150
21
10600
31
0
0
LINE
8
HVAC
10
53650
20
14700
30
0
11
54250
21
14700
31
0
0
LINE
8
HVAC
10
54250
20
14700
30
0
11
54250
21
14350
31
0
0
LINE
8
HVAC
10
54250
20
14350
30
0
11
53650
21
14350
31
0
0
LINE
8
HVAC
10
53650
20
14350
30
0
11
53650
21
14700
31
0
0
LINE
8
HVAC
10
54100
20
14700
30
0
11
54100
21
14350
31
0
0
LINE
8
HVAC
10
53950
20
14700
30
0
11
53950
21
14350
31
0
0
LINE
8
HVAC
10
53800
20
14700
30
0
11
53800
21
14350
31
0
0
LINE
8
FURN
10
50175
20
14600
30
0
11
51775
21
14600
31
0
0
LINE
8
FURN
10
51775
20
14600
30
0
11
51775
21
12550
31
0
0
LINE
8
FURN
10
51775
20
12550
30
0
11
50175
21
12550
31
0
0
LINE
8
FURN
10
50175
20
12550
30
0
11
50175
21
14600
31
0
0
LINE
8
FURN
10
51025
20
14450
30
0
11
51625
21
14450
31
0
0
LINE
8
FURN
10
51625
20
14450
30
0
11
51625
21
14125
31
0
0
LINE
8
FURN
10
51625
20
14125
30
0
11
51025
21
14125
31
0
0
LINE
8
FURN
10
51025
20
14125
30
0
11
51025
21
14450
31
0
0
LINE
8
FURN
10
50275
20
14450
30
0
11
50875
21
14450
31
0
0
LINE
8
FURN
10
50875
20
14450
30
0
11
50875
21
14125
31
0
0
LINE
8
FURN
10
50875
20
14125
30
0
11
50275
21
14125
31
0
0
LINE
8
FURN
10
50275
20
14125
30
0
11
50275
21
14450
31
0
0
LINE
8
FURN
10
48200
20
14600
30
0
11
49750
21
14600
31
0
0
LINE
8
FURN
10
49750
20
14600
30
0
11
49750
21
14150
31
0
0
LINE
8
FURN
10
49750
20
14150
30
0
11
48200
21
14150
31
0
0
LINE
8
FURN
10
48200
20
14150
30
0
11
48200
21
14600
31
0
0
LINE
8
FURN
10
49750
20
14375
30
0
11
48200
21
14375
31
0
0
LINE
8
FURN
10
50175
20
12450
30
0
11
51775
21
12450
31
0
0
LINE
8
FURN
10
51775
20
12450
30
0
11
51775
21
12100
31
0
0
LINE
8
FURN
10
51775
20
12100
30
0
11
50175
21
12100
31
0
0
LINE
8
FURN
10
50175
20
12100
30
0
11
50175
21
12450
31
0
0
LINE
8
FURN
10
51050
20
11700
30
0
11
51800
21
11700
31
0
0
LINE
8
FURN
10
51800
20
11700
30
0
11
51800
21
10950
31
0
0
LINE
8
FURN
10
51800
20
10950
30
0
11
51050
21
10950
31
0
0
LINE
8
FURN
10
51050
20
10950
30
0
11
51050
21
11700
31
0
0
LINE
8
FURN
10
51800
20
11700
30
0
11
51050
21
10950
31
0
0
CIRCLE
8
FURN
10
51425
20
11325
30
0
40
62.5
0
LINE
8
FURN
10
50600
20
11325
30
0
11
50582.9
21
11219.8
31
0
0
LINE
8
FURN
10
50582.9
20
11219.8
30
0
11
50534.1
21
11130.5
31
0
0
LINE
8
FURN
10
50534.1
20
11130.5
30
0
11
50461.1
21
11070.9
31
0
0
LINE
8
FURN
10
50461.1
20
11070.9
30
0
11
50375
21
11050
31
0
0
LINE
8
FURN
10
50375
20
11050
30
0
11
50288.9
21
11070.9
31
0
0
LINE
8
FURN
10
50288.9
20
11070.9
30
0
11
50215.9
21
11130.5
31
0
0
LINE
8
FURN
10
50215.9
20
11130.5
30
0
11
50167.1
21
11219.8
31
0
0
LINE
8
FURN
10
50167.1
20
11219.8
30
0
11
50150
21
11325
31
0
0
LINE
8
FURN
10
50150
20
11325
30
0
11
50167.1
21
11430.2
31
0
0
LINE
8
FURN
10
50167.1
20
11430.2
30
0
11
50215.9
21
11519.5
31
0
0
LINE
8
FURN
10
50215.9
20
11519.5
30
0
11
50288.9
21
11579.1
31
0
0
LINE
8
FURN
10
50288.9
20
11579.1
30
0
11
50375
21
11600
31
0
0
LINE
8
FURN
10
50375
20
11600
30
0
11
50461.1
21
11579.1
31
0
0
LINE
8
FURN
10
50461.1
20
11579.1
30
0
11
50534.1
21
11519.5
31
0
0
LINE
8
FURN
10
50534.1
20
11519.5
30
0
11
50582.9
21
11430.2
31
0
0
LINE
8
FURN
10
50582.9
20
11430.2
30
0
11
50600
21
11325
31
0
0
LINE
8
FURN
10
50725
20
11000
30
0
11
50725
21
10750
31
0
0
LINE
8
FURN
10
50025
20
11000
30
0
11
50025
21
10750
31
0
0
LINE
8
FURN
10
50950
20
10650
30
0
11
51800
21
10650
31
0
0
LINE
8
FURN
10
51800
20
10650
30
0
11
51800
21
10200
31
0
0
LINE
8
FURN
10
51800
20
10200
30
0
11
50950
21
10200
31
0
0
LINE
8
FURN
10
50950
20
10200
30
0
11
50950
21
10650
31
0
0
LINE
8
FURN
10
51650
20
10425
30
0
11
51629.1
21
10367.6
31
0
0
LINE
8
FURN
10
51629.1
20
10367.6
30
0
11
51569.5
21
10318.9
31
0
0
LINE
8
FURN
10
51569.5
20
10318.9
30
0
11
51480.2
21
10286.4
31
0
0
LINE
8
FURN
10
51480.2
20
10286.4
30
0
11
51375
21
10275
31
0
0
LINE
8
FURN
10
51375
20
10275
30
0
11
51269.8
21
10286.4
31
0
0
LINE
8
FURN
10
51269.8
20
10286.4
30
0
11
51180.5
21
10318.9
31
0
0
LINE
8
FURN
10
51180.5
20
10318.9
30
0
11
51120.9
21
10367.6
31
0
0
LINE
8
FURN
10
51120.9
20
10367.6
30
0
11
51100
21
10425
31
0
0
LINE
8
FURN
10
51100
20
10425
30
0
11
51120.9
21
10482.4
31
0
0
LINE
8
FURN
10
51120.9
20
10482.4
30
0
11
51180.5
21
10531.1
31
0
0
LINE
8
FURN
10
51180.5
20
10531.1
30
0
11
51269.8
21
10563.6
31
0
0
LINE
8
FURN
10
51269.8
20
10563.6
30
0
11
51375
21
10575
31
0
0
LINE
8
FURN
10
51375
20
10575
30
0
11
51480.2
21
10563.6
31
0
0
LINE
8
FURN
10
51480.2
20
10563.6
30
0
11
51569.5
21
10531.1
31
0
0
LINE
8
FURN
10
51569.5
20
10531.1
30
0
11
51629.1
21
10482.4
31
0
0
LINE
8
FURN
10
51629.1
20
10482.4
30
0
11
51650
21
10425
31
0
0
LINE
8
FURN
10
44300
20
11800
30
0
11
46100
21
11800
31
0
0
LINE
8
FURN
10
46100
20
11800
30
0
11
46100
21
10250
31
0
0
LINE
8
FURN
10
46100
20
10250
30
0
11
44300
21
10250
31
0
0
LINE
8
FURN
10
44300
20
10250
30
0
11
44300
21
11800
31
0
0
LINE
8
FURN
10
45200
20
11650
30
0
11
45950
21
11650
31
0
0
LINE
8
FURN
10
45950
20
11650
30
0
11
45950
21
11300
31
0
0
LINE
8
FURN
10
45950
20
11300
30
0
11
45200
21
11300
31
0
0
LINE
8
FURN
10
45200
20
11300
30
0
11
45200
21
11650
31
0
0
LINE
8
FURN
10
44400
20
11650
30
0
11
45150
21
11650
31
0
0
LINE
8
FURN
10
45150
20
11650
30
0
11
45150
21
11300
31
0
0
LINE
8
FURN
10
45150
20
11300
30
0
11
44400
21
11300
31
0
0
LINE
8
FURN
10
44400
20
11300
30
0
11
44400
21
11650
31
0
0
LINE
8
FURN
10
46525
20
14700
30
0
11
47825
21
14700
31
0
0
LINE
8
FURN
10
47825
20
14700
30
0
11
47825
21
14300
31
0
0
LINE
8
FURN
10
47825
20
14300
30
0
11
46525
21
14300
31
0
0
LINE
8
FURN
10
46525
20
14300
30
0
11
46525
21
14700
31
0
0
LINE
8
FURN
10
47825
20
14500
30
0
11
46525
21
14500
31
0
0
LINE
8
FURN
10
46525
20
14100
30
0
11
47825
21
14100
31
0
0
LINE
8
FURN
10
47825
20
14100
30
0
11
47825
21
13700
31
0
0
LINE
8
FURN
10
47825
20
13700
30
0
11
46525
21
13700
31
0
0
LINE
8
FURN
10
46525
20
13700
30
0
11
46525
21
14100
31
0
0
LINE
8
FURN
10
47825
20
13900
30
0
11
46525
21
13900
31
0
0
LINE
8
FURN
10
45500
20
14650
30
0
11
46250
21
14650
31
0
0
LINE
8
FURN
10
46250
20
14650
30
0
11
46250
21
14300
31
0
0
LINE
8
FURN
10
46250
20
14300
30
0
11
45500
21
14300
31
0
0
LINE
8
FURN
10
45500
20
14300
30
0
11
45500
21
14650
31
0
0
LINE
8
FURN
10
46125
20
14475
30
0
11
46106
21
14427.2
31
0
0
LINE
8
FURN
10
46106
20
14427.2
30
0
11
46051.8
21
14386.6
31
0
0
LINE
8
FURN
10
46051.8
20
14386.6
30
0
11
45970.7
21
14359.5
31
0
0
LINE
8
FURN
10
45970.7
20
14359.5
30
0
11
45875
21
14350
31
0
0
LINE
8
FURN
10
45875
20
14350
30
0
11
45779.3
21
14359.5
31
0
0
LINE
8
FURN
10
45779.3
20
14359.5
30
0
11
45698.2
21
14386.6
31
0
0
LINE
8
FURN
10
45698.2
20
14386.6
30
0
11
45644
21
14427.2
31
0
0
LINE
8
FURN
10
45644
20
14427.2
30
0
11
45625
21
14475
31
0
0
LINE
8
FURN
10
45625
20
14475
30
0
11
45644
21
14522.8
31
0
0
LINE
8
FURN
10
45644
20
14522.8
30
0
11
45698.2
21
14563.4
31
0
0
LINE
8
FURN
10
45698.2
20
14563.4
30
0
11
45779.3
21
14590.5
31
0
0
LINE
8
FURN
10
45779.3
20
14590.5
30
0
11
45875
21
14600
31
0
0
LINE
8
FURN
10
45875
20
14600
30
0
11
45970.7
21
14590.5
31
0
0
LINE
8
FURN
10
45970.7
20
14590.5
30
0
11
46051.8
21
14563.4
31
0
0
LINE
8
FURN
10
46051.8
20
14563.4
30
0
11
46106
21
14522.8
31
0
0
LINE
8
FURN
10
46106
20
14522.8
30
0
11
46125
21
14475
31
0
0
LINE
8
FURN
10
46025
20
13500
30
0
11
46007.9
21
13394.8
31
0
0
LINE
8
FURN
10
46007.9
20
13394.8
30
0
11
45959.1
21
13305.5
31
0
0
LINE
8
FURN
10
45959.1
20
13305.5
30
0
11
45886.1
21
13245.9
31
0
0
LINE
8
FURN
10
45886.1
20
13245.9
30
0
11
45800
21
13225
31
0
0
LINE
8
FURN
10
45800
20
13225
30
0
11
45713.9
21
13245.9
31
0
0
LINE
8
FURN
10
45713.9
20
13245.9
30
0
11
45640.9
21
13305.5
31
0
0
LINE
8
FURN
10
45640.9
20
13305.5
30
0
11
45592.1
21
13394.8
31
0
0
LINE
8
FURN
10
45592.1
20
13394.8
30
0
11
45575
21
13500
31
0
0
LINE
8
FURN
10
45575
20
13500
30
0
11
45592.1
21
13605.2
31
0
0
LINE
8
FURN
10
45592.1
20
13605.2
30
0
11
45640.9
21
13694.5
31
0
0
LINE
8
FURN
10
45640.9
20
13694.5
30
0
11
45713.9
21
13754.1
31
0
0
LINE
8
FURN
10
45713.9
20
13754.1
30
0
11
45800
21
13775
31
0
0
LINE
8
FURN
10
45800
20
13775
30
0
11
45886.1
21
13754.1
31
0
0
LINE
8
FURN
10
45886.1
20
13754.1
30
0
11
45959.1
21
13694.5
31
0
0
LINE
8
FURN
10
45959.1
20
13694.5
30
0
11
46007.9
21
13605.2
31
0
0
LINE
8
FURN
10
46007.9
20
13605.2
30
0
11
46025
21
13500
31
0
0
LINE
8
FURN
10
44200
20
14650
30
0
11
45100
21
14650
31
0
0
LINE
8
FURN
10
45100
20
14650
30
0
11
45100
21
13650
31
0
0
LINE
8
FURN
10
45100
20
13650
30
0
11
44200
21
13650
31
0
0
LINE
8
FURN
10
44200
20
13650
30
0
11
44200
21
14650
31
0
0
LINE
8
FURN
10
45100
20
14650
30
0
11
44200
21
13650
31
0
0
LINE
8
FURN
10
50925
20
8300
30
0
11
51675
21
8300
31
0
0
LINE
8
FURN
10
51675
20
8300
30
0
11
51675
21
7550
31
0
0
LINE
8
FURN
10
51675
20
7550
30
0
11
50925
21
7550
31
0
0
LINE
8
FURN
10
50925
20
7550
30
0
11
50925
21
8300
31
0
0
LINE
8
FURN
10
51675
20
8300
30
0
11
50925
21
7550
31
0
0
CIRCLE
8
FURN
10
51300
20
7925
30
0
40
62.5
0
LINE
8
FURN
10
50475
20
7950
30
0
11
50457.9
21
7844.8
31
0
0
LINE
8
FURN
10
50457.9
20
7844.8
30
0
11
50409.1
21
7755.5
31
0
0
LINE
8
FURN
10
50409.1
20
7755.5
30
0
11
50336.1
21
7695.9
31
0
0
LINE
8
FURN
10
50336.1
20
7695.9
30
0
11
50250
21
7675
31
0
0
LINE
8
FURN
10
50250
20
7675
30
0
11
50163.9
21
7695.9
31
0
0
LINE
8
FURN
10
50163.9
20
7695.9
30
0
11
50090.9
21
7755.5
31
0
0
LINE
8
FURN
10
50090.9
20
7755.5
30
0
11
50042.1
21
7844.8
31
0
0
LINE
8
FURN
10
50042.1
20
7844.8
30
0
11
50025
21
7950
31
0
0
LINE
8
FURN
10
50025
20
7950
30
0
11
50042.1
21
8055.2
31
0
0
LINE
8
FURN
10
50042.1
20
8055.2
30
0
11
50090.9
21
8144.5
31
0
0
LINE
8
FURN
10
50090.9
20
8144.5
30
0
11
50163.9
21
8204.1
31
0
0
LINE
8
FURN
10
50163.9
20
8204.1
30
0
11
50250
21
8225
31
0
0
LINE
8
FURN
10
50250
20
8225
30
0
11
50336.1
21
8204.1
31
0
0
LINE
8
FURN
10
50336.1
20
8204.1
30
0
11
50409.1
21
8144.5
31
0
0
LINE
8
FURN
10
50409.1
20
8144.5
30
0
11
50457.9
21
8055.2
31
0
0
LINE
8
FURN
10
50457.9
20
8055.2
30
0
11
50475
21
7950
31
0
0
LINE
8
FURN
10
50825
20
7250
30
0
11
51675
21
7250
31
0
0
LINE
8
FURN
10
51675
20
7250
30
0
11
51675
21
6800
31
0
0
LINE
8
FURN
10
51675
20
6800
30
0
11
50825
21
6800
31
0
0
LINE
8
FURN
10
50825
20
6800
30
0
11
50825
21
7250
31
0
0
LINE
8
FURN
10
51525
20
7025
30
0
11
51504.1
21
6967.6
31
0
0
LINE
8
FURN
10
51504.1
20
6967.6
30
0
11
51444.5
21
6918.9
31
0
0
LINE
8
FURN
10
51444.5
20
6918.9
30
0
11
51355.2
21
6886.4
31
0
0
LINE
8
FURN
10
51355.2
20
6886.4
30
0
11
51250
21
6875
31
0
0
LINE
8
FURN
10
51250
20
6875
30
0
11
51144.8
21
6886.4
31
0
0
LINE
8
FURN
10
51144.8
20
6886.4
30
0
11
51055.5
21
6918.9
31
0
0
LINE
8
FURN
10
51055.5
20
6918.9
30
0
11
50995.9
21
6967.6
31
0
0
LINE
8
FURN
10
50995.9
20
6967.6
30
0
11
50975
21
7025
31
0
0
LINE
8
FURN
10
50975
20
7025
30
0
11
50995.9
21
7082.4
31
0
0
LINE
8
FURN
10
50995.9
20
7082.4
30
0
11
51055.5
21
7131.1
31
0
0
LINE
8
FURN
10
51055.5
20
7131.1
30
0
11
51144.8
21
7163.6
31
0
0
LINE
8
FURN
10
51144.8
20
7163.6
30
0
11
51250
21
7175
31
0
0
LINE
8
FURN
10
51250
20
7175
30
0
11
51355.2
21
7163.6
31
0
0
LINE
8
FURN
10
51355.2
20
7163.6
30
0
11
51444.5
21
7131.1
31
0
0
LINE
8
FURN
10
51444.5
20
7131.1
30
0
11
51504.1
21
7082.4
31
0
0
LINE
8
FURN
10
51504.1
20
7082.4
30
0
11
51525
21
7025
31
0
0
LINE
8
FURN
10
48175
20
6300
30
0
11
51800
21
6300
31
0
0
LINE
8
FURN
10
51800
20
6300
30
0
11
51800
21
5800
31
0
0
LINE
8
FURN
10
51800
20
5800
30
0
11
48175
21
5800
31
0
0
LINE
8
FURN
10
48175
20
5800
30
0
11
48175
21
6300
31
0
0
LINE
8
FURN
10
51800
20
6050
30
0
11
48175
21
6050
31
0
0
SOLID
8
COLUMN
10
59775
20
-225
30
0
11
60225
21
-225
31
0
12
59775
22
225
32
0
13
60225
23
225
33
0
0
LINE
8
COLUMN
10
59775
20
-225
30
0
11
60225
21
-225
31
0
0
LINE
8
COLUMN
10
60225
20
-225
30
0
11
60225
21
225
31
0
0
LINE
8
COLUMN
10
60225
20
225
30
0
11
59775
21
225
31
0
0
LINE
8
COLUMN
10
59775
20
225
30
0
11
59775
21
-225
31
0
0
SOLID
8
COLUMN
10
55775
20
-225
30
0
11
56225
21
-225
31
0
12
55775
22
225
32
0
13
56225
23
225
33
0
0
LINE
8
COLUMN
10
55775
20
-225
30
0
11
56225
21
-225
31
0
0
LINE
8
COLUMN
10
56225
20
-225
30
0
11
56225
21
225
31
0
0
LINE
8
COLUMN
10
56225
20
225
30
0
11
55775
21
225
31
0
0
LINE
8
COLUMN
10
55775
20
225
30
0
11
55775
21
-225
31
0
0
SOLID
8
COLUMN
10
51775
20
-225
30
0
11
52225
21
-225
31
0
12
51775
22
225
32
0
13
52225
23
225
33
0
0
LINE
8
COLUMN
10
51775
20
-225
30
0
11
52225
21
-225
31
0
0
LINE
8
COLUMN
10
52225
20
-225
30
0
11
52225
21
225
31
0
0
LINE
8
COLUMN
10
52225
20
225
30
0
11
51775
21
225
31
0
0
LINE
8
COLUMN
10
51775
20
225
30
0
11
51775
21
-225
31
0
0
SOLID
8
COLUMN
10
47775
20
-225
30
0
11
48225
21
-225
31
0
12
47775
22
225
32
0
13
48225
23
225
33
0
0
LINE
8
COLUMN
10
47775
20
-225
30
0
11
48225
21
-225
31
0
0
LINE
8
COLUMN
10
48225
20
-225
30
0
11
48225
21
225
31
0
0
LINE
8
COLUMN
10
48225
20
225
30
0
11
47775
21
225
31
0
0
LINE
8
COLUMN
10
47775
20
225
30
0
11
47775
21
-225
31
0
0
SOLID
8
COLUMN
10
43775
20
-225
30
0
11
44225
21
-225
31
0
12
43775
22
225
32
0
13
44225
23
225
33
0
0
LINE
8
COLUMN
10
43775
20
-225
30
0
11
44225
21
-225
31
0
0
LINE
8
COLUMN
10
44225
20
-225
30
0
11
44225
21
225
31
0
0
LINE
8
COLUMN
10
44225
20
225
30
0
11
43775
21
225
31
0
0
LINE
8
COLUMN
10
43775
20
225
30
0
11
43775
21
-225
31
0
0
SOLID
8
COLUMN
10
59775
20
4775
30
0
11
60225
21
4775
31
0
12
59775
22
5225
32
0
13
60225
23
5225
33
0
0
LINE
8
COLUMN
10
59775
20
4775
30
0
11
60225
21
4775
31
0
0
LINE
8
COLUMN
10
60225
20
4775
30
0
11
60225
21
5225
31
0
0
LINE
8
COLUMN
10
60225
20
5225
30
0
11
59775
21
5225
31
0
0
LINE
8
COLUMN
10
59775
20
5225
30
0
11
59775
21
4775
31
0
0
SOLID
8
COLUMN
10
55775
20
4775
30
0
11
56225
21
4775
31
0
12
55775
22
5225
32
0
13
56225
23
5225
33
0
0
LINE
8
COLUMN
10
55775
20
4775
30
0
11
56225
21
4775
31
0
0
LINE
8
COLUMN
10
56225
20
4775
30
0
11
56225
21
5225
31
0
0
LINE
8
COLUMN
10
56225
20
5225
30
0
11
55775
21
5225
31
0
0
LINE
8
COLUMN
10
55775
20
5225
30
0
11
55775
21
4775
31
0
0
SOLID
8
COLUMN
10
51775
20
4775
30
0
11
52225
21
4775
31
0
12
51775
22
5225
32
0
13
52225
23
5225
33
0
0
LINE
8
COLUMN
10
51775
20
4775
30
0
11
52225
21
4775
31
0
0
LINE
8
COLUMN
10
52225
20
4775
30
0
11
52225
21
5225
31
0
0
LINE
8
COLUMN
10
52225
20
5225
30
0
11
51775
21
5225
31
0
0
LINE
8
COLUMN
10
51775
20
5225
30
0
11
51775
21
4775
31
0
0
SOLID
8
COLUMN
10
47775
20
4775
30
0
11
48225
21
4775
31
0
12
47775
22
5225
32
0
13
48225
23
5225
33
0
0
LINE
8
COLUMN
10
47775
20
4775
30
0
11
48225
21
4775
31
0
0
LINE
8
COLUMN
10
48225
20
4775
30
0
11
48225
21
5225
31
0
0
LINE
8
COLUMN
10
48225
20
5225
30
0
11
47775
21
5225
31
0
0
LINE
8
COLUMN
10
47775
20
5225
30
0
11
47775
21
4775
31
0
0
SOLID
8
COLUMN
10
43775
20
4775
30
0
11
44225
21
4775
31
0
12
43775
22
5225
32
0
13
44225
23
5225
33
0
0
LINE
8
COLUMN
10
43775
20
4775
30
0
11
44225
21
4775
31
0
0
LINE
8
COLUMN
10
44225
20
4775
30
0
11
44225
21
5225
31
0
0
LINE
8
COLUMN
10
44225
20
5225
30
0
11
43775
21
5225
31
0
0
LINE
8
COLUMN
10
43775
20
5225
30
0
11
43775
21
4775
31
0
0
SOLID
8
COLUMN
10
59775
20
9775
30
0
11
60225
21
9775
31
0
12
59775
22
10225
32
0
13
60225
23
10225
33
0
0
LINE
8
COLUMN
10
59775
20
9775
30
0
11
60225
21
9775
31
0
0
LINE
8
COLUMN
10
60225
20
9775
30
0
11
60225
21
10225
31
0
0
LINE
8
COLUMN
10
60225
20
10225
30
0
11
59775
21
10225
31
0
0
LINE
8
COLUMN
10
59775
20
10225
30
0
11
59775
21
9775
31
0
0
SOLID
8
COLUMN
10
55775
20
9775
30
0
11
56225
21
9775
31
0
12
55775
22
10225
32
0
13
56225
23
10225
33
0
0
LINE
8
COLUMN
10
55775
20
9775
30
0
11
56225
21
9775
31
0
0
LINE
8
COLUMN
10
56225
20
9775
30
0
11
56225
21
10225
31
0
0
LINE
8
COLUMN
10
56225
20
10225
30
0
11
55775
21
10225
31
0
0
LINE
8
COLUMN
10
55775
20
10225
30
0
11
55775
21
9775
31
0
0
SOLID
8
COLUMN
10
51775
20
9775
30
0
11
52225
21
9775
31
0
12
51775
22
10225
32
0
13
52225
23
10225
33
0
0
LINE
8
COLUMN
10
51775
20
9775
30
0
11
52225
21
9775
31
0
0
LINE
8
COLUMN
10
52225
20
9775
30
0
11
52225
21
10225
31
0
0
LINE
8
COLUMN
10
52225
20
10225
30
0
11
51775
21
10225
31
0
0
LINE
8
COLUMN
10
51775
20
10225
30
0
11
51775
21
9775
31
0
0
SOLID
8
COLUMN
10
47775
20
9775
30
0
11
48225
21
9775
31
0
12
47775
22
10225
32
0
13
48225
23
10225
33
0
0
LINE
8
COLUMN
10
47775
20
9775
30
0
11
48225
21
9775
31
0
0
LINE
8
COLUMN
10
48225
20
9775
30
0
11
48225
21
10225
31
0
0
LINE
8
COLUMN
10
48225
20
10225
30
0
11
47775
21
10225
31
0
0
LINE
8
COLUMN
10
47775
20
10225
30
0
11
47775
21
9775
31
0
0
SOLID
8
COLUMN
10
43775
20
9775
30
0
11
44225
21
9775
31
0
12
43775
22
10225
32
0
13
44225
23
10225
33
0
0
LINE
8
COLUMN
10
43775
20
9775
30
0
11
44225
21
9775
31
0
0
LINE
8
COLUMN
10
44225
20
9775
30
0
11
44225
21
10225
31
0
0
LINE
8
COLUMN
10
44225
20
10225
30
0
11
43775
21
10225
31
0
0
LINE
8
COLUMN
10
43775
20
10225
30
0
11
43775
21
9775
31
0
0
SOLID
8
COLUMN
10
59775
20
14775
30
0
11
60225
21
14775
31
0
12
59775
22
15225
32
0
13
60225
23
15225
33
0
0
LINE
8
COLUMN
10
59775
20
14775
30
0
11
60225
21
14775
31
0
0
LINE
8
COLUMN
10
60225
20
14775
30
0
11
60225
21
15225
31
0
0
LINE
8
COLUMN
10
60225
20
15225
30
0
11
59775
21
15225
31
0
0
LINE
8
COLUMN
10
59775
20
15225
30
0
11
59775
21
14775
31
0
0
SOLID
8
COLUMN
10
55775
20
14775
30
0
11
56225
21
14775
31
0
12
55775
22
15225
32
0
13
56225
23
15225
33
0
0
LINE
8
COLUMN
10
55775
20
14775
30
0
11
56225
21
14775
31
0
0
LINE
8
COLUMN
10
56225
20
14775
30
0
11
56225
21
15225
31
0
0
LINE
8
COLUMN
10
56225
20
15225
30
0
11
55775
21
15225
31
0
0
LINE
8
COLUMN
10
55775
20
15225
30
0
11
55775
21
14775
31
0
0
SOLID
8
COLUMN
10
51775
20
14775
30
0
11
52225
21
14775
31
0
12
51775
22
15225
32
0
13
52225
23
15225
33
0
0
LINE
8
COLUMN
10
51775
20
14775
30
0
11
52225
21
14775
31
0
0
LINE
8
COLUMN
10
52225
20
14775
30
0
11
52225
21
15225
31
0
0
LINE
8
COLUMN
10
52225
20
15225
30
0
11
51775
21
15225
31
0
0
LINE
8
COLUMN
10
51775
20
15225
30
0
11
51775
21
14775
31
0
0
SOLID
8
COLUMN
10
47775
20
14775
30
0
11
48225
21
14775
31
0
12
47775
22
15225
32
0
13
48225
23
15225
33
0
0
LINE
8
COLUMN
10
47775
20
14775
30
0
11
48225
21
14775
31
0
0
LINE
8
COLUMN
10
48225
20
14775
30
0
11
48225
21
15225
31
0
0
LINE
8
COLUMN
10
48225
20
15225
30
0
11
47775
21
15225
31
0
0
LINE
8
COLUMN
10
47775
20
15225
30
0
11
47775
21
14775
31
0
0
SOLID
8
COLUMN
10
43775
20
14775
30
0
11
44225
21
14775
31
0
12
43775
22
15225
32
0
13
44225
23
15225
33
0
0
LINE
8
COLUMN
10
43775
20
14775
30
0
11
44225
21
14775
31
0
0
LINE
8
COLUMN
10
44225
20
14775
30
0
11
44225
21
15225
31
0
0
LINE
8
COLUMN
10
44225
20
15225
30
0
11
43775
21
15225
31
0
0
LINE
8
COLUMN
10
43775
20
15225
30
0
11
43775
21
14775
31
0
0
SOLID
8
COLUMN
10
59775
20
19775
30
0
11
60225
21
19775
31
0
12
59775
22
20225
32
0
13
60225
23
20225
33
0
0
LINE
8
COLUMN
10
59775
20
19775
30
0
11
60225
21
19775
31
0
0
LINE
8
COLUMN
10
60225
20
19775
30
0
11
60225
21
20225
31
0
0
LINE
8
COLUMN
10
60225
20
20225
30
0
11
59775
21
20225
31
0
0
LINE
8
COLUMN
10
59775
20
20225
30
0
11
59775
21
19775
31
0
0
SOLID
8
COLUMN
10
55775
20
19775
30
0
11
56225
21
19775
31
0
12
55775
22
20225
32
0
13
56225
23
20225
33
0
0
LINE
8
COLUMN
10
55775
20
19775
30
0
11
56225
21
19775
31
0
0
LINE
8
COLUMN
10
56225
20
19775
30
0
11
56225
21
20225
31
0
0
LINE
8
COLUMN
10
56225
20
20225
30
0
11
55775
21
20225
31
0
0
LINE
8
COLUMN
10
55775
20
20225
30
0
11
55775
21
19775
31
0
0
LINE
8
HVAC
10
53900
20
14700
30
0
11
54750
21
14700
31
0
0
LINE
8
HVAC
10
54750
20
14700
30
0
11
54750
21
14375
31
0
0
LINE
8
HVAC
10
54750
20
14375
30
0
11
53900
21
14375
31
0
0
LINE
8
HVAC
10
53900
20
14375
30
0
11
53900
21
14700
31
0
0
LINE
8
HVAC
10
54625
20
14700
30
0
11
54625
21
14375
31
0
0
LINE
8
HVAC
10
54475
20
14700
30
0
11
54475
21
14375
31
0
0
LINE
8
HVAC
10
54325
20
14700
30
0
11
54325
21
14375
31
0
0
LINE
8
HVAC
10
54175
20
14700
30
0
11
54175
21
14375
31
0
0
LINE
8
HVAC
10
54025
20
14700
30
0
11
54025
21
14375
31
0
0
LINE
8
HVAC
10
50150
20
14700
30
0
11
51000
21
14700
31
0
0
LINE
8
HVAC
10
51000
20
14700
30
0
11
51000
21
14375
31
0
0
LINE
8
HVAC
10
51000
20
14375
30
0
11
50150
21
14375
31
0
0
LINE
8
HVAC
10
50150
20
14375
30
0
11
50150
21
14700
31
0
0
LINE
8
HVAC
10
50875
20
14700
30
0
11
50875
21
14375
31
0
0
LINE
8
HVAC
10
50725
20
14700
30
0
11
50725
21
14375
31
0
0
LINE
8
HVAC
10
50575
20
14700
30
0
11
50575
21
14375
31
0
0
LINE
8
HVAC
10
50425
20
14700
30
0
11
50425
21
14375
31
0
0
LINE
8
HVAC
10
50275
20
14700
30
0
11
50275
21
14375
31
0
0
LINE
8
HVAC
10
43925
20
9500
30
0
11
44250
21
9500
31
0
0
LINE
8
HVAC
10
44250
20
9500
30
0
11
44250
21
8650
31
0
0
LINE
8
HVAC
10
44250
20
8650
30
0
11
43925
21
8650
31
0
0
LINE
8
HVAC
10
43925
20
8650
30
0
11
43925
21
9500
31
0
0
LINE
8
HVAC
10
44375
20
9375
30
0
11
44050
21
9375
31
0
0
LINE
8
HVAC
10
44375
20
9225
30
0
11
44050
21
9225
31
0
0
LINE
8
HVAC
10
44375
20
9075
30
0
11
44050
21
9075
31
0
0
LINE
8
HVAC
10
44375
20
8925
30
0
11
44050
21
8925
31
0
0
LINE
8
HVAC
10
44375
20
8775
30
0
11
44050
21
8775
31
0
0
LINE
8
FURN
6
DASHED
10
46200
20
4500
30
0
11
54250
21
4500
31
0
0
LINE
8
FURN
6
DASHED
10
54250
20
4500
30
0
11
54250
21
750
31
0
0
LINE
8
FURN
6
DASHED
10
54250
20
750
30
0
11
46200
21
750
31
0
0
LINE
8
FURN
6
DASHED
10
46200
20
750
30
0
11
46200
21
4500
31
0
0
LINE
8
FURN
10
47500
20
4400
30
0
11
53500
21
4400
31
0
0
LINE
8
FURN
10
53500
20
4400
30
0
11
53500
21
3200
31
0
0
LINE
8
FURN
10
53500
20
3200
30
0
11
47500
21
3200
31
0
0
LINE
8
FURN
10
47500
20
3200
30
0
11
47500
21
4400
31
0
0
LINE
8
FURN
10
53500
20
4100
30
0
11
47500
21
4100
31
0
0
LINE
8
FURN
10
51500
20
4400
30
0
11
51500
21
3200
31
0
0
LINE
8
FURN
10
49500
20
4400
30
0
11
49500
21
3200
31
0
0
LINE
8
FURN
10
52100
20
3200
30
0
11
53500
21
3200
31
0
0
LINE
8
FURN
10
53500
20
3200
30
0
11
53500
21
1350
31
0
0
LINE
8
FURN
10
53500
20
1350
30
0
11
52100
21
1350
31
0
0
LINE
8
FURN
10
52100
20
1350
30
0
11
52100
21
3200
31
0
0
LINE
8
FURN
10
48050
20
2550
30
0
11
51300
21
2550
31
0
0
LINE
8
FURN
10
51300
20
2550
30
0
11
51300
21
1400
31
0
0
LINE
8
FURN
10
51300
20
1400
30
0
11
48050
21
1400
31
0
0
LINE
8
FURN
10
48050
20
1400
30
0
11
48050
21
2550
31
0
0
LINE
8
FURN
10
44500
20
4450
30
0
11
46850
21
4450
31
0
0
LINE
8
FURN
10
46850
20
4450
30
0
11
46850
21
3700
31
0
0
LINE
8
FURN
10
46850
20
3700
30
0
11
44500
21
3700
31
0
0
LINE
8
FURN
10
44500
20
3700
30
0
11
44500
21
4450
31
0
0
LINE
8
FURN
10
46850
20
4100
30
0
11
44500
21
4100
31
0
0
CIRCLE
8
FURN
10
55350
20
2950
30
0
40
550
0
CIRCLE
8
FURN
10
55350
20
2950
30
0
40
175
0
LINE
8
FURN
10
59950
20
-1425
30
0
11
42700
21
-1425
31
0
0
LINE
8
FURN
10
59950
20
-1300
30
0
11
44050
21
-1300
31
0
0
LINE
8
FURN
10
59950
20
0
30
0
11
59950
21
-1425
31
0
0
LINE
8
FURN
10
56000
20
0
30
0
11
56000
21
-1425
31
0
0
LINE
8
FURN
10
52000
20
0
30
0
11
52000
21
-1425
31
0
0
LINE
8
FURN
10
48000
20
0
30
0
11
48000
21
-1425
31
0
0
LINE
8
FURN
10
55950
20
16425
30
0
11
44050
21
16425
31
0
0
LINE
8
FURN
10
55950
20
16300
30
0
11
44050
21
16300
31
0
0
LINE
8
FURN
10
55950
20
16450
30
0
11
55950
21
15000
31
0
0
LINE
8
FURN
10
44050
20
16450
30
0
11
44050
21
15000
31
0
0
LINE
8
FURN
10
52000
20
16450
30
0
11
52000
21
15000
31
0
0
LINE
8
FURN
10
48000
20
16450
30
0
11
48000
21
15000
31
0
0
LINE
8
FURN
10
44000
20
4500
30
0
11
42700
21
4500
31
0
0
LINE
8
FURN
10
42700
20
4500
30
0
11
42700
21
-1450
31
0
0
LINE
8
FURN
10
42825
20
4375
30
0
11
42825
21
125
31
0
0
LINE
8
WINDOW
10
44050
20
4000
30
0
11
44050
21
1750
31
0
0
LINE
8
HVAC
10
59400
20
6250
30
0
11
60050
21
6900
31
0
0
LINE
8
DIM
10
60000
20
20000
30
0
11
60850
21
20000
31
0
0
LINE
8
DIM
10
60000
20
15000
30
0
11
60850
21
15000
31
0
0
LINE
8
DIM
10
60700
20
20000
30
0
11
60700
21
15000
31
0
0
LINE
8
DIM
10
60600
20
19900
30
0
11
60800
21
20100
31
0
0
LINE
8
DIM
10
60600
20
14900
30
0
11
60800
21
15100
31
0
0
LINE
8
DIM
10
56000
20
20000
30
0
11
56000
21
20650
31
0
0
LINE
8
DIM
10
60000
20
20000
30
0
11
60000
21
20650
31
0
0
LINE
8
DIM
10
56000
20
20500
30
0
11
60000
21
20500
31
0
0
LINE
8
DIM
10
55900
20
20400
30
0
11
56100
21
20600
31
0
0
LINE
8
DIM
10
59900
20
20400
30
0
11
60100
21
20600
31
0
0
LINE
8
DIM
10
44000
20
-1500
30
0
11
44000
21
-3200
31
0
0
LINE
8
DIM
10
48000
20
-1500
30
0
11
48000
21
-2850
31
0
0
LINE
8
DIM
10
52000
20
-1500
30
0
11
52000
21
-2850
31
0
0
LINE
8
DIM
10
56000
20
-1500
30
0
11
56000
21
-2850
31
0
0
LINE
8
DIM
10
60000
20
-1500
30
0
11
60000
21
-3200
31
0
0
LINE
8
DIM
10
44000
20
-2750
30
0
11
60000
21
-2750
31
0
0
LINE
8
DIM
10
43900
20
-2850
30
0
11
44100
21
-2650
31
0
0
LINE
8
DIM
10
47900
20
-2850
30
0
11
48100
21
-2650
31
0
0
LINE
8
DIM
10
51900
20
-2850
30
0
11
52100
21
-2650
31
0
0
LINE
8
DIM
10
55900
20
-2850
30
0
11
56100
21
-2650
31
0
0
LINE
8
DIM
10
59900
20
-2850
30
0
11
60100
21
-2650
31
0
0
LINE
8
DIM
10
44000
20
-3250
30
0
11
60000
21
-3250
31
0
0
LINE
8
DIM
10
43900
20
-3350
30
0
11
44100
21
-3150
31
0
0
LINE
8
DIM
10
59900
20
-3350
30
0
11
60100
21
-3150
31
0
0
LINE
8
DIM
10
44000
20
15000
30
0
11
41800
21
15000
31
0
0
LINE
8
DIM
10
44000
20
10000
30
0
11
42150
21
10000
31
0
0
LINE
8
DIM
10
44000
20
5000
30
0
11
42150
21
5000
31
0
0
LINE
8
DIM
10
44000
20
0
30
0
11
41800
21
0
31
0
0
LINE
8
DIM
10
42250
20
15000
30
0
11
42250
21
0
31
0
0
LINE
8
DIM
10
42150
20
14900
30
0
11
42350
21
15100
31
0
0
LINE
8
DIM
10
42150
20
9900
30
0
11
42350
21
10100
31
0
0
LINE
8
DIM
10
42150
20
4900
30
0
11
42350
21
5100
31
0
0
LINE
8
DIM
10
42150
20
-100
30
0
11
42350
21
100
31
0
0
LINE
8
DIM
10
41900
20
15000
30
0
11
41900
21
0
31
0
0
LINE
8
DIM
10
41800
20
14900
30
0
11
42000
21
15100
31
0
0
LINE
8
DIM
10
41800
20
-100
30
0
11
42000
21
100
31
0
0
SOLID
8
WALL
10
55925
20
7500
30
0
11
56050
21
7500
31
0
12
55925
22
15000
32
0
13
56050
23
15000
33
0
0
LINE
8
WALL
10
55925
20
7500
30
0
11
56050
21
7500
31
0
0
LINE
8
WALL
10
56050
20
7500
30
0
11
56050
21
15000
31
0
0
LINE
8
WALL
10
56050
20
15000
30
0
11
55925
21
15000
31
0
0
LINE
8
WALL
10
55925
20
15000
30
0
11
55925
21
7500
31
0
0
SOLID
8
WALL
10
57350
20
9925
30
0
11
59750
21
9925
31
0
12
57350
22
10050
32
0
13
59750
23
10050
33
0
0
LINE
8
WALL
10
57350
20
9925
30
0
11
59750
21
9925
31
0
0
LINE
8
WALL
10
59750
20
9925
30
0
11
59750
21
10050
31
0
0
LINE
8
WALL
10
59750
20
10050
30
0
11
57350
21
10050
31
0
0
LINE
8
WALL
10
57350
20
10050
30
0
11
57350
21
9925
31
0
0
SOLID
8
WALL
10
57300
20
9350
30
0
11
57425
21
9350
31
0
12
57300
22
10050
32
0
13
57425
23
10050
33
0
0
LINE
8
WALL
10
57300
20
9350
30
0
11
57425
21
9350
31
0
0
LINE
8
WALL
10
57425
20
9350
30
0
11
57425
21
10050
31
0
0
LINE
8
WALL
10
57425
20
10050
30
0
11
57300
21
10050
31
0
0
LINE
8
WALL
10
57300
20
10050
30
0
11
57300
21
9350
31
0
0
SOLID
8
WALL
10
57300
20
7550
30
0
11
57425
21
7550
31
0
12
57300
22
8250
32
0
13
57425
23
8250
33
0
0
LINE
8
WALL
10
57300
20
7550
30
0
11
57425
21
7550
31
0
0
LINE
8
WALL
10
57425
20
7550
30
0
11
57425
21
8250
31
0
0
LINE
8
WALL
10
57425
20
8250
30
0
11
57300
21
8250
31
0
0
LINE
8
WALL
10
57300
20
8250
30
0
11
57300
21
7550
31
0
0
SOLID
8
WALL
10
57300
20
7550
30
0
11
59750
21
7550
31
0
12
57300
22
7675
32
0
13
59750
23
7675
33
0
0
LINE
8
WALL
10
57300
20
7550
30
0
11
59750
21
7550
31
0
0
LINE
8
WALL
10
59750
20
7550
30
0
11
59750
21
7675
31
0
0
LINE
8
WALL
10
59750
20
7675
30
0
11
57300
21
7675
31
0
0
LINE
8
WALL
10
57300
20
7675
30
0
11
57300
21
7550
31
0
0
SOLID
8
WALL
10
44000
20
9925
30
0
11
45900
21
9925
31
0
12
44000
22
10050
32
0
13
45900
23
10050
33
0
0
LINE
8
WALL
10
44000
20
9925
30
0
11
45900
21
9925
31
0
0
LINE
8
WALL
10
45900
20
9925
30
0
11
45900
21
10050
31
0
0
LINE
8
WALL
10
45900
20
10050
30
0
11
44000
21
10050
31
0
0
LINE
8
WALL
10
44000
20
10050
30
0
11
44000
21
9925
31
0
0
SOLID
8
WALL
10
46750
20
9925
30
0
11
48475
21
9925
31
0
12
46750
22
10050
32
0
13
48475
23
10050
33
0
0
LINE
8
WALL
10
46750
20
9925
30
0
11
48475
21
9925
31
0
0
LINE
8
WALL
10
48475
20
9925
30
0
11
48475
21
10050
31
0
0
LINE
8
WALL
10
48475
20
10050
30
0
11
46750
21
10050
31
0
0
LINE
8
WALL
10
46750
20
10050
30
0
11
46750
21
9925
31
0
0
SOLID
8
WALL
10
49325
20
9925
30
0
11
53000
21
9925
31
0
12
49325
22
10050
32
0
13
53000
23
10050
33
0
0
LINE
8
WALL
10
49325
20
9925
30
0
11
53000
21
9925
31
0
0
LINE
8
WALL
10
53000
20
9925
30
0
11
53000
21
10050
31
0
0
LINE
8
WALL
10
53000
20
10050
30
0
11
49325
21
10050
31
0
0
LINE
8
WALL
10
49325
20
10050
30
0
11
49325
21
9925
31
0
0
SOLID
8
WALL
10
54500
20
9925
30
0
11
56050
21
9925
31
0
12
54500
22
10050
32
0
13
56050
23
10050
33
0
0
LINE
8
WALL
10
54500
20
9925
30
0
11
56050
21
9925
31
0
0
LINE
8
WALL
10
56050
20
9925
30
0
11
56050
21
10050
31
0
0
LINE
8
WALL
10
56050
20
10050
30
0
11
54500
21
10050
31
0
0
LINE
8
WALL
10
54500
20
10050
30
0
11
54500
21
9925
31
0
0
SOLID
8
WALL
10
51925
20
10000
30
0
11
52050
21
10000
31
0
12
51925
22
15000
32
0
13
52050
23
15000
33
0
0
LINE
8
WALL
10
51925
20
10000
30
0
11
52050
21
10000
31
0
0
LINE
8
WALL
10
52050
20
10000
30
0
11
52050
21
15000
31
0
0
LINE
8
WALL
10
52050
20
15000
30
0
11
51925
21
15000
31
0
0
LINE
8
WALL
10
51925
20
15000
30
0
11
51925
21
10000
31
0
0
SOLID
8
WALL
10
47925
20
10000
30
0
11
48050
21
10000
31
0
12
47925
22
15000
32
0
13
48050
23
15000
33
0
0
LINE
8
WALL
10
47925
20
10000
30
0
11
48050
21
10000
31
0
0
LINE
8
WALL
10
48050
20
10000
30
0
11
48050
21
15000
31
0
0
LINE
8
WALL
10
48050
20
15000
30
0
11
47925
21
15000
31
0
0
LINE
8
WALL
10
47925
20
15000
30
0
11
47925
21
10000
31
0
0
SOLID
8
WALL
10
44000
20
8425
30
0
11
45900
21
8425
31
0
12
44000
22
8550
32
0
13
45900
23
8550
33
0
0
LINE
8
WALL
10
44000
20
8425
30
0
11
45900
21
8425
31
0
0
LINE
8
WALL
10
45900
20
8425
30
0
11
45900
21
8550
31
0
0
LINE
8
WALL
10
45900
20
8550
30
0
11
44000
21
8550
31
0
0
LINE
8
WALL
10
44000
20
8550
30
0
11
44000
21
8425
31
0
0
SOLID
8
WALL
10
46750
20
8425
30
0
11
50400
21
8425
31
0
12
46750
22
8550
32
0
13
50400
23
8550
33
0
0
LINE
8
WALL
10
46750
20
8425
30
0
11
50400
21
8425
31
0
0
LINE
8
WALL
10
50400
20
8425
30
0
11
50400
21
8550
31
0
0
LINE
8
WALL
10
50400
20
8550
30
0
11
46750
21
8550
31
0
0
LINE
8
WALL
10
46750
20
8550
30
0
11
46750
21
8425
31
0
0
SOLID
8
WALL
10
51250
20
8425
30
0
11
51925
21
8425
31
0
12
51250
22
8550
32
0
13
51925
23
8550
33
0
0
LINE
8
WALL
10
51250
20
8425
30
0
11
51925
21
8425
31
0
0
LINE
8
WALL
10
51925
20
8425
30
0
11
51925
21
8550
31
0
0
LINE
8
WALL
10
51925
20
8550
30
0
11
51250
21
8550
31
0
0
LINE
8
WALL
10
51250
20
8550
30
0
11
51250
21
8425
31
0
0
SOLID
8
WALL
10
49675
20
6425
30
0
11
49800
21
6425
31
0
12
49675
22
8425
32
0
13
49800
23
8425
33
0
0
LINE
8
WALL
10
49675
20
6425
30
0
11
49800
21
6425
31
0
0
LINE
8
WALL
10
49800
20
6425
30
0
11
49800
21
8425
31
0
0
LINE
8
WALL
10
49800
20
8425
30
0
11
49675
21
8425
31
0
0
LINE
8
WALL
10
49675
20
8425
30
0
11
49675
21
6425
31
0
0
SOLID
8
WALL
10
49675
20
6425
30
0
11
51925
21
6425
31
0
12
49675
22
6550
32
0
13
51925
23
6550
33
0
0
LINE
8
WALL
10
49675
20
6425
30
0
11
51925
21
6425
31
0
0
LINE
8
WALL
10
51925
20
6425
30
0
11
51925
21
6550
31
0
0
LINE
8
WALL
10
51925
20
6550
30
0
11
49675
21
6550
31
0
0
LINE
8
WALL
10
49675
20
6550
30
0
11
49675
21
6425
31
0
0
SOLID
8
WALL
10
47925
20
5000
30
0
11
48050
21
5000
31
0
12
47925
22
8425
32
0
13
48050
23
8425
33
0
0
LINE
8
WALL
10
47925
20
5000
30
0
11
48050
21
5000
31
0
0
LINE
8
WALL
10
48050
20
5000
30
0
11
48050
21
8425
31
0
0
LINE
8
WALL
10
48050
20
8425
30
0
11
47925
21
8425
31
0
0
LINE
8
WALL
10
47925
20
8425
30
0
11
47925
21
5000
31
0
0
SOLID
8
WALL
10
46300
20
12000
30
0
11
46425
21
12000
31
0
12
46300
22
15000
32
0
13
46425
23
15000
33
0
0
LINE
8
WALL
10
46300
20
12000
30
0
11
46425
21
12000
31
0
0
LINE
8
WALL
10
46425
20
12000
30
0
11
46425
21
15000
31
0
0
LINE
8
WALL
10
46425
20
15000
30
0
11
46300
21
15000
31
0
0
LINE
8
WALL
10
46300
20
15000
30
0
11
46300
21
12000
31
0
0
SOLID
8
WALL
10
44000
20
12000
30
0
11
46425
21
12000
31
0
12
44000
22
12125
32
0
13
46425
23
12125
33
0
0
LINE
8
WALL
10
44000
20
12000
30
0
11
46425
21
12000
31
0
0
LINE
8
WALL
10
46425
20
12000
30
0
11
46425
21
12125
31
0
0
LINE
8
WALL
10
46425
20
12125
30
0
11
44000
21
12125
31
0
0
LINE
8
WALL
10
44000
20
12125
30
0
11
44000
21
12000
31
0
0
SOLID
8
WALL
10
46375
20
13325
30
0
11
47925
21
13325
31
0
12
46375
22
13450
32
0
13
47925
23
13450
33
0
0
LINE
8
WALL
10
46375
20
13325
30
0
11
47925
21
13325
31
0
0
LINE
8
WALL
10
47925
20
13325
30
0
11
47925
21
13450
31
0
0
LINE
8
WALL
10
47925
20
13450
30
0
11
46375
21
13450
31
0
0
LINE
8
WALL
10
46375
20
13450
30
0
11
46375
21
13325
31
0
0
SOLID
8
WALL
10
49800
20
11300
30
0
11
49925
21
11300
31
0
12
49800
22
11875
32
0
13
49925
23
11875
33
0
0
LINE
8
WALL
10
49800
20
11300
30
0
11
49925
21
11300
31
0
0
LINE
8
WALL
10
49925
20
11300
30
0
11
49925
21
11875
31
0
0
LINE
8
WALL
10
49925
20
11875
30
0
11
49800
21
11875
31
0
0
LINE
8
WALL
10
49800
20
11875
30
0
11
49800
21
11300
31
0
0
SOLID
8
WALL
10
49800
20
9925
30
0
11
49925
21
9925
31
0
12
49800
22
10500
32
0
13
49925
23
10500
33
0
0
LINE
8
WALL
10
49800
20
9925
30
0
11
49925
21
9925
31
0
0
LINE
8
WALL
10
49925
20
9925
30
0
11
49925
21
10500
31
0
0
LINE
8
WALL
10
49925
20
10500
30
0
11
49800
21
10500
31
0
0
LINE
8
WALL
10
49800
20
10500
30
0
11
49800
21
9925
31
0
0
SOLID
8
WALL
10
49800
20
11750
30
0
11
51925
21
11750
31
0
12
49800
22
11875
32
0
13
51925
23
11875
33
0
0
LINE
8
WALL
10
49800
20
11750
30
0
11
51925
21
11750
31
0
0
LINE
8
WALL
10
51925
20
11750
30
0
11
51925
21
11875
31
0
0
LINE
8
WALL
10
51925
20
11875
30
0
11
49800
21
11875
31
0
0
LINE
8
WALL
10
49800
20
11875
30
0
11
49800
21
11750
31
0
0
SOLID
8
WALL
10
57250
20
11150
30
0
11
57350
21
11150
31
0
12
57250
22
15000
32
0
13
57350
23
15000
33
0
0
LINE
8
WALL
10
57250
20
11150
30
0
11
57350
21
11150
31
0
0
LINE
8
WALL
10
57350
20
11150
30
0
11
57350
21
15000
31
0
0
LINE
8
WALL
10
57350
20
15000
30
0
11
57250
21
15000
31
0
0
LINE
8
WALL
10
57250
20
15000
30
0
11
57250
21
11150
31
0
0
SOLID
8
WALL
10
59100
20
6650
30
0
11
59700
21
6650
31
0
12
59100
22
6700
32
0
13
59700
23
6700
33
0
0
LINE
8
WALL
10
59100
20
6650
30
0
11
59700
21
6650
31
0
0
LINE
8
WALL
10
59700
20
6650
30
0
11
59700
21
6700
31
0
0
LINE
8
WALL
10
59700
20
6700
30
0
11
59100
21
6700
31
0
0
LINE
8
WALL
10
59100
20
6700
30
0
11
59100
21
6650
31
0
0
SOLID
8
WALL
10
59100
20
6225
30
0
11
59700
21
6225
31
0
12
59100
22
6275
32
0
13
59700
23
6275
33
0
0
LINE
8
WALL
10
59100
20
6225
30
0
11
59700
21
6225
31
0
0
LINE
8
WALL
10
59700
20
6225
30
0
11
59700
21
6275
31
0
0
LINE
8
WALL
10
59700
20
6275
30
0
11
59100
21
6275
31
0
0
LINE
8
WALL
10
59100
20
6275
30
0
11
59100
21
6225
31
0
0
SOLID
8
WALL
10
59100
20
5800
30
0
11
59700
21
5800
31
0
12
59100
22
5850
32
0
13
59700
23
5850
33
0
0
LINE
8
WALL
10
59100
20
5800
30
0
11
59700
21
5800
31
0
0
LINE
8
WALL
10
59700
20
5800
30
0
11
59700
21
5850
31
0
0
LINE
8
WALL
10
59700
20
5850
30
0
11
59100
21
5850
31
0
0
LINE
8
WALL
10
59100
20
5850
30
0
11
59100
21
5800
31
0
0
SOLID
8
WALL
10
57300
20
14975
30
0
11
59750
21
14975
31
0
12
57300
22
15100
32
0
13
59750
23
15100
33
0
0
LINE
8
WALL
10
57300
20
14975
30
0
11
59750
21
14975
31
0
0
LINE
8
WALL
10
59750
20
14975
30
0
11
59750
21
15100
31
0
0
LINE
8
WALL
10
59750
20
15100
30
0
11
57300
21
15100
31
0
0
LINE
8
WALL
10
57300
20
15100
30
0
11
57300
21
14975
31
0
0
LINE
8
WALL
10
82000
20
0
30
0
11
66000
21
0
31
0
0
LINE
8
WALL
10
66000
20
0
30
0
11
66000
21
15000
31
0
0
LINE
8
WALL
10
66000
20
15000
30
0
11
78000
21
15000
31
0
0
LINE
8
WALL
10
78000
20
15000
30
0
11
78000
21
20000
31
0
0
LINE
8
WALL
10
78000
20
20000
30
0
11
82000
21
20000
31
0
0
LINE
8
WALL
10
82000
20
20000
30
0
11
82000
21
0
31
0
0
LINE
8
WALL
10
81750
20
250
30
0
11
66250
21
250
31
0
0
LINE
8
WALL
10
66250
20
250
30
0
11
66250
21
14750
31
0
0
LINE
8
WALL
10
66250
20
14750
30
0
11
77750
21
14750
31
0
0
LINE
8
WALL
10
77750
20
14750
30
0
11
77750
21
19750
31
0
0
LINE
8
WALL
10
77750
20
19750
30
0
11
81750
21
19750
31
0
0
LINE
8
WALL
10
81750
20
19750
30
0
11
81750
21
250
31
0
0
LINE
8
WINDOW
10
79362.5
20
9350
30
0
11
79362.5
21
8250
31
0
0
LINE
8
DOOR
10
76250
20
10050
30
0
11
76250
21
10900
31
0
0
ARC
8
DOOR
10
75400
20
10900
30
0
40
850
50
270
51
0
0
LINE
8
DOOR
10
72500
20
10050
30
0
11
72500
21
10900
31
0
0
ARC
8
DOOR
10
71650
20
10900
30
0
40
850
50
270
51
0
0
LINE
8
DOOR
10
68750
20
10050
30
0
11
68750
21
10900
31
0
0
ARC
8
DOOR
10
67900
20
10900
30
0
40
850
50
270
51
0
0
LINE
8
DOOR
10
76250
20
9350
30
0
11
77100
21
9350
31
0
0
ARC
8
DOOR
10
77100
20
8500
30
0
40
850
50
90
51
180
0
LINE
8
WINDOW
10
81350
20
175
30
0
11
73500
21
175
31
0
0
LINE
8
WINDOW
10
74050
20
75
30
0
11
66400
21
75
31
0
0
LINE
8
WINDOW
10
74750
20
14962.5
30
0
11
77000
21
14962.5
31
0
0
LINE
8
WINDOW
10
77000
20
14962.5
30
0
11
77000
21
14787.5
31
0
0
LINE
8
WINDOW
10
77000
20
14787.5
30
0
11
74750
21
14787.5
31
0
0
LINE
8
WINDOW
10
74750
20
14787.5
30
0
11
74750
21
14962.5
31
0
0
LINE
8
WINDOW
10
77000
20
14875
30
0
11
74750
21
14875
31
0
0
LINE
8
WINDOW
10
71000
20
14962.5
30
0
11
73250
21
14962.5
31
0
0
LINE
8
WINDOW
10
73250
20
14962.5
30
0
11
73250
21
14787.5
31
0
0
LINE
8
WINDOW
10
73250
20
14787.5
30
0
11
71000
21
14787.5
31
0
0
LINE
8
WINDOW
10
71000
20
14787.5
30
0
11
71000
21
14962.5
31
0
0
LINE
8
WINDOW
10
73250
20
14875
30
0
11
71000
21
14875
31
0
0
LINE
8
WINDOW
10
66300
20
14962.5
30
0
11
67750
21
14962.5
31
0
0
LINE
8
WINDOW
10
67750
20
14962.5
30
0
11
67750
21
14787.5
31
0
0
LINE
8
WINDOW
10
67750
20
14787.5
30
0
11
66300
21
14787.5
31
0
0
LINE
8
WINDOW
10
66300
20
14787.5
30
0
11
66300
21
14962.5
31
0
0
LINE
8
WINDOW
10
67750
20
14875
30
0
11
66300
21
14875
31
0
0
LINE
8
WINDOW
10
81787.5
20
12750
30
0
11
81962.5
21
12750
31
0
0
LINE
8
WINDOW
10
81962.5
20
12750
30
0
11
81962.5
21
10750
31
0
0
LINE
8
WINDOW
10
81962.5
20
10750
30
0
11
81787.5
21
10750
31
0
0
LINE
8
WINDOW
10
81787.5
20
10750
30
0
11
81787.5
21
12750
31
0
0
LINE
8
WINDOW
10
81875
20
12750
30
0
11
81875
21
10750
31
0
0
LINE
8
WINDOW
10
66037.5
20
14250
30
0
11
66212.5
21
14250
31
0
0
LINE
8
WINDOW
10
66212.5
20
14250
30
0
11
66212.5
21
12500
31
0
0
LINE
8
WINDOW
10
66212.5
20
12500
30
0
11
66037.5
21
12500
31
0
0
LINE
8
WINDOW
10
66037.5
20
12500
30
0
11
66037.5
21
14250
31
0
0
LINE
8
WINDOW
10
66125
20
14250
30
0
11
66125
21
12500
31
0
0
LINE
8
WINDOW
10
66037.5
20
9500
30
0
11
66212.5
21
9500
31
0
0
LINE
8
WINDOW
10
66212.5
20
9500
30
0
11
66212.5
21
6500
31
0
0
LINE
8
WINDOW
10
66212.5
20
6500
30
0
11
66037.5
21
6500
31
0
0
LINE
8
WINDOW
10
66037.5
20
6500
30
0
11
66037.5
21
9500
31
0
0
LINE
8
WINDOW
10
66125
20
9500
30
0
11
66125
21
6500
31
0
0
LINE
8
FURN
10
81650
20
9925
30
0
11
79500
21
7725
31
0
0
LINE
8
FURN
10
79500
20
9925
30
0
11
81650
21
7725
31
0
0
LINE
8
DOOR
10
79350
20
10150
30
0
11
80350
21
10150
31
0
0
ARC
8
DOOR
10
80350
20
11150
30
0
40
1000
50
180
51
270
0
LINE
8
FURN
10
81650
20
15000
30
0
11
79350
21
15000
31
0
0
LINE
8
FURN
10
81650
20
14675
30
0
11
80550
21
14675
31
0
0
LINE
8
FURN
10
80450
20
14675
30
0
11
79350
21
14675
31
0
0
LINE
8
FURN
10
81650
20
14350
30
0
11
80550
21
14350
31
0
0
LINE
8
FURN
10
80450
20
14350
30
0
11
79350
21
14350
31
0
0
LINE
8
FURN
10
81650
20
14025
30
0
11
80550
21
14025
31
0
0
LINE
8
FURN
10
80450
20
14025
30
0
11
79350
21
14025
31
0
0
LINE
8
FURN
10
81650
20
13700
30
0
11
80550
21
13700
31
0
0
LINE
8
FURN
10
80450
20
13700
30
0
11
79350
21
13700
31
0
0
LINE
8
FURN
10
81650
20
13375
30
0
11
80550
21
13375
31
0
0
LINE
8
FURN
10
80450
20
13375
30
0
11
79350
21
13375
31
0
0
LINE
8
FURN
10
81650
20
13050
30
0
11
80550
21
13050
31
0
0
LINE
8
FURN
10
80450
20
13050
30
0
11
79350
21
13050
31
0
0
LINE
8
FURN
10
81650
20
12725
30
0
11
80550
21
12725
31
0
0
LINE
8
FURN
10
80450
20
12725
30
0
11
79350
21
12725
31
0
0
LINE
8
FURN
10
81650
20
12400
30
0
11
80550
21
12400
31
0
0
LINE
8
FURN
10
80450
20
12400
30
0
11
79350
21
12400
31
0
0
LINE
8
FURN
10
81650
20
12075
30
0
11
80550
21
12075
31
0
0
LINE
8
FURN
10
80450
20
12075
30
0
11
79350
21
12075
31
0
0
LINE
8
FURN
10
81650
20
11750
30
0
11
80550
21
11750
31
0
0
LINE
8
FURN
10
80450
20
11750
30
0
11
79350
21
11750
31
0
0
LINE
8
FURN
10
80550
20
14675
30
0
11
80550
21
10375
31
0
0
LINE
8
FURN
10
80450
20
14675
30
0
11
80450
21
10375
31
0
0
LINE
8
FURN
10
81125
20
14250
30
0
11
81125
21
10625
31
0
0
LINE
8
FURN
10
81225
20
10825
30
0
11
81125
21
10625
31
0
0
LINE
8
FURN
10
81125
20
10625
30
0
11
81025
21
10825
31
0
0
LINE
8
FURN
10
81650
20
6650
30
0
11
81150
21
6275
31
0
0
LINE
8
FURN
10
81150
20
6650
30
0
11
81650
21
6275
31
0
0
LINE
8
FURN
10
81650
20
6225
30
0
11
81150
21
5850
31
0
0
LINE
8
FURN
10
81150
20
6225
30
0
11
81650
21
5850
31
0
0
LINE
8
DOOR
10
78200
20
14975
30
0
11
78200
21
15975
31
0
0
LINE
8
FURN
10
80600
20
19500
30
0
11
81600
21
19500
31
0
0
LINE
8
FURN
10
81600
20
19500
30
0
11
81600
21
18500
31
0
0
LINE
8
FURN
10
81600
20
18500
30
0
11
80600
21
18500
31
0
0
LINE
8
FURN
10
80600
20
18500
30
0
11
80600
21
19500
31
0
0
CIRCLE
8
FURN
10
81100
20
19000
30
0
40
300
0
LINE
8
FURN
10
79400
20
19500
30
0
11
80500
21
19500
31
0
0
LINE
8
FURN
10
80500
20
19500
30
0
11
80500
21
18500
31
0
0
LINE
8
FURN
10
80500
20
18500
30
0
11
79400
21
18500
31
0
0
LINE
8
FURN
10
79400
20
18500
30
0
11
79400
21
19500
31
0
0
LINE
8
FURN
10
80500
20
19000
30
0
11
79400
21
19000
31
0
0
LINE
8
FURN
10
79250
20
16850
30
0
11
81600
21
16850
31
0
0
LINE
8
FURN
10
81600
20
16850
30
0
11
81600
21
16400
31
0
0
LINE
8
FURN
10
81600
20
16400
30
0
11
79250
21
16400
31
0
0
LINE
8
FURN
10
79250
20
16400
30
0
11
79250
21
16850
31
0
0
LINE
8
FURN
10
81600
20
16625
30
0
11
79250
21
16625
31
0
0
LINE
8
FURN
10
78350
20
19500
30
0
11
79200
21
19500
31
0
0
LINE
8
FURN
10
79200
20
19500
30
0
11
79200
21
17350
31
0
0
LINE
8
FURN
10
79200
20
17350
30
0
11
78350
21
17350
31
0
0
LINE
8
FURN
10
78350
20
17350
30
0
11
78350
21
19500
31
0
0
LINE
8
FURN
10
79200
20
18425
30
0
11
78350
21
18425
31
0
0
LINE
8
WINDOW
10
78750
20
19962.5
30
0
11
81000
21
19962.5
31
0
0
LINE
8
WINDOW
10
81000
20
19962.5
30
0
11
81000
21
19787.5
31
0
0
LINE
8
WINDOW
10
81000
20
19787.5
30
0
11
78750
21
19787.5
31
0
0
LINE
8
WINDOW
10
78750
20
19787.5
30
0
11
78750
21
19962.5
31
0
0
LINE
8
WINDOW
10
81000
20
19875
30
0
11
78750
21
19875
31
0
0
LINE
8
WINDOW
10
81787.5
20
19250
30
0
11
81962.5
21
19250
31
0
0
LINE
8
WINDOW
10
81962.5
20
19250
30
0
11
81962.5
21
17250
31
0
0
LINE
8
WINDOW
10
81962.5
20
17250
30
0
11
81787.5
21
17250
31
0
0
LINE
8
WINDOW
10
81787.5
20
17250
30
0
11
81787.5
21
19250
31
0
0
LINE
8
WINDOW
10
81875
20
19250
30
0
11
81875
21
17250
31
0
0
LINE
8
FURN
10
78050
20
7200
30
0
11
78750
21
7200
31
0
0
LINE
8
FURN
10
78750
20
7200
30
0
11
78750
21
6500
31
0
0
LINE
8
FURN
10
78750
20
6500
30
0
11
78050
21
6500
31
0
0
LINE
8
FURN
10
78050
20
6500
30
0
11
78050
21
7200
31
0
0
LINE
8
FURN
10
78050
20
5600
30
0
11
78750
21
5600
31
0
0
LINE
8
FURN
10
78750
20
5600
30
0
11
78750
21
5250
31
0
0
LINE
8
FURN
10
78750
20
5250
30
0
11
78050
21
5250
31
0
0
LINE
8
FURN
10
78050
20
5250
30
0
11
78050
21
5600
31
0
0
LINE
8
FURN
10
74175
20
7600
30
0
11
77925
21
7600
31
0
0
LINE
8
FURN
10
77925
20
7600
30
0
11
77925
21
7100
31
0
0
LINE
8
FURN
10
77925
20
7100
30
0
11
74175
21
7100
31
0
0
LINE
8
FURN
10
74175
20
7100
30
0
11
74175
21
7600
31
0
0
LINE
8
FURN
10
77425
20
7100
30
0
11
77925
21
7100
31
0
0
LINE
8
FURN
10
77925
20
7100
30
0
11
77925
21
5200
31
0
0
LINE
8
FURN
10
77925
20
5200
30
0
11
77425
21
5200
31
0
0
LINE
8
FURN
10
77425
20
5200
30
0
11
77425
21
7100
31
0
0
LINE
8
FURN
10
74400
20
6600
30
0
11
76750
21
6600
31
0
0
LINE
8
FURN
10
76750
20
6600
30
0
11
76750
21
5750
31
0
0
LINE
8
FURN
10
76750
20
5750
30
0
11
74400
21
5750
31
0
0
LINE
8
FURN
10
74400
20
5750
30
0
11
74400
21
6600
31
0
0
CIRCLE
8
FURN
10
76200
20
5350
30
0
40
125
0
CIRCLE
8
FURN
10
75575
20
5350
30
0
40
125
0
CIRCLE
8
FURN
10
74950
20
5350
30
0
40
125
0
LINE
8
FURN
10
71050
20
8250
30
0
11
73450
21
8250
31
0
0
LINE
8
FURN
10
73450
20
8250
30
0
11
73450
21
6950
31
0
0
LINE
8
FURN
10
73450
20
6950
30
0
11
71050
21
6950
31
0
0
LINE
8
FURN
10
71050
20
6950
30
0
11
71050
21
8250
31
0
0
LINE
8
FURN
10
72800
20
8550
30
0
11
73250
21
8550
31
0
0
LINE
8
FURN
10
73250
20
8550
30
0
11
73250
21
8300
31
0
0
LINE
8
FURN
10
73250
20
8300
30
0
11
72800
21
8300
31
0
0
LINE
8
FURN
10
72800
20
8300
30
0
11
72800
21
8550
31
0
0
LINE
8
FURN
10
72025
20
8550
30
0
11
72475
21
8550
31
0
0
LINE
8
FURN
10
72475
20
8550
30
0
11
72475
21
8300
31
0
0
LINE
8
FURN
10
72475
20
8300
30
0
11
72025
21
8300
31
0
0
LINE
8
FURN
10
72025
20
8300
30
0
11
72025
21
8550
31
0
0
LINE
8
FURN
10
71250
20
8550
30
0
11
71700
21
8550
31
0
0
LINE
8
FURN
10
71700
20
8550
30
0
11
71700
21
8300
31
0
0
LINE
8
FURN
10
71700
20
8300
30
0
11
71250
21
8300
31
0
0
LINE
8
FURN
10
71250
20
8300
30
0
11
71250
21
8550
31
0
0
LINE
8
FURN
10
72800
20
6900
30
0
11
73250
21
6900
31
0
0
LINE
8
FURN
10
73250
20
6900
30
0
11
73250
21
6650
31
0
0
LINE
8
FURN
10
73250
20
6650
30
0
11
72800
21
6650
31
0
0
LINE
8
FURN
10
72800
20
6650
30
0
11
72800
21
6900
31
0
0
LINE
8
FURN
10
72025
20
6900
30
0
11
72475
21
6900
31
0
0
LINE
8
FURN
10
72475
20
6900
30
0
11
72475
21
6650
31
0
0
LINE
8
FURN
10
72475
20
6650
30
0
11
72025
21
6650
31
0
0
LINE
8
FURN
10
72025
20
6650
30
0
11
72025
21
6900
31
0
0
LINE
8
FURN
10
71250
20
6900
30
0
11
71700
21
6900
31
0
0
LINE
8
FURN
10
71700
20
6900
30
0
11
71700
21
6650
31
0
0
LINE
8
FURN
10
71700
20
6650
30
0
11
71250
21
6650
31
0
0
LINE
8
FURN
10
71250
20
6650
30
0
11
71250
21
6900
31
0
0
LINE
8
FURN
10
66400
20
8750
30
0
11
66900
21
8750
31
0
0
LINE
8
FURN
10
66900
20
8750
30
0
11
66900
21
5750
31
0
0
LINE
8
FURN
10
66900
20
5750
30
0
11
66400
21
5750
31
0
0
LINE
8
FURN
10
66400
20
5750
30
0
11
66400
21
8750
31
0
0
LINE
8
FURN
10
66900
20
7250
30
0
11
66400
21
7250
31
0
0
LINE
8
FURN
10
75900
20
14700
30
0
11
77500
21
14700
31
0
0
LINE
8
FURN
10
77500
20
14700
30
0
11
77500
21
12650
31
0
0
LINE
8
FURN
10
77500
20
12650
30
0
11
75900
21
12650
31
0
0
LINE
8
FURN
10
75900
20
12650
30
0
11
75900
21
14700
31
0
0
LINE
8
FURN
10
76750
20
14550
30
0
11
77350
21
14550
31
0
0
LINE
8
FURN
10
77350
20
14550
30
0
11
77350
21
14225
31
0
0
LINE
8
FURN
10
77350
20
14225
30
0
11
76750
21
14225
31
0
0
LINE
8
FURN
10
76750
20
14225
30
0
11
76750
21
14550
31
0
0
LINE
8
FURN
10
76000
20
14550
30
0
11
76600
21
14550
31
0
0
LINE
8
FURN
10
76600
20
14550
30
0
11
76600
21
14225
31
0
0
LINE
8
FURN
10
76600
20
14225
30
0
11
76000
21
14225
31
0
0
LINE
8
FURN
10
76000
20
14225
30
0
11
76000
21
14550
31
0
0
LINE
8
FURN
10
74200
20
14650
30
0
11
75800
21
14650
31
0
0
LINE
8
FURN
10
75800
20
14650
30
0
11
75800
21
14200
31
0
0
LINE
8
FURN
10
75800
20
14200
30
0
11
74200
21
14200
31
0
0
LINE
8
FURN
10
74200
20
14200
30
0
11
74200
21
14650
31
0
0
LINE
8
FURN
10
75800
20
14425
30
0
11
74200
21
14425
31
0
0
LINE
8
FURN
10
71900
20
14700
30
0
11
73500
21
14700
31
0
0
LINE
8
FURN
10
73500
20
14700
30
0
11
73500
21
12650
31
0
0
LINE
8
FURN
10
73500
20
12650
30
0
11
71900
21
12650
31
0
0
LINE
8
FURN
10
71900
20
12650
30
0
11
71900
21
14700
31
0
0
LINE
8
FURN
10
72750
20
14550
30
0
11
73350
21
14550
31
0
0
LINE
8
FURN
10
73350
20
14550
30
0
11
73350
21
14225
31
0
0
LINE
8
FURN
10
73350
20
14225
30
0
11
72750
21
14225
31
0
0
LINE
8
FURN
10
72750
20
14225
30
0
11
72750
21
14550
31
0
0
LINE
8
FURN
10
72000
20
14550
30
0
11
72600
21
14550
31
0
0
LINE
8
FURN
10
72600
20
14550
30
0
11
72600
21
14225
31
0
0
LINE
8
FURN
10
72600
20
14225
30
0
11
72000
21
14225
31
0
0
LINE
8
FURN
10
72000
20
14225
30
0
11
72000
21
14550
31
0
0
LINE
8
FURN
10
70250
20
14650
30
0
11
71800
21
14650
31
0
0
LINE
8
FURN
10
71800
20
14650
30
0
11
71800
21
14200
31
0
0
LINE
8
FURN
10
71800
20
14200
30
0
11
70250
21
14200
31
0
0
LINE
8
FURN
10
70250
20
14200
30
0
11
70250
21
14650
31
0
0
LINE
8
FURN
10
71800
20
14425
30
0
11
70250
21
14425
31
0
0
LINE
8
FURN
10
66300
20
11800
30
0
11
68100
21
11800
31
0
0
LINE
8
FURN
10
68100
20
11800
30
0
11
68100
21
10250
31
0
0
LINE
8
FURN
10
68100
20
10250
30
0
11
66300
21
10250
31
0
0
LINE
8
FURN
10
66300
20
10250
30
0
11
66300
21
11800
31
0
0
LINE
8
FURN
10
67200
20
11650
30
0
11
67950
21
11650
31
0
0
LINE
8
FURN
10
67950
20
11650
30
0
11
67950
21
11300
31
0
0
LINE
8
FURN
10
67950
20
11300
30
0
11
67200
21
11300
31
0
0
LINE
8
FURN
10
67200
20
11300
30
0
11
67200
21
11650
31
0
0
LINE
8
FURN
10
66400
20
11650
30
0
11
67150
21
11650
31
0
0
LINE
8
FURN
10
67150
20
11650
30
0
11
67150
21
11300
31
0
0
LINE
8
FURN
10
67150
20
11300
30
0
11
66400
21
11300
31
0
0
LINE
8
FURN
10
66400
20
11300
30
0
11
66400
21
11650
31
0
0
LINE
8
FURN
10
68525
20
14700
30
0
11
69825
21
14700
31
0
0
LINE
8
FURN
10
69825
20
14700
30
0
11
69825
21
14300
31
0
0
LINE
8
FURN
10
69825
20
14300
30
0
11
68525
21
14300
31
0
0
LINE
8
FURN
10
68525
20
14300
30
0
11
68525
21
14700
31
0
0
LINE
8
FURN
10
69825
20
14500
30
0
11
68525
21
14500
31
0
0
LINE
8
FURN
10
68525
20
14100
30
0
11
69825
21
14100
31
0
0
LINE
8
FURN
10
69825
20
14100
30
0
11
69825
21
13700
31
0
0
LINE
8
FURN
10
69825
20
13700
30
0
11
68525
21
13700
31
0
0
LINE
8
FURN
10
68525
20
13700
30
0
11
68525
21
14100
31
0
0
LINE
8
FURN
10
69825
20
13900
30
0
11
68525
21
13900
31
0
0
LINE
8
FURN
10
67500
20
14650
30
0
11
68250
21
14650
31
0
0
LINE
8
FURN
10
68250
20
14650
30
0
11
68250
21
14300
31
0
0
LINE
8
FURN
10
68250
20
14300
30
0
11
67500
21
14300
31
0
0
LINE
8
FURN
10
67500
20
14300
30
0
11
67500
21
14650
31
0
0
LINE
8
FURN
10
68125
20
14475
30
0
11
68106
21
14427.2
31
0
0
LINE
8
FURN
10
68106
20
14427.2
30
0
11
68051.8
21
14386.6
31
0
0
LINE
8
FURN
10
68051.8
20
14386.6
30
0
11
67970.7
21
14359.5
31
0
0
LINE
8
FURN
10
67970.7
20
14359.5
30
0
11
67875
21
14350
31
0
0
LINE
8
FURN
10
67875
20
14350
30
0
11
67779.3
21
14359.5
31
0
0
LINE
8
FURN
10
67779.3
20
14359.5
30
0
11
67698.2
21
14386.6
31
0
0
LINE
8
FURN
10
67698.2
20
14386.6
30
0
11
67644
21
14427.2
31
0
0
LINE
8
FURN
10
67644
20
14427.2
30
0
11
67625
21
14475
31
0
0
LINE
8
FURN
10
67625
20
14475
30
0
11
67644
21
14522.8
31
0
0
LINE
8
FURN
10
67644
20
14522.8
30
0
11
67698.2
21
14563.4
31
0
0
LINE
8
FURN
10
67698.2
20
14563.4
30
0
11
67779.3
21
14590.5
31
0
0
LINE
8
FURN
10
67779.3
20
14590.5
30
0
11
67875
21
14600
31
0
0
LINE
8
FURN
10
67875
20
14600
30
0
11
67970.7
21
14590.5
31
0
0
LINE
8
FURN
10
67970.7
20
14590.5
30
0
11
68051.8
21
14563.4
31
0
0
LINE
8
FURN
10
68051.8
20
14563.4
30
0
11
68106
21
14522.8
31
0
0
LINE
8
FURN
10
68106
20
14522.8
30
0
11
68125
21
14475
31
0
0
LINE
8
FURN
10
68025
20
13500
30
0
11
68007.9
21
13394.8
31
0
0
LINE
8
FURN
10
68007.9
20
13394.8
30
0
11
67959.1
21
13305.5
31
0
0
LINE
8
FURN
10
67959.1
20
13305.5
30
0
11
67886.1
21
13245.9
31
0
0
LINE
8
FURN
10
67886.1
20
13245.9
30
0
11
67800
21
13225
31
0
0
LINE
8
FURN
10
67800
20
13225
30
0
11
67713.9
21
13245.9
31
0
0
LINE
8
FURN
10
67713.9
20
13245.9
30
0
11
67640.9
21
13305.5
31
0
0
LINE
8
FURN
10
67640.9
20
13305.5
30
0
11
67592.1
21
13394.8
31
0
0
LINE
8
FURN
10
67592.1
20
13394.8
30
0
11
67575
21
13500
31
0
0
LINE
8
FURN
10
67575
20
13500
30
0
11
67592.1
21
13605.2
31
0
0
LINE
8
FURN
10
67592.1
20
13605.2
30
0
11
67640.9
21
13694.5
31
0
0
LINE
8
FURN
10
67640.9
20
13694.5
30
0
11
67713.9
21
13754.1
31
0
0
LINE
8
FURN
10
67713.9
20
13754.1
30
0
11
67800
21
13775
31
0
0
LINE
8
FURN
10
67800
20
13775
30
0
11
67886.1
21
13754.1
31
0
0
LINE
8
FURN
10
67886.1
20
13754.1
30
0
11
67959.1
21
13694.5
31
0
0
LINE
8
FURN
10
67959.1
20
13694.5
30
0
11
68007.9
21
13605.2
31
0
0
LINE
8
FURN
10
68007.9
20
13605.2
30
0
11
68025
21
13500
31
0
0
LINE
8
FURN
10
66200
20
14650
30
0
11
67100
21
14650
31
0
0
LINE
8
FURN
10
67100
20
14650
30
0
11
67100
21
13650
31
0
0
LINE
8
FURN
10
67100
20
13650
30
0
11
66200
21
13650
31
0
0
LINE
8
FURN
10
66200
20
13650
30
0
11
66200
21
14650
31
0
0
LINE
8
FURN
10
67100
20
14650
30
0
11
66200
21
13650
31
0
0
LINE
8
FURN
10
77300
20
9800
30
0
11
77800
21
9800
31
0
0
LINE
8
FURN
10
77800
20
9800
30
0
11
77800
21
9600
31
0
0
LINE
8
FURN
10
77800
20
9600
30
0
11
77300
21
9600
31
0
0
LINE
8
FURN
10
77300
20
9600
30
0
11
77300
21
9800
31
0
0
LINE
8
FURN
10
77750
20
9700
30
0
11
77734.8
21
9661.7
31
0
0
LINE
8
FURN
10
77734.8
20
9661.7
30
0
11
77691.4
21
9629.3
31
0
0
LINE
8
FURN
10
77691.4
20
9629.3
30
0
11
77626.5
21
9607.6
31
0
0
LINE
8
FURN
10
77626.5
20
9607.6
30
0
11
77550
21
9600
31
0
0
LINE
8
FURN
10
77550
20
9600
30
0
11
77473.5
21
9607.6
31
0
0
LINE
8
FURN
10
77473.5
20
9607.6
30
0
11
77408.6
21
9629.3
31
0
0
LINE
8
FURN
10
77408.6
20
9629.3
30
0
11
77365.2
21
9661.7
31
0
0
LINE
8
FURN
10
77365.2
20
9661.7
30
0
11
77350
21
9700
31
0
0
LINE
8
FURN
10
77350
20
9700
30
0
11
77365.2
21
9738.3
31
0
0
LINE
8
FURN
10
77365.2
20
9738.3
30
0
11
77408.6
21
9770.7
31
0
0
LINE
8
FURN
10
77408.6
20
9770.7
30
0
11
77473.5
21
9792.4
31
0
0
LINE
8
FURN
10
77473.5
20
9792.4
30
0
11
77550
21
9800
31
0
0
LINE
8
FURN
10
77550
20
9800
30
0
11
77626.5
21
9792.4
31
0
0
LINE
8
FURN
10
77626.5
20
9792.4
30
0
11
77691.4
21
9770.7
31
0
0
LINE
8
FURN
10
77691.4
20
9770.7
30
0
11
77734.8
21
9738.3
31
0
0
LINE
8
FURN
10
77734.8
20
9738.3
30
0
11
77750
21
9700
31
0
0
LINE
8
FURN
10
77775
20
8800
30
0
11
77757.9
21
8694.8
31
0
0
LINE
8
FURN
10
77757.9
20
8694.8
30
0
11
77709.1
21
8605.5
31
0
0
LINE
8
FURN
10
77709.1
20
8605.5
30
0
11
77636.1
21
8545.9
31
0
0
LINE
8
FURN
10
77636.1
20
8545.9
30
0
11
77550
21
8525
31
0
0
LINE
8
FURN
10
77550
20
8525
30
0
11
77463.9
21
8545.9
31
0
0
LINE
8
FURN
10
77463.9
20
8545.9
30
0
11
77390.9
21
8605.5
31
0
0
LINE
8
FURN
10
77390.9
20
8605.5
30
0
11
77342.1
21
8694.8
31
0
0
LINE
8
FURN
10
77342.1
20
8694.8
30
0
11
77325
21
8800
31
0
0
LINE
8
FURN
10
77325
20
8800
30
0
11
77342.1
21
8905.2
31
0
0
LINE
8
FURN
10
77342.1
20
8905.2
30
0
11
77390.9
21
8994.5
31
0
0
LINE
8
FURN
10
77390.9
20
8994.5
30
0
11
77463.9
21
9054.1
31
0
0
LINE
8
FURN
10
77463.9
20
9054.1
30
0
11
77550
21
9075
31
0
0
LINE
8
FURN
10
77550
20
9075
30
0
11
77636.1
21
9054.1
31
0
0
LINE
8
FURN
10
77636.1
20
9054.1
30
0
11
77709.1
21
8994.5
31
0
0
LINE
8
FURN
10
77709.1
20
8994.5
30
0
11
77757.9
21
8905.2
31
0
0
LINE
8
FURN
10
77757.9
20
8905.2
30
0
11
77775
21
8800
31
0
0
LINE
8
FURN
10
76250
20
9800
30
0
11
76950
21
9800
31
0
0
LINE
8
FURN
10
76950
20
9800
30
0
11
76950
21
9350
31
0
0
LINE
8
FURN
10
76950
20
9350
30
0
11
76250
21
9350
31
0
0
LINE
8
FURN
10
76250
20
9350
30
0
11
76250
21
9800
31
0
0
LINE
8
FURN
10
76950
20
9800
30
0
11
76250
21
9350
31
0
0
SOLID
8
COLUMN
10
81775
20
-225
30
0
11
82225
21
-225
31
0
12
81775
22
225
32
0
13
82225
23
225
33
0
0
LINE
8
COLUMN
10
81775
20
-225
30
0
11
82225
21
-225
31
0
0
LINE
8
COLUMN
10
82225
20
-225
30
0
11
82225
21
225
31
0
0
LINE
8
COLUMN
10
82225
20
225
30
0
11
81775
21
225
31
0
0
LINE
8
COLUMN
10
81775
20
225
30
0
11
81775
21
-225
31
0
0
SOLID
8
COLUMN
10
77775
20
-225
30
0
11
78225
21
-225
31
0
12
77775
22
225
32
0
13
78225
23
225
33
0
0
LINE
8
COLUMN
10
77775
20
-225
30
0
11
78225
21
-225
31
0
0
LINE
8
COLUMN
10
78225
20
-225
30
0
11
78225
21
225
31
0
0
LINE
8
COLUMN
10
78225
20
225
30
0
11
77775
21
225
31
0
0
LINE
8
COLUMN
10
77775
20
225
30
0
11
77775
21
-225
31
0
0
SOLID
8
COLUMN
10
73775
20
-225
30
0
11
74225
21
-225
31
0
12
73775
22
225
32
0
13
74225
23
225
33
0
0
LINE
8
COLUMN
10
73775
20
-225
30
0
11
74225
21
-225
31
0
0
LINE
8
COLUMN
10
74225
20
-225
30
0
11
74225
21
225
31
0
0
LINE
8
COLUMN
10
74225
20
225
30
0
11
73775
21
225
31
0
0
LINE
8
COLUMN
10
73775
20
225
30
0
11
73775
21
-225
31
0
0
SOLID
8
COLUMN
10
69775
20
-225
30
0
11
70225
21
-225
31
0
12
69775
22
225
32
0
13
70225
23
225
33
0
0
LINE
8
COLUMN
10
69775
20
-225
30
0
11
70225
21
-225
31
0
0
LINE
8
COLUMN
10
70225
20
-225
30
0
11
70225
21
225
31
0
0
LINE
8
COLUMN
10
70225
20
225
30
0
11
69775
21
225
31
0
0
LINE
8
COLUMN
10
69775
20
225
30
0
11
69775
21
-225
31
0
0
SOLID
8
COLUMN
10
65775
20
-225
30
0
11
66225
21
-225
31
0
12
65775
22
225
32
0
13
66225
23
225
33
0
0
LINE
8
COLUMN
10
65775
20
-225
30
0
11
66225
21
-225
31
0
0
LINE
8
COLUMN
10
66225
20
-225
30
0
11
66225
21
225
31
0
0
LINE
8
COLUMN
10
66225
20
225
30
0
11
65775
21
225
31
0
0
LINE
8
COLUMN
10
65775
20
225
30
0
11
65775
21
-225
31
0
0
SOLID
8
COLUMN
10
81775
20
4775
30
0
11
82225
21
4775
31
0
12
81775
22
5225
32
0
13
82225
23
5225
33
0
0
LINE
8
COLUMN
10
81775
20
4775
30
0
11
82225
21
4775
31
0
0
LINE
8
COLUMN
10
82225
20
4775
30
0
11
82225
21
5225
31
0
0
LINE
8
COLUMN
10
82225
20
5225
30
0
11
81775
21
5225
31
0
0
LINE
8
COLUMN
10
81775
20
5225
30
0
11
81775
21
4775
31
0
0
SOLID
8
COLUMN
10
77775
20
4775
30
0
11
78225
21
4775
31
0
12
77775
22
5225
32
0
13
78225
23
5225
33
0
0
LINE
8
COLUMN
10
77775
20
4775
30
0
11
78225
21
4775
31
0
0
LINE
8
COLUMN
10
78225
20
4775
30
0
11
78225
21
5225
31
0
0
LINE
8
COLUMN
10
78225
20
5225
30
0
11
77775
21
5225
31
0
0
LINE
8
COLUMN
10
77775
20
5225
30
0
11
77775
21
4775
31
0
0
SOLID
8
COLUMN
10
73775
20
4775
30
0
11
74225
21
4775
31
0
12
73775
22
5225
32
0
13
74225
23
5225
33
0
0
LINE
8
COLUMN
10
73775
20
4775
30
0
11
74225
21
4775
31
0
0
LINE
8
COLUMN
10
74225
20
4775
30
0
11
74225
21
5225
31
0
0
LINE
8
COLUMN
10
74225
20
5225
30
0
11
73775
21
5225
31
0
0
LINE
8
COLUMN
10
73775
20
5225
30
0
11
73775
21
4775
31
0
0
SOLID
8
COLUMN
10
69775
20
4775
30
0
11
70225
21
4775
31
0
12
69775
22
5225
32
0
13
70225
23
5225
33
0
0
LINE
8
COLUMN
10
69775
20
4775
30
0
11
70225
21
4775
31
0
0
LINE
8
COLUMN
10
70225
20
4775
30
0
11
70225
21
5225
31
0
0
LINE
8
COLUMN
10
70225
20
5225
30
0
11
69775
21
5225
31
0
0
LINE
8
COLUMN
10
69775
20
5225
30
0
11
69775
21
4775
31
0
0
SOLID
8
COLUMN
10
65775
20
4775
30
0
11
66225
21
4775
31
0
12
65775
22
5225
32
0
13
66225
23
5225
33
0
0
LINE
8
COLUMN
10
65775
20
4775
30
0
11
66225
21
4775
31
0
0
LINE
8
COLUMN
10
66225
20
4775
30
0
11
66225
21
5225
31
0
0
LINE
8
COLUMN
10
66225
20
5225
30
0
11
65775
21
5225
31
0
0
LINE
8
COLUMN
10
65775
20
5225
30
0
11
65775
21
4775
31
0
0
SOLID
8
COLUMN
10
81775
20
9775
30
0
11
82225
21
9775
31
0
12
81775
22
10225
32
0
13
82225
23
10225
33
0
0
LINE
8
COLUMN
10
81775
20
9775
30
0
11
82225
21
9775
31
0
0
LINE
8
COLUMN
10
82225
20
9775
30
0
11
82225
21
10225
31
0
0
LINE
8
COLUMN
10
82225
20
10225
30
0
11
81775
21
10225
31
0
0
LINE
8
COLUMN
10
81775
20
10225
30
0
11
81775
21
9775
31
0
0
SOLID
8
COLUMN
10
77775
20
9775
30
0
11
78225
21
9775
31
0
12
77775
22
10225
32
0
13
78225
23
10225
33
0
0
LINE
8
COLUMN
10
77775
20
9775
30
0
11
78225
21
9775
31
0
0
LINE
8
COLUMN
10
78225
20
9775
30
0
11
78225
21
10225
31
0
0
LINE
8
COLUMN
10
78225
20
10225
30
0
11
77775
21
10225
31
0
0
LINE
8
COLUMN
10
77775
20
10225
30
0
11
77775
21
9775
31
0
0
SOLID
8
COLUMN
10
73775
20
9775
30
0
11
74225
21
9775
31
0
12
73775
22
10225
32
0
13
74225
23
10225
33
0
0
LINE
8
COLUMN
10
73775
20
9775
30
0
11
74225
21
9775
31
0
0
LINE
8
COLUMN
10
74225
20
9775
30
0
11
74225
21
10225
31
0
0
LINE
8
COLUMN
10
74225
20
10225
30
0
11
73775
21
10225
31
0
0
LINE
8
COLUMN
10
73775
20
10225
30
0
11
73775
21
9775
31
0
0
SOLID
8
COLUMN
10
69775
20
9775
30
0
11
70225
21
9775
31
0
12
69775
22
10225
32
0
13
70225
23
10225
33
0
0
LINE
8
COLUMN
10
69775
20
9775
30
0
11
70225
21
9775
31
0
0
LINE
8
COLUMN
10
70225
20
9775
30
0
11
70225
21
10225
31
0
0
LINE
8
COLUMN
10
70225
20
10225
30
0
11
69775
21
10225
31
0
0
LINE
8
COLUMN
10
69775
20
10225
30
0
11
69775
21
9775
31
0
0
SOLID
8
COLUMN
10
65775
20
9775
30
0
11
66225
21
9775
31
0
12
65775
22
10225
32
0
13
66225
23
10225
33
0
0
LINE
8
COLUMN
10
65775
20
9775
30
0
11
66225
21
9775
31
0
0
LINE
8
COLUMN
10
66225
20
9775
30
0
11
66225
21
10225
31
0
0
LINE
8
COLUMN
10
66225
20
10225
30
0
11
65775
21
10225
31
0
0
LINE
8
COLUMN
10
65775
20
10225
30
0
11
65775
21
9775
31
0
0
SOLID
8
COLUMN
10
81775
20
14775
30
0
11
82225
21
14775
31
0
12
81775
22
15225
32
0
13
82225
23
15225
33
0
0
LINE
8
COLUMN
10
81775
20
14775
30
0
11
82225
21
14775
31
0
0
LINE
8
COLUMN
10
82225
20
14775
30
0
11
82225
21
15225
31
0
0
LINE
8
COLUMN
10
82225
20
15225
30
0
11
81775
21
15225
31
0
0
LINE
8
COLUMN
10
81775
20
15225
30
0
11
81775
21
14775
31
0
0
SOLID
8
COLUMN
10
77775
20
14775
30
0
11
78225
21
14775
31
0
12
77775
22
15225
32
0
13
78225
23
15225
33
0
0
LINE
8
COLUMN
10
77775
20
14775
30
0
11
78225
21
14775
31
0
0
LINE
8
COLUMN
10
78225
20
14775
30
0
11
78225
21
15225
31
0
0
LINE
8
COLUMN
10
78225
20
15225
30
0
11
77775
21
15225
31
0
0
LINE
8
COLUMN
10
77775
20
15225
30
0
11
77775
21
14775
31
0
0
SOLID
8
COLUMN
10
73775
20
14775
30
0
11
74225
21
14775
31
0
12
73775
22
15225
32
0
13
74225
23
15225
33
0
0
LINE
8
COLUMN
10
73775
20
14775
30
0
11
74225
21
14775
31
0
0
LINE
8
COLUMN
10
74225
20
14775
30
0
11
74225
21
15225
31
0
0
LINE
8
COLUMN
10
74225
20
15225
30
0
11
73775
21
15225
31
0
0
LINE
8
COLUMN
10
73775
20
15225
30
0
11
73775
21
14775
31
0
0
SOLID
8
COLUMN
10
69775
20
14775
30
0
11
70225
21
14775
31
0
12
69775
22
15225
32
0
13
70225
23
15225
33
0
0
LINE
8
COLUMN
10
69775
20
14775
30
0
11
70225
21
14775
31
0
0
LINE
8
COLUMN
10
70225
20
14775
30
0
11
70225
21
15225
31
0
0
LINE
8
COLUMN
10
70225
20
15225
30
0
11
69775
21
15225
31
0
0
LINE
8
COLUMN
10
69775
20
15225
30
0
11
69775
21
14775
31
0
0
SOLID
8
COLUMN
10
65775
20
14775
30
0
11
66225
21
14775
31
0
12
65775
22
15225
32
0
13
66225
23
15225
33
0
0
LINE
8
COLUMN
10
65775
20
14775
30
0
11
66225
21
14775
31
0
0
LINE
8
COLUMN
10
66225
20
14775
30
0
11
66225
21
15225
31
0
0
LINE
8
COLUMN
10
66225
20
15225
30
0
11
65775
21
15225
31
0
0
LINE
8
COLUMN
10
65775
20
15225
30
0
11
65775
21
14775
31
0
0
SOLID
8
COLUMN
10
81775
20
19775
30
0
11
82225
21
19775
31
0
12
81775
22
20225
32
0
13
82225
23
20225
33
0
0
LINE
8
COLUMN
10
81775
20
19775
30
0
11
82225
21
19775
31
0
0
LINE
8
COLUMN
10
82225
20
19775
30
0
11
82225
21
20225
31
0
0
LINE
8
COLUMN
10
82225
20
20225
30
0
11
81775
21
20225
31
0
0
LINE
8
COLUMN
10
81775
20
20225
30
0
11
81775
21
19775
31
0
0
SOLID
8
COLUMN
10
77775
20
19775
30
0
11
78225
21
19775
31
0
12
77775
22
20225
32
0
13
78225
23
20225
33
0
0
LINE
8
COLUMN
10
77775
20
19775
30
0
11
78225
21
19775
31
0
0
LINE
8
COLUMN
10
78225
20
19775
30
0
11
78225
21
20225
31
0
0
LINE
8
COLUMN
10
78225
20
20225
30
0
11
77775
21
20225
31
0
0
LINE
8
COLUMN
10
77775
20
20225
30
0
11
77775
21
19775
31
0
0
LINE
8
HVAC
10
75900
20
14700
30
0
11
76750
21
14700
31
0
0
LINE
8
HVAC
10
76750
20
14700
30
0
11
76750
21
14375
31
0
0
LINE
8
HVAC
10
76750
20
14375
30
0
11
75900
21
14375
31
0
0
LINE
8
HVAC
10
75900
20
14375
30
0
11
75900
21
14700
31
0
0
LINE
8
HVAC
10
76625
20
14700
30
0
11
76625
21
14375
31
0
0
LINE
8
HVAC
10
76475
20
14700
30
0
11
76475
21
14375
31
0
0
LINE
8
HVAC
10
76325
20
14700
30
0
11
76325
21
14375
31
0
0
LINE
8
HVAC
10
76175
20
14700
30
0
11
76175
21
14375
31
0
0
LINE
8
HVAC
10
76025
20
14700
30
0
11
76025
21
14375
31
0
0
LINE
8
HVAC
10
72150
20
14700
30
0
11
73000
21
14700
31
0
0
LINE
8
HVAC
10
73000
20
14700
30
0
11
73000
21
14375
31
0
0
LINE
8
HVAC
10
73000
20
14375
30
0
11
72150
21
14375
31
0
0
LINE
8
HVAC
10
72150
20
14375
30
0
11
72150
21
14700
31
0
0
LINE
8
HVAC
10
72875
20
14700
30
0
11
72875
21
14375
31
0
0
LINE
8
HVAC
10
72725
20
14700
30
0
11
72725
21
14375
31
0
0
LINE
8
HVAC
10
72575
20
14700
30
0
11
72575
21
14375
31
0
0
LINE
8
HVAC
10
72425
20
14700
30
0
11
72425
21
14375
31
0
0
LINE
8
HVAC
10
72275
20
14700
30
0
11
72275
21
14375
31
0
0
LINE
8
HVAC
10
65925
20
9500
30
0
11
66250
21
9500
31
0
0
LINE
8
HVAC
10
66250
20
9500
30
0
11
66250
21
8650
31
0
0
LINE
8
HVAC
10
66250
20
8650
30
0
11
65925
21
8650
31
0
0
LINE
8
HVAC
10
65925
20
8650
30
0
11
65925
21
9500
31
0
0
LINE
8
HVAC
10
66375
20
9375
30
0
11
66050
21
9375
31
0
0
LINE
8
HVAC
10
66375
20
9225
30
0
11
66050
21
9225
31
0
0
LINE
8
HVAC
10
66375
20
9075
30
0
11
66050
21
9075
31
0
0
LINE
8
HVAC
10
66375
20
8925
30
0
11
66050
21
8925
31
0
0
LINE
8
HVAC
10
66375
20
8775
30
0
11
66050
21
8775
31
0
0
LINE
8
FURN
6
DASHED
10
68200
20
4500
30
0
11
76250
21
4500
31
0
0
LINE
8
FURN
6
DASHED
10
76250
20
4500
30
0
11
76250
21
750
31
0
0
LINE
8
FURN
6
DASHED
10
76250
20
750
30
0
11
68200
21
750
31
0
0
LINE
8
FURN
6
DASHED
10
68200
20
750
30
0
11
68200
21
4500
31
0
0
LINE
8
FURN
10
69500
20
4400
30
0
11
75500
21
4400
31
0
0
LINE
8
FURN
10
75500
20
4400
30
0
11
75500
21
3200
31
0
0
LINE
8
FURN
10
75500
20
3200
30
0
11
69500
21
3200
31
0
0
LINE
8
FURN
10
69500
20
3200
30
0
11
69500
21
4400
31
0
0
LINE
8
FURN
10
75500
20
4100
30
0
11
69500
21
4100
31
0
0
LINE
8
FURN
10
73500
20
4400
30
0
11
73500
21
3200
31
0
0
LINE
8
FURN
10
71500
20
4400
30
0
11
71500
21
3200
31
0
0
LINE
8
FURN
10
74100
20
3200
30
0
11
75500
21
3200
31
0
0
LINE
8
FURN
10
75500
20
3200
30
0
11
75500
21
1350
31
0
0
LINE
8
FURN
10
75500
20
1350
30
0
11
74100
21
1350
31
0
0
LINE
8
FURN
10
74100
20
1350
30
0
11
74100
21
3200
31
0
0
LINE
8
FURN
10
70050
20
2550
30
0
11
73300
21
2550
31
0
0
LINE
8
FURN
10
73300
20
2550
30
0
11
73300
21
1400
31
0
0
LINE
8
FURN
10
73300
20
1400
30
0
11
70050
21
1400
31
0
0
LINE
8
FURN
10
70050
20
1400
30
0
11
70050
21
2550
31
0
0
LINE
8
FURN
10
66500
20
4450
30
0
11
68850
21
4450
31
0
0
LINE
8
FURN
10
68850
20
4450
30
0
11
68850
21
3700
31
0
0
LINE
8
FURN
10
68850
20
3700
30
0
11
66500
21
3700
31
0
0
LINE
8
FURN
10
66500
20
3700
30
0
11
66500
21
4450
31
0
0
LINE
8
FURN
10
68850
20
4100
30
0
11
66500
21
4100
31
0
0
CIRCLE
8
FURN
10
77350
20
2950
30
0
40
550
0
CIRCLE
8
FURN
10
77350
20
2950
30
0
40
175
0
LINE
8
FURN
10
81950
20
-1425
30
0
11
64700
21
-1425
31
0
0
LINE
8
FURN
10
81950
20
-1300
30
0
11
66050
21
-1300
31
0
0
LINE
8
FURN
10
81950
20
0
30
0
11
81950
21
-1425
31
0
0
LINE
8
FURN
10
78000
20
0
30
0
11
78000
21
-1425
31
0
0
LINE
8
FURN
10
74000
20
0
30
0
11
74000
21
-1425
31
0
0
LINE
8
FURN
10
70000
20
0
30
0
11
70000
21
-1425
31
0
0
LINE
8
FURN
10
77950
20
16425
30
0
11
66050
21
16425
31
0
0
LINE
8
FURN
10
77950
20
16300
30
0
11
66050
21
16300
31
0
0
LINE
8
FURN
10
77950
20
16450
30
0
11
77950
21
15000
31
0
0
LINE
8
FURN
10
66050
20
16450
30
0
11
66050
21
15000
31
0
0
LINE
8
FURN
10
74000
20
16450
30
0
11
74000
21
15000
31
0
0
LINE
8
FURN
10
70000
20
16450
30
0
11
70000
21
15000
31
0
0
LINE
8
FURN
10
66000
20
4500
30
0
11
64700
21
4500
31
0
0
LINE
8
FURN
10
64700
20
4500
30
0
11
64700
21
-1450
31
0
0
LINE
8
FURN
10
64825
20
4375
30
0
11
64825
21
125
31
0
0
LINE
8
WINDOW
10
66050
20
4000
30
0
11
66050
21
1750
31
0
0
LINE
8
HVAC
10
81400
20
6250
30
0
11
82050
21
6900
31
0
0
LINE
8
DIM
10
82000
20
20000
30
0
11
82850
21
20000
31
0
0
LINE
8
DIM
10
82000
20
15000
30
0
11
82850
21
15000
31
0
0
LINE
8
DIM
10
82700
20
20000
30
0
11
82700
21
15000
31
0
0
LINE
8
DIM
10
82600
20
19900
30
0
11
82800
21
20100
31
0
0
LINE
8
DIM
10
82600
20
14900
30
0
11
82800
21
15100
31
0
0
LINE
8
DIM
10
78000
20
20000
30
0
11
78000
21
20650
31
0
0
LINE
8
DIM
10
82000
20
20000
30
0
11
82000
21
20650
31
0
0
LINE
8
DIM
10
78000
20
20500
30
0
11
82000
21
20500
31
0
0
LINE
8
DIM
10
77900
20
20400
30
0
11
78100
21
20600
31
0
0
LINE
8
DIM
10
81900
20
20400
30
0
11
82100
21
20600
31
0
0
LINE
8
DIM
10
66000
20
-1500
30
0
11
66000
21
-3200
31
0
0
LINE
8
DIM
10
70000
20
-1500
30
0
11
70000
21
-2850
31
0
0
LINE
8
DIM
10
74000
20
-1500
30
0
11
74000
21
-2850
31
0
0
LINE
8
DIM
10
78000
20
-1500
30
0
11
78000
21
-2850
31
0
0
LINE
8
DIM
10
82000
20
-1500
30
0
11
82000
21
-3200
31
0
0
LINE
8
DIM
10
66000
20
-2750
30
0
11
82000
21
-2750
31
0
0
LINE
8
DIM
10
65900
20
-2850
30
0
11
66100
21
-2650
31
0
0
LINE
8
DIM
10
69900
20
-2850
30
0
11
70100
21
-2650
31
0
0
LINE
8
DIM
10
73900
20
-2850
30
0
11
74100
21
-2650
31
0
0
LINE
8
DIM
10
77900
20
-2850
30
0
11
78100
21
-2650
31
0
0
LINE
8
DIM
10
81900
20
-2850
30
0
11
82100
21
-2650
31
0
0
LINE
8
DIM
10
66000
20
-3250
30
0
11
82000
21
-3250
31
0
0
LINE
8
DIM
10
65900
20
-3350
30
0
11
66100
21
-3150
31
0
0
LINE
8
DIM
10
81900
20
-3350
30
0
11
82100
21
-3150
31
0
0
LINE
8
DIM
10
66000
20
15000
30
0
11
63800
21
15000
31
0
0
LINE
8
DIM
10
66000
20
10000
30
0
11
64150
21
10000
31
0
0
LINE
8
DIM
10
66000
20
5000
30
0
11
64150
21
5000
31
0
0
LINE
8
DIM
10
66000
20
0
30
0
11
63800
21
0
31
0
0
LINE
8
DIM
10
64250
20
15000
30
0
11
64250
21
0
31
0
0
LINE
8
DIM
10
64150
20
14900
30
0
11
64350
21
15100
31
0
0
LINE
8
DIM
10
64150
20
9900
30
0
11
64350
21
10100
31
0
0
LINE
8
DIM
10
64150
20
4900
30
0
11
64350
21
5100
31
0
0
LINE
8
DIM
10
64150
20
-100
30
0
11
64350
21
100
31
0
0
LINE
8
DIM
10
63900
20
15000
30
0
11
63900
21
0
31
0
0
LINE
8
DIM
10
63800
20
14900
30
0
11
64000
21
15100
31
0
0
LINE
8
DIM
10
63800
20
-100
30
0
11
64000
21
100
31
0
0
SOLID
8
WALL
10
77925
20
7500
30
0
11
78050
21
7500
31
0
12
77925
22
15000
32
0
13
78050
23
15000
33
0
0
LINE
8
WALL
10
77925
20
7500
30
0
11
78050
21
7500
31
0
0
LINE
8
WALL
10
78050
20
7500
30
0
11
78050
21
15000
31
0
0
LINE
8
WALL
10
78050
20
15000
30
0
11
77925
21
15000
31
0
0
LINE
8
WALL
10
77925
20
15000
30
0
11
77925
21
7500
31
0
0
SOLID
8
WALL
10
79350
20
9925
30
0
11
81750
21
9925
31
0
12
79350
22
10050
32
0
13
81750
23
10050
33
0
0
LINE
8
WALL
10
79350
20
9925
30
0
11
81750
21
9925
31
0
0
LINE
8
WALL
10
81750
20
9925
30
0
11
81750
21
10050
31
0
0
LINE
8
WALL
10
81750
20
10050
30
0
11
79350
21
10050
31
0
0
LINE
8
WALL
10
79350
20
10050
30
0
11
79350
21
9925
31
0
0
SOLID
8
WALL
10
79300
20
9350
30
0
11
79425
21
9350
31
0
12
79300
22
10050
32
0
13
79425
23
10050
33
0
0
LINE
8
WALL
10
79300
20
9350
30
0
11
79425
21
9350
31
0
0
LINE
8
WALL
10
79425
20
9350
30
0
11
79425
21
10050
31
0
0
LINE
8
WALL
10
79425
20
10050
30
0
11
79300
21
10050
31
0
0
LINE
8
WALL
10
79300
20
10050
30
0
11
79300
21
9350
31
0
0
SOLID
8
WALL
10
79300
20
7550
30
0
11
79425
21
7550
31
0
12
79300
22
8250
32
0
13
79425
23
8250
33
0
0
LINE
8
WALL
10
79300
20
7550
30
0
11
79425
21
7550
31
0
0
LINE
8
WALL
10
79425
20
7550
30
0
11
79425
21
8250
31
0
0
LINE
8
WALL
10
79425
20
8250
30
0
11
79300
21
8250
31
0
0
LINE
8
WALL
10
79300
20
8250
30
0
11
79300
21
7550
31
0
0
SOLID
8
WALL
10
79300
20
7550
30
0
11
81750
21
7550
31
0
12
79300
22
7675
32
0
13
81750
23
7675
33
0
0
LINE
8
WALL
10
79300
20
7550
30
0
11
81750
21
7550
31
0
0
LINE
8
WALL
10
81750
20
7550
30
0
11
81750
21
7675
31
0
0
LINE
8
WALL
10
81750
20
7675
30
0
11
79300
21
7675
31
0
0
LINE
8
WALL
10
79300
20
7675
30
0
11
79300
21
7550
31
0
0
SOLID
8
WALL
10
66000
20
9925
30
0
11
67900
21
9925
31
0
12
66000
22
10050
32
0
13
67900
23
10050
33
0
0
LINE
8
WALL
10
66000
20
9925
30
0
11
67900
21
9925
31
0
0
LINE
8
WALL
10
67900
20
9925
30
0
11
67900
21
10050
31
0
0
LINE
8
WALL
10
67900
20
10050
30
0
11
66000
21
10050
31
0
0
LINE
8
WALL
10
66000
20
10050
30
0
11
66000
21
9925
31
0
0
SOLID
8
WALL
10
68750
20
9925
30
0
11
71650
21
9925
31
0
12
68750
22
10050
32
0
13
71650
23
10050
33
0
0
LINE
8
WALL
10
68750
20
9925
30
0
11
71650
21
9925
31
0
0
LINE
8
WALL
10
71650
20
9925
30
0
11
71650
21
10050
31
0
0
LINE
8
WALL
10
71650
20
10050
30
0
11
68750
21
10050
31
0
0
LINE
8
WALL
10
68750
20
10050
30
0
11
68750
21
9925
31
0
0
SOLID
8
WALL
10
72500
20
9925
30
0
11
75400
21
9925
31
0
12
72500
22
10050
32
0
13
75400
23
10050
33
0
0
LINE
8
WALL
10
72500
20
9925
30
0
11
75400
21
9925
31
0
0
LINE
8
WALL
10
75400
20
9925
30
0
11
75400
21
10050
31
0
0
LINE
8
WALL
10
75400
20
10050
30
0
11
72500
21
10050
31
0
0
LINE
8
WALL
10
72500
20
10050
30
0
11
72500
21
9925
31
0
0
SOLID
8
WALL
10
76250
20
9925
30
0
11
78050
21
9925
31
0
12
76250
22
10050
32
0
13
78050
23
10050
33
0
0
LINE
8
WALL
10
76250
20
9925
30
0
11
78050
21
9925
31
0
0
LINE
8
WALL
10
78050
20
9925
30
0
11
78050
21
10050
31
0
0
LINE
8
WALL
10
78050
20
10050
30
0
11
76250
21
10050
31
0
0
LINE
8
WALL
10
76250
20
10050
30
0
11
76250
21
9925
31
0
0
SOLID
8
WALL
10
73925
20
10000
30
0
11
74050
21
10000
31
0
12
73925
22
15000
32
0
13
74050
23
15000
33
0
0
LINE
8
WALL
10
73925
20
10000
30
0
11
74050
21
10000
31
0
0
LINE
8
WALL
10
74050
20
10000
30
0
11
74050
21
15000
31
0
0
LINE
8
WALL
10
74050
20
15000
30
0
11
73925
21
15000
31
0
0
LINE
8
WALL
10
73925
20
15000
30
0
11
73925
21
10000
31
0
0
SOLID
8
WALL
10
69925
20
10000
30
0
11
70050
21
10000
31
0
12
69925
22
15000
32
0
13
70050
23
15000
33
0
0
LINE
8
WALL
10
69925
20
10000
30
0
11
70050
21
10000
31
0
0
LINE
8
WALL
10
70050
20
10000
30
0
11
70050
21
15000
31
0
0
LINE
8
WALL
10
70050
20
15000
30
0
11
69925
21
15000
31
0
0
LINE
8
WALL
10
69925
20
15000
30
0
11
69925
21
10000
31
0
0
SOLID
8
WALL
10
76125
20
9350
30
0
11
76250
21
9350
31
0
12
76125
22
9925
32
0
13
76250
23
9925
33
0
0
LINE
8
WALL
10
76125
20
9350
30
0
11
76250
21
9350
31
0
0
LINE
8
WALL
10
76250
20
9350
30
0
11
76250
21
9925
31
0
0
LINE
8
WALL
10
76250
20
9925
30
0
11
76125
21
9925
31
0
0
LINE
8
WALL
10
76125
20
9925
30
0
11
76125
21
9350
31
0
0
SOLID
8
WALL
10
76125
20
8175
30
0
11
76250
21
8175
31
0
12
76125
22
8600
32
0
13
76250
23
8600
33
0
0
LINE
8
WALL
10
76125
20
8175
30
0
11
76250
21
8175
31
0
0
LINE
8
WALL
10
76250
20
8175
30
0
11
76250
21
8600
31
0
0
LINE
8
WALL
10
76250
20
8600
30
0
11
76125
21
8600
31
0
0
LINE
8
WALL
10
76125
20
8600
30
0
11
76125
21
8175
31
0
0
SOLID
8
WALL
10
76125
20
8125
30
0
11
77925
21
8125
31
0
12
76125
22
8250
32
0
13
77925
23
8250
33
0
0
LINE
8
WALL
10
76125
20
8125
30
0
11
77925
21
8125
31
0
0
LINE
8
WALL
10
77925
20
8125
30
0
11
77925
21
8250
31
0
0
LINE
8
WALL
10
77925
20
8250
30
0
11
76125
21
8250
31
0
0
LINE
8
WALL
10
76125
20
8250
30
0
11
76125
21
8125
31
0
0
SOLID
8
WALL
10
68300
20
12000
30
0
11
68425
21
12000
31
0
12
68300
22
15000
32
0
13
68425
23
15000
33
0
0
LINE
8
WALL
10
68300
20
12000
30
0
11
68425
21
12000
31
0
0
LINE
8
WALL
10
68425
20
12000
30
0
11
68425
21
15000
31
0
0
LINE
8
WALL
10
68425
20
15000
30
0
11
68300
21
15000
31
0
0
LINE
8
WALL
10
68300
20
15000
30
0
11
68300
21
12000
31
0
0
SOLID
8
WALL
10
66000
20
12000
30
0
11
68425
21
12000
31
0
12
66000
22
12125
32
0
13
68425
23
12125
33
0
0
LINE
8
WALL
10
66000
20
12000
30
0
11
68425
21
12000
31
0
0
LINE
8
WALL
10
68425
20
12000
30
0
11
68425
21
12125
31
0
0
LINE
8
WALL
10
68425
20
12125
30
0
11
66000
21
12125
31
0
0
LINE
8
WALL
10
66000
20
12125
30
0
11
66000
21
12000
31
0
0
SOLID
8
WALL
10
68375
20
13325
30
0
11
69925
21
13325
31
0
12
68375
22
13450
32
0
13
69925
23
13450
33
0
0
LINE
8
WALL
10
68375
20
13325
30
0
11
69925
21
13325
31
0
0
LINE
8
WALL
10
69925
20
13325
30
0
11
69925
21
13450
31
0
0
LINE
8
WALL
10
69925
20
13450
30
0
11
68375
21
13450
31
0
0
LINE
8
WALL
10
68375
20
13450
30
0
11
68375
21
13325
31
0
0
SOLID
8
WALL
10
79250
20
11150
30
0
11
79350
21
11150
31
0
12
79250
22
15000
32
0
13
79350
23
15000
33
0
0
LINE
8
WALL
10
79250
20
11150
30
0
11
79350
21
11150
31
0
0
LINE
8
WALL
10
79350
20
11150
30
0
11
79350
21
15000
31
0
0
LINE
8
WALL
10
79350
20
15000
30
0
11
79250
21
15000
31
0
0
LINE
8
WALL
10
79250
20
15000
30
0
11
79250
21
11150
31
0
0
SOLID
8
WALL
10
81100
20
6650
30
0
11
81700
21
6650
31
0
12
81100
22
6700
32
0
13
81700
23
6700
33
0
0
LINE
8
WALL
10
81100
20
6650
30
0
11
81700
21
6650
31
0
0
LINE
8
WALL
10
81700
20
6650
30
0
11
81700
21
6700
31
0
0
LINE
8
WALL
10
81700
20
6700
30
0
11
81100
21
6700
31
0
0
LINE
8
WALL
10
81100
20
6700
30
0
11
81100
21
6650
31
0
0
SOLID
8
WALL
10
81100
20
6225
30
0
11
81700
21
6225
31
0
12
81100
22
6275
32
0
13
81700
23
6275
33
0
0
LINE
8
WALL
10
81100
20
6225
30
0
11
81700
21
6225
31
0
0
LINE
8
WALL
10
81700
20
6225
30
0
11
81700
21
6275
31
0
0
LINE
8
WALL
10
81700
20
6275
30
0
11
81100
21
6275
31
0
0
LINE
8
WALL
10
81100
20
6275
30
0
11
81100
21
6225
31
0
0
SOLID
8
WALL
10
81100
20
5800
30
0
11
81700
21
5800
31
0
12
81100
22
5850
32
0
13
81700
23
5850
33
0
0
LINE
8
WALL
10
81100
20
5800
30
0
11
81700
21
5800
31
0
0
LINE
8
WALL
10
81700
20
5800
30
0
11
81700
21
5850
31
0
0
LINE
8
WALL
10
81700
20
5850
30
0
11
81100
21
5850
31
0
0
LINE
8
WALL
10
81100
20
5850
30
0
11
81100
21
5800
31
0
0
SOLID
8
WALL
10
79300
20
14975
30
0
11
81750
21
14975
31
0
12
79300
22
15100
32
0
13
81750
23
15100
33
0
0
LINE
8
WALL
10
79300
20
14975
30
0
11
81750
21
14975
31
0
0
LINE
8
WALL
10
81750
20
14975
30
0
11
81750
21
15100
31
0
0
LINE
8
WALL
10
81750
20
15100
30
0
11
79300
21
15100
31
0
0
LINE
8
WALL
10
79300
20
15100
30
0
11
79300
21
14975
31
0
0
LINE
8
WINDOW
10
87900
20
17700
30
0
11
104100
21
17700
31
0
0
LINE
8
WINDOW
10
104100
20
17700
30
0
11
104100
21
17400
31
0
0
LINE
8
WINDOW
10
104100
20
17400
30
0
11
87900
21
17400
31
0
0
LINE
8
WINDOW
10
87900
20
17400
30
0
11
87900
21
17700
31
0
0
LINE
8
WINDOW
10
87900
20
17400
30
0
11
104100
21
17400
31
0
0
LINE
8
WINDOW
10
104100
20
17400
30
0
11
104100
21
13875
31
0
0
LINE
8
WINDOW
10
104100
20
13875
30
0
11
87900
21
13875
31
0
0
LINE
8
WINDOW
10
87900
20
13875
30
0
11
87900
21
17400
31
0
0
LINE
8
WINDOW
10
88500
20
16950
30
0
11
103600
21
16950
31
0
0
LINE
8
WINDOW
10
103600
20
16950
30
0
11
103600
21
15300
31
0
0
LINE
8
WINDOW
10
103600
20
15300
30
0
11
88500
21
15300
31
0
0
LINE
8
WINDOW
10
88500
20
15300
30
0
11
88500
21
16950
31
0
0
LINE
8
WINDOW
10
101100
20
16950
30
0
11
101100
21
15300
31
0
0
LINE
8
WINDOW
10
98600
20
16950
30
0
11
98600
21
15300
31
0
0
LINE
8
WINDOW
10
96100
20
16950
30
0
11
96100
21
15300
31
0
0
LINE
8
WINDOW
10
93600
20
16950
30
0
11
93600
21
15300
31
0
0
LINE
8
WINDOW
10
91100
20
16950
30
0
11
91100
21
15300
31
0
0
LINE
8
FURN
10
87900
20
15200
30
0
11
104100
21
15200
31
0
0
LINE
8
FURN
10
104100
20
15200
30
0
11
104100
21
14100
31
0
0
LINE
8
FURN
10
104100
20
14100
30
0
11
87900
21
14100
31
0
0
LINE
8
FURN
10
87900
20
14100
30
0
11
87900
21
15200
31
0
0
LINE
8
FURN
10
104100
20
15200
30
0
11
87900
21
15200
31
0
0
LINE
8
FURN
10
102400
20
15200
30
0
11
102400
21
14100
31
0
0
LINE
8
FURN
10
100800
20
15200
30
0
11
100800
21
14100
31
0
0
LINE
8
FURN
10
99200
20
15200
30
0
11
99200
21
14100
31
0
0
LINE
8
FURN
10
97600
20
15200
30
0
11
97600
21
14100
31
0
0
LINE
8
FURN
10
96000
20
15200
30
0
11
96000
21
14100
31
0
0
LINE
8
FURN
10
94400
20
15200
30
0
11
94400
21
14100
31
0
0
LINE
8
FURN
10
92800
20
15200
30
0
11
92800
21
14100
31
0
0
LINE
8
FURN
10
91200
20
15200
30
0
11
91200
21
14100
31
0
0
LINE
8
FURN
10
89600
20
15200
30
0
11
89600
21
14100
31
0
0
LINE
8
WINDOW
10
87900
20
13875
30
0
11
104100
21
13875
31
0
0
LINE
8
WINDOW
10
104100
20
13875
30
0
11
104100
21
10575
31
0
0
LINE
8
WINDOW
10
104100
20
10575
30
0
11
87900
21
10575
31
0
0
LINE
8
WINDOW
10
87900
20
10575
30
0
11
87900
21
13875
31
0
0
LINE
8
WINDOW
10
88500
20
13650
30
0
11
103600
21
13650
31
0
0
LINE
8
WINDOW
10
103600
20
13650
30
0
11
103600
21
12000
31
0
0
LINE
8
WINDOW
10
103600
20
12000
30
0
11
88500
21
12000
31
0
0
LINE
8
WINDOW
10
88500
20
12000
30
0
11
88500
21
13650
31
0
0
LINE
8
WINDOW
10
101100
20
13650
30
0
11
101100
21
12000
31
0
0
LINE
8
WINDOW
10
98600
20
13650
30
0
11
98600
21
12000
31
0
0
LINE
8
WINDOW
10
96100
20
13650
30
0
11
96100
21
12000
31
0
0
LINE
8
WINDOW
10
93600
20
13650
30
0
11
93600
21
12000
31
0
0
LINE
8
WINDOW
10
91100
20
13650
30
0
11
91100
21
12000
31
0
0
LINE
8
FURN
10
87900
20
11900
30
0
11
104100
21
11900
31
0
0
LINE
8
FURN
10
104100
20
11900
30
0
11
104100
21
10800
31
0
0
LINE
8
FURN
10
104100
20
10800
30
0
11
87900
21
10800
31
0
0
LINE
8
FURN
10
87900
20
10800
30
0
11
87900
21
11900
31
0
0
LINE
8
FURN
10
104100
20
11900
30
0
11
87900
21
11900
31
0
0
LINE
8
FURN
10
102400
20
11900
30
0
11
102400
21
10800
31
0
0
LINE
8
FURN
10
100800
20
11900
30
0
11
100800
21
10800
31
0
0
LINE
8
FURN
10
99200
20
11900
30
0
11
99200
21
10800
31
0
0
LINE
8
FURN
10
97600
20
11900
30
0
11
97600
21
10800
31
0
0
LINE
8
FURN
10
96000
20
11900
30
0
11
96000
21
10800
31
0
0
LINE
8
FURN
10
94400
20
11900
30
0
11
94400
21
10800
31
0
0
LINE
8
FURN
10
92800
20
11900
30
0
11
92800
21
10800
31
0
0
LINE
8
FURN
10
91200
20
11900
30
0
11
91200
21
10800
31
0
0
LINE
8
FURN
10
89600
20
11900
30
0
11
89600
21
10800
31
0
0
LINE
8
WINDOW
10
88000
20
10575
30
0
11
104000
21
10575
31
0
0
LINE
8
WINDOW
10
104000
20
10575
30
0
11
104000
21
0
31
0
0
LINE
8
WINDOW
10
104000
20
0
30
0
11
88000
21
0
31
0
0
LINE
8
WINDOW
10
88000
20
0
30
0
11
88000
21
10575
31
0
0
LINE
8
FURN
10
99400
20
7500
30
0
11
88100
21
7500
31
0
0
LINE
8
WINDOW
10
101550
20
2800
30
0
11
103350
21
2800
31
0
0
LINE
8
WINDOW
10
103350
20
2800
30
0
11
103350
21
0
31
0
0
LINE
8
WINDOW
10
103350
20
0
30
0
11
101550
21
0
31
0
0
LINE
8
WINDOW
10
101550
20
0
30
0
11
101550
21
2800
31
0
0
LINE
8
WINDOW
10
102450
20
2800
30
0
11
102450
21
0
31
0
0
LINE
8
DECOR
10
99600
20
3300
30
0
11
100000
21
3300
31
0
0
LINE
8
DECOR
10
100000
20
3300
30
0
11
100000
21
1250
31
0
0
LINE
8
DECOR
10
100000
20
1250
30
0
11
99600
21
1250
31
0
0
LINE
8
DECOR
10
99600
20
1250
30
0
11
99600
21
3300
31
0
0
LINE
8
WINDOW
10
94600
20
3300
30
0
11
99200
21
3300
31
0
0
LINE
8
WINDOW
10
99200
20
3300
30
0
11
99200
21
0
31
0
0
LINE
8
WINDOW
10
99200
20
0
30
0
11
94600
21
0
31
0
0
LINE
8
WINDOW
10
94600
20
0
30
0
11
94600
21
3300
31
0
0
LINE
8
WINDOW
10
97500
20
3300
30
0
11
97500
21
0
31
0
0
LINE
8
WINDOW
10
95800
20
3300
30
0
11
95800
21
0
31
0
0
LINE
8
WINDOW
10
96350
20
2900
30
0
11
97350
21
2900
31
0
0
LINE
8
WINDOW
10
97350
20
2900
30
0
11
97350
21
0
31
0
0
LINE
8
WINDOW
10
97350
20
0
30
0
11
96350
21
0
31
0
0
LINE
8
WINDOW
10
96350
20
0
30
0
11
96350
21
2900
31
0
0
LINE
8
WINDOW
10
88200
20
3300
30
0
11
94200
21
3300
31
0
0
LINE
8
WINDOW
10
94200
20
3300
30
0
11
94200
21
0
31
0
0
LINE
8
WINDOW
10
94200
20
0
30
0
11
88200
21
0
31
0
0
LINE
8
WINDOW
10
88200
20
0
30
0
11
88200
21
3300
31
0
0
LINE
8
WINDOW
10
92200
20
3300
30
0
11
92200
21
0
31
0
0
LINE
8
WINDOW
10
90200
20
3300
30
0
11
90200
21
0
31
0
0
LINE
8
WINDOW
10
92600
20
2900
30
0
11
93600
21
2900
31
0
0
LINE
8
WINDOW
10
93600
20
2900
30
0
11
93600
21
0
31
0
0
LINE
8
WINDOW
10
93600
20
0
30
0
11
92600
21
0
31
0
0
LINE
8
WINDOW
10
92600
20
0
30
0
11
92600
21
2900
31
0
0
LINE
8
WINDOW
10
89450
20
2900
30
0
11
90450
21
2900
31
0
0
LINE
8
WINDOW
10
90450
20
2900
30
0
11
90450
21
0
31
0
0
LINE
8
WINDOW
10
90450
20
0
30
0
11
89450
21
0
31
0
0
LINE
8
WINDOW
10
89450
20
0
30
0
11
89450
21
2900
31
0
0
LINE
8
WINDOW
10
99600
20
7175
30
0
11
103700
21
7175
31
0
0
LINE
8
WINDOW
10
103700
20
7175
30
0
11
103700
21
4300
31
0
0
LINE
8
WINDOW
10
103700
20
4300
30
0
11
99600
21
4300
31
0
0
LINE
8
WINDOW
10
99600
20
4300
30
0
11
99600
21
7175
31
0
0
LINE
8
DECOR
10
103400
20
7075
30
0
11
103400
21
4300
31
0
0
LINE
8
DECOR
10
103100
20
7075
30
0
11
103100
21
4300
31
0
0
LINE
8
DECOR
10
102800
20
7075
30
0
11
102800
21
4300
31
0
0
LINE
8
DECOR
10
102500
20
7075
30
0
11
102500
21
4300
31
0
0
LINE
8
DECOR
10
102200
20
7075
30
0
11
102200
21
4300
31
0
0
LINE
8
DECOR
10
101900
20
7075
30
0
11
101900
21
4300
31
0
0
LINE
8
DECOR
10
101600
20
7075
30
0
11
101600
21
4300
31
0
0
LINE
8
DECOR
10
101300
20
7075
30
0
11
101300
21
4300
31
0
0
LINE
8
DECOR
10
101000
20
7075
30
0
11
101000
21
4300
31
0
0
LINE
8
DECOR
10
100700
20
7075
30
0
11
100700
21
4300
31
0
0
LINE
8
DECOR
10
100400
20
7075
30
0
11
100400
21
4300
31
0
0
LINE
8
DECOR
10
100100
20
7075
30
0
11
100100
21
4300
31
0
0
LINE
8
DECOR
10
99800
20
7075
30
0
11
99800
21
4300
31
0
0
LINE
8
WINDOW
10
96200
20
7200
30
0
11
98600
21
7200
31
0
0
LINE
8
WINDOW
10
98600
20
7200
30
0
11
98600
21
5200
31
0
0
LINE
8
WINDOW
10
98600
20
5200
30
0
11
96200
21
5200
31
0
0
LINE
8
WINDOW
10
96200
20
5200
30
0
11
96200
21
7200
31
0
0
LINE
8
WINDOW
10
97400
20
7200
30
0
11
97400
21
5200
31
0
0
LINE
8
WINDOW
10
92350
20
7200
30
0
11
94750
21
7200
31
0
0
LINE
8
WINDOW
10
94750
20
7200
30
0
11
94750
21
5200
31
0
0
LINE
8
WINDOW
10
94750
20
5200
30
0
11
92350
21
5200
31
0
0
LINE
8
WINDOW
10
92350
20
5200
30
0
11
92350
21
7200
31
0
0
LINE
8
WINDOW
10
93550
20
7200
30
0
11
93550
21
5200
31
0
0
LINE
8
WINDOW
10
88650
20
7200
30
0
11
91050
21
7200
31
0
0
LINE
8
WINDOW
10
91050
20
7200
30
0
11
91050
21
5200
31
0
0
LINE
8
WINDOW
10
91050
20
5200
30
0
11
88650
21
5200
31
0
0
LINE
8
WINDOW
10
88650
20
5200
30
0
11
88650
21
7200
31
0
0
LINE
8
WINDOW
10
89850
20
7200
30
0
11
89850
21
5200
31
0
0
LINE
8
WINDOW
10
96200
20
10300
30
0
11
98600
21
10300
31
0
0
LINE
8
WINDOW
10
98600
20
10300
30
0
11
98600
21
8500
31
0
0
LINE
8
WINDOW
10
98600
20
8500
30
0
11
96200
21
8500
31
0
0
LINE
8
WINDOW
10
96200
20
8500
30
0
11
96200
21
10300
31
0
0
LINE
8
WINDOW
10
97400
20
10300
30
0
11
97400
21
8500
31
0
0
LINE
8
WINDOW
10
92350
20
10300
30
0
11
94750
21
10300
31
0
0
LINE
8
WINDOW
10
94750
20
10300
30
0
11
94750
21
8500
31
0
0
LINE
8
WINDOW
10
94750
20
8500
30
0
11
92350
21
8500
31
0
0
LINE
8
WINDOW
10
92350
20
8500
30
0
11
92350
21
10300
31
0
0
LINE
8
WINDOW
10
93550
20
10300
30
0
11
93550
21
8500
31
0
0
LINE
8
WINDOW
10
88650
20
10300
30
0
11
91050
21
10300
31
0
0
LINE
8
WINDOW
10
91050
20
10300
30
0
11
91050
21
8500
31
0
0
LINE
8
WINDOW
10
91050
20
8500
30
0
11
88650
21
8500
31
0
0
LINE
8
WINDOW
10
88650
20
8500
30
0
11
88650
21
10300
31
0
0
LINE
8
WINDOW
10
89850
20
10300
30
0
11
89850
21
8500
31
0
0
LINE
8
FURN
10
87900
20
8600
30
0
11
104100
21
8600
31
0
0
LINE
8
FURN
10
104100
20
8600
30
0
11
104100
21
7500
31
0
0
LINE
8
FURN
10
104100
20
7500
30
0
11
87900
21
7500
31
0
0
LINE
8
FURN
10
87900
20
7500
30
0
11
87900
21
8600
31
0
0
LINE
8
FURN
10
104100
20
8600
30
0
11
87900
21
8600
31
0
0
LINE
8
FURN
10
102400
20
8600
30
0
11
102400
21
7500
31
0
0
LINE
8
FURN
10
100800
20
8600
30
0
11
100800
21
7500
31
0
0
LINE
8
FURN
10
99200
20
8600
30
0
11
99200
21
7500
31
0
0
LINE
8
FURN
10
97600
20
8600
30
0
11
97600
21
7500
31
0
0
LINE
8
FURN
10
96000
20
8600
30
0
11
96000
21
7500
31
0
0
LINE
8
FURN
10
94400
20
8600
30
0
11
94400
21
7500
31
0
0
LINE
8
FURN
10
92800
20
8600
30
0
11
92800
21
7500
31
0
0
LINE
8
FURN
10
91200
20
8600
30
0
11
91200
21
7500
31
0
0
LINE
8
FURN
10
89600
20
8600
30
0
11
89600
21
7500
31
0
0
LINE
8
HVAC
10
95175
20
7150
30
0
11
95775
21
7150
31
0
0
LINE
8
HVAC
10
95775
20
7150
30
0
11
95775
21
5250
31
0
0
LINE
8
HVAC
10
95775
20
5250
30
0
11
95175
21
5250
31
0
0
LINE
8
HVAC
10
95175
20
5250
30
0
11
95175
21
7150
31
0
0
LINE
8
HVAC
10
91375
20
7150
30
0
11
91975
21
7150
31
0
0
LINE
8
HVAC
10
91975
20
7150
30
0
11
91975
21
5250
31
0
0
LINE
8
HVAC
10
91975
20
5250
30
0
11
91375
21
5250
31
0
0
LINE
8
HVAC
10
91375
20
5250
30
0
11
91375
21
7150
31
0
0
LINE
8
HVAC
10
95775
20
6900
30
0
11
95175
21
6900
31
0
0
LINE
8
HVAC
10
95775
20
6600
30
0
11
95175
21
6600
31
0
0
LINE
8
HVAC
10
95775
20
6300
30
0
11
95175
21
6300
31
0
0
LINE
8
HVAC
10
95775
20
6000
30
0
11
95175
21
6000
31
0
0
LINE
8
HVAC
10
95775
20
5700
30
0
11
95175
21
5700
31
0
0
LINE
8
HVAC
10
95775
20
5400
30
0
11
95175
21
5400
31
0
0
LINE
8
HVAC
10
91975
20
6900
30
0
11
91375
21
6900
31
0
0
LINE
8
HVAC
10
91975
20
6600
30
0
11
91375
21
6600
31
0
0
LINE
8
HVAC
10
91975
20
6300
30
0
11
91375
21
6300
31
0
0
LINE
8
HVAC
10
91975
20
6000
30
0
11
91375
21
6000
31
0
0
LINE
8
HVAC
10
91975
20
5700
30
0
11
91375
21
5700
31
0
0
LINE
8
HVAC
10
91975
20
5400
30
0
11
91375
21
5400
31
0
0
LINE
8
HVAC
10
87900
20
14650
30
0
11
87100
21
14650
31
0
0
LINE
8
HVAC
10
87900
20
11350
30
0
11
87100
21
11350
31
0
0
LINE
8
HVAC
10
87900
20
8050
30
0
11
87100
21
8050
31
0
0
LINE
8
HVAC
10
87900
20
5700
30
0
11
87100
21
5700
31
0
0
LINE
8
FURN
10
87000
20
0
30
0
11
105500
21
0
31
0
0
LINE
8
FURN
10
87550
20
-25
30
0
11
87250
21
-300
31
0
0
LINE
8
FURN
10
88450
20
-25
30
0
11
88150
21
-300
31
0
0
LINE
8
FURN
10
89350
20
-25
30
0
11
89050
21
-300
31
0
0
LINE
8
FURN
10
90250
20
-25
30
0
11
89950
21
-300
31
0
0
LINE
8
FURN
10
91150
20
-25
30
0
11
90850
21
-300
31
0
0
LINE
8
FURN
10
92050
20
-25
30
0
11
91750
21
-300
31
0
0
LINE
8
FURN
10
92950
20
-25
30
0
11
92650
21
-300
31
0
0
LINE
8
FURN
10
93850
20
-25
30
0
11
93550
21
-300
31
0
0
LINE
8
FURN
10
94750
20
-25
30
0
11
94450
21
-300
31
0
0
LINE
8
FURN
10
95650
20
-25
30
0
11
95350
21
-300
31
0
0
LINE
8
FURN
10
96550
20
-25
30
0
11
96250
21
-300
31
0
0
LINE
8
FURN
10
97450
20
-25
30
0
11
97150
21
-300
31
0
0
LINE
8
FURN
10
98350
20
-25
30
0
11
98050
21
-300
31
0
0
LINE
8
FURN
10
99250
20
-25
30
0
11
98950
21
-300
31
0
0
LINE
8
FURN
10
100150
20
-25
30
0
11
99850
21
-300
31
0
0
LINE
8
FURN
10
101050
20
-25
30
0
11
100750
21
-300
31
0
0
LINE
8
FURN
10
101950
20
-25
30
0
11
101650
21
-300
31
0
0
LINE
8
FURN
10
102850
20
-25
30
0
11
102550
21
-300
31
0
0
LINE
8
FURN
10
103750
20
-25
30
0
11
103450
21
-300
31
0
0
LINE
8
FURN
10
104650
20
-25
30
0
11
104350
21
-300
31
0
0
CIRCLE
8
FURN
10
87350
20
1350
30
0
40
550
0
LINE
8
FURN
10
87350
20
800
30
0
11
87350
21
0
31
0
0
LINE
8
DIM
10
104050
20
0
30
0
11
104450
21
0
31
0
0
LINE
8
FURN
10
104450
20
0
30
0
11
104650
21
150
31
0
0
LINE
8
FURN
10
104650
20
150
30
0
11
104850
21
0
31
0
0
LINE
8
DIM
10
104050
20
4200
30
0
11
104450
21
4200
31
0
0
LINE
8
FURN
10
104450
20
4200
30
0
11
104650
21
4350
31
0
0
LINE
8
FURN
10
104650
20
4350
30
0
11
104850
21
4200
31
0
0
LINE
8
DIM
10
104050
20
7500
30
0
11
104450
21
7500
31
0
0
LINE
8
FURN
10
104450
20
7500
30
0
11
104650
21
7650
31
0
0
LINE
8
FURN
10
104650
20
7650
30
0
11
104850
21
7500
31
0
0
LINE
8
DIM
10
104050
20
10800
30
0
11
104450
21
10800
31
0
0
LINE
8
FURN
10
104450
20
10800
30
0
11
104650
21
10950
31
0
0
LINE
8
FURN
10
104650
20
10950
30
0
11
104850
21
10800
31
0
0
LINE
8
DIM
10
104050
20
14100
30
0
11
104450
21
14100
31
0
0
LINE
8
FURN
10
104450
20
14100
30
0
11
104650
21
14250
31
0
0
LINE
8
FURN
10
104650
20
14250
30
0
11
104850
21
14100
31
0
0
LINE
8
DIM
10
104050
20
17400
30
0
11
104450
21
17400
31
0
0
LINE
8
FURN
10
104450
20
17400
30
0
11
104650
21
17550
31
0
0
LINE
8
FURN
10
104650
20
17550
30
0
11
104850
21
17400
31
0
0
CIRCLE
8
WINDOW
10
91750
20
9400
30
0
40
225
0
CIRCLE
8
WINDOW
10
101650
20
5750
30
0
40
225
0
CIRCLE
8
WINDOW
10
97400
20
6200
30
0
40
225
0
CIRCLE
8
WINDOW
10
95750
20
11350
30
0
40
225
0
CIRCLE
8
WINDOW
10
98750
20
3750
30
0
40
225
0
CIRCLE
8
WINDOW
10
91750
20
1750
30
0
40
225
0
CIRCLE
8
WINDOW
10
93000
20
10800
30
0
40
225
0
LINE
8
DIM
10
88000
20
-700
30
0
11
104000
21
-700
31
0
0
LINE
8
DIM
10
87900
20
-800
30
0
11
88100
21
-600
31
0
0
LINE
8
DIM
10
103900
20
-800
30
0
11
104100
21
-600
31
0
0
SOLID
8
WALL
10
87800
20
13875
30
0
11
104200
21
13875
31
0
12
87800
22
14100
32
0
13
104200
23
14100
33
0
0
LINE
8
WALL
10
87800
20
13875
30
0
11
104200
21
13875
31
0
0
LINE
8
WALL
10
104200
20
13875
30
0
11
104200
21
14100
31
0
0
LINE
8
WALL
10
104200
20
14100
30
0
11
87800
21
14100
31
0
0
LINE
8
WALL
10
87800
20
14100
30
0
11
87800
21
13875
31
0
0
SOLID
8
WALL
10
87800
20
10575
30
0
11
104200
21
10575
31
0
12
87800
22
10800
32
0
13
104200
23
10800
33
0
0
LINE
8
WALL
10
87800
20
10575
30
0
11
104200
21
10575
31
0
0
LINE
8
WALL
10
104200
20
10575
30
0
11
104200
21
10800
31
0
0
LINE
8
WALL
10
104200
20
10800
30
0
11
87800
21
10800
31
0
0
LINE
8
WALL
10
87800
20
10800
30
0
11
87800
21
10575
31
0
0
SOLID
8
WALL
10
88000
20
3300
30
0
11
99400
21
3300
31
0
12
88000
22
4200
32
0
13
99400
23
4200
33
0
0
LINE
8
WALL
10
88000
20
3300
30
0
11
99400
21
3300
31
0
0
LINE
8
WALL
10
99400
20
3300
30
0
11
99400
21
4200
31
0
0
LINE
8
WALL
10
99400
20
4200
30
0
11
88000
21
4200
31
0
0
LINE
8
WALL
10
88000
20
4200
30
0
11
88000
21
3300
31
0
0
SOLID
8
WALL
10
101150
20
2900
30
0
11
103550
21
2900
31
0
12
101150
22
3100
32
0
13
103550
23
3100
33
0
0
LINE
8
WALL
10
101150
20
2900
30
0
11
103550
21
2900
31
0
0
LINE
8
WALL
10
103550
20
2900
30
0
11
103550
21
3100
31
0
0
LINE
8
WALL
10
103550
20
3100
30
0
11
101150
21
3100
31
0
0
LINE
8
WALL
10
101150
20
3100
30
0
11
101150
21
2900
31
0
0
SOLID
8
WALL
10
87800
20
7275
30
0
11
104200
21
7275
31
0
12
87800
22
7500
32
0
13
104200
23
7500
33
0
0
LINE
8
WALL
10
87800
20
7275
30
0
11
104200
21
7275
31
0
0
LINE
8
WALL
10
104200
20
7275
30
0
11
104200
21
7500
31
0
0
LINE
8
WALL
10
104200
20
7500
30
0
11
87800
21
7500
31
0
0
LINE
8
WALL
10
87800
20
7500
30
0
11
87800
21
7275
31
0
0
LINE
8
DIM
10
126000
20
-2000
30
0
11
126000
21
20500
31
0
0
LINE
8
DIM
10
122000
20
-2000
30
0
11
122000
21
20500
31
0
0
LINE
8
DIM
10
118000
20
-2000
30
0
11
118000
21
15500
31
0
0
LINE
8
DIM
10
114000
20
-2000
30
0
11
114000
21
15500
31
0
0
LINE
8
DIM
10
110000
20
-2000
30
0
11
110000
21
15500
31
0
0
LINE
8
DIM
10
126450
20
0
30
0
11
109550
21
0
31
0
0
LINE
8
DIM
10
126450
20
5000
30
0
11
109550
21
5000
31
0
0
LINE
8
DIM
10
126450
20
10000
30
0
11
109550
21
10000
31
0
0
LINE
8
DIM
10
126450
20
15000
30
0
11
109550
21
15000
31
0
0
LINE
8
BEAM
10
126000
20
0
30
0
11
126000
21
-1450
31
0
0
LINE
8
BEAM
10
122000
20
0
30
0
11
122000
21
-1450
31
0
0
LINE
8
BEAM
10
118000
20
0
30
0
11
118000
21
-1450
31
0
0
LINE
8
BEAM
10
114000
20
0
30
0
11
114000
21
-1450
31
0
0
LINE
8
BEAM
10
110000
20
0
30
0
11
110000
21
-1450
31
0
0
LINE
8
BEAM
10
126000
20
-1450
30
0
11
110000
21
-1450
31
0
0
LINE
8
BEAM
10
118000
20
15000
30
0
11
118000
21
16450
31
0
0
LINE
8
BEAM
10
114000
20
15000
30
0
11
114000
21
16450
31
0
0
LINE
8
BEAM
10
110000
20
15000
30
0
11
110000
21
16450
31
0
0
LINE
8
BEAM
10
118000
20
16450
30
0
11
110000
21
16450
31
0
0
LINE
8
BEAM
10
110000
20
4000
30
0
11
108700
21
4000
31
0
0
LINE
8
BEAM
10
110000
20
2250
30
0
11
108700
21
2250
31
0
0
LINE
8
BEAM
10
110000
20
500
30
0
11
108700
21
500
31
0
0
LINE
8
BEAM
10
108700
20
4500
30
0
11
108700
21
250
31
0
0
LINE
8
WALL
10
123350
20
15000
30
0
11
125650
21
15000
31
0
0
LINE
8
WALL
10
125650
20
15000
30
0
11
125650
21
11150
31
0
0
LINE
8
WALL
10
125650
20
11150
30
0
11
123350
21
11150
31
0
0
LINE
8
WALL
10
123350
20
11150
30
0
11
123350
21
15000
31
0
0
LINE
8
WALL
10
125650
20
15000
30
0
11
123350
21
11150
31
0
0
LINE
8
WALL
10
123350
20
15000
30
0
11
125650
21
11150
31
0
0
LINE
8
WALL
10
123350
20
10050
30
0
11
125750
21
10050
31
0
0
LINE
8
WALL
10
125750
20
10050
30
0
11
125750
21
7650
31
0
0
LINE
8
WALL
10
125750
20
7650
30
0
11
123350
21
7650
31
0
0
LINE
8
WALL
10
123350
20
7650
30
0
11
123350
21
10050
31
0
0
LINE
8
WALL
10
125750
20
10050
30
0
11
123350
21
7650
31
0
0
LINE
8
WALL
10
123350
20
10050
30
0
11
125750
21
7650
31
0
0
LINE
8
BEAM
10
126000
20
6700
30
0
11
110000
21
6700
31
0
0
LINE
8
BEAM
10
122000
20
8500
30
0
11
110000
21
8500
31
0
0
LINE
8
BEAM
10
123250
20
15000
30
0
11
123250
21
7650
31
0
0
LINE
8
BEAM
10
126000
20
11150
30
0
11
123250
21
11150
31
0
0
LINE
8
BEAM
10
126000
20
10050
30
0
11
123250
21
10050
31
0
0
LINE
8
BEAM
10
126000
20
0
30
0
11
110000
21
0
31
0
0
LINE
8
BEAM
10
126000
20
5000
30
0
11
110000
21
5000
31
0
0
LINE
8
BEAM
10
126000
20
10000
30
0
11
110000
21
10000
31
0
0
LINE
8
BEAM
10
126000
20
15000
30
0
11
110000
21
15000
31
0
0
LINE
8
BEAM
10
126000
20
20000
30
0
11
122000
21
20000
31
0
0
LINE
8
BEAM
10
126000
20
0
30
0
11
126000
21
20000
31
0
0
LINE
8
BEAM
10
122000
20
0
30
0
11
122000
21
20000
31
0
0
LINE
8
BEAM
10
118000
20
0
30
0
11
118000
21
15000
31
0
0
LINE
8
BEAM
10
114000
20
0
30
0
11
114000
21
15000
31
0
0
LINE
8
BEAM
10
110000
20
0
30
0
11
110000
21
15000
31
0
0
LINE
8
FURN
10
116000
20
3000
30
0
11
116000
21
500
31
0
0
LINE
8
FURN
10
116100
20
2850
30
0
11
116000
21
3000
31
0
0
LINE
8
FURN
10
116000
20
3000
30
0
11
115900
21
2850
31
0
0
LINE
8
FURN
10
116100
20
650
30
0
11
116000
21
500
31
0
0
LINE
8
FURN
10
116000
20
500
30
0
11
115900
21
650
31
0
0
LINE
8
FURN
10
117000
20
1750
30
0
11
115000
21
1750
31
0
0
LINE
8
FURN
10
116850
20
1850
30
0
11
117000
21
1750
31
0
0
LINE
8
FURN
10
117000
20
1750
30
0
11
116850
21
1650
31
0
0
LINE
8
FURN
10
115150
20
1850
30
0
11
115000
21
1750
31
0
0
LINE
8
FURN
10
115000
20
1750
30
0
11
115150
21
1650
31
0
0
SOLID
8
COLUMN
10
125775
20
-225
30
0
11
126225
21
-225
31
0
12
125775
22
225
32
0
13
126225
23
225
33
0
0
LINE
8
COLUMN
10
125775
20
-225
30
0
11
126225
21
-225
31
0
0
LINE
8
COLUMN
10
126225
20
-225
30
0
11
126225
21
225
31
0
0
LINE
8
COLUMN
10
126225
20
225
30
0
11
125775
21
225
31
0
0
LINE
8
COLUMN
10
125775
20
225
30
0
11
125775
21
-225
31
0
0
SOLID
8
COLUMN
10
121775
20
-225
30
0
11
122225
21
-225
31
0
12
121775
22
225
32
0
13
122225
23
225
33
0
0
LINE
8
COLUMN
10
121775
20
-225
30
0
11
122225
21
-225
31
0
0
LINE
8
COLUMN
10
122225
20
-225
30
0
11
122225
21
225
31
0
0
LINE
8
COLUMN
10
122225
20
225
30
0
11
121775
21
225
31
0
0
LINE
8
COLUMN
10
121775
20
225
30
0
11
121775
21
-225
31
0
0
SOLID
8
COLUMN
10
117775
20
-225
30
0
11
118225
21
-225
31
0
12
117775
22
225
32
0
13
118225
23
225
33
0
0
LINE
8
COLUMN
10
117775
20
-225
30
0
11
118225
21
-225
31
0
0
LINE
8
COLUMN
10
118225
20
-225
30
0
11
118225
21
225
31
0
0
LINE
8
COLUMN
10
118225
20
225
30
0
11
117775
21
225
31
0
0
LINE
8
COLUMN
10
117775
20
225
30
0
11
117775
21
-225
31
0
0
SOLID
8
COLUMN
10
113775
20
-225
30
0
11
114225
21
-225
31
0
12
113775
22
225
32
0
13
114225
23
225
33
0
0
LINE
8
COLUMN
10
113775
20
-225
30
0
11
114225
21
-225
31
0
0
LINE
8
COLUMN
10
114225
20
-225
30
0
11
114225
21
225
31
0
0
LINE
8
COLUMN
10
114225
20
225
30
0
11
113775
21
225
31
0
0
LINE
8
COLUMN
10
113775
20
225
30
0
11
113775
21
-225
31
0
0
SOLID
8
COLUMN
10
109775
20
-225
30
0
11
110225
21
-225
31
0
12
109775
22
225
32
0
13
110225
23
225
33
0
0
LINE
8
COLUMN
10
109775
20
-225
30
0
11
110225
21
-225
31
0
0
LINE
8
COLUMN
10
110225
20
-225
30
0
11
110225
21
225
31
0
0
LINE
8
COLUMN
10
110225
20
225
30
0
11
109775
21
225
31
0
0
LINE
8
COLUMN
10
109775
20
225
30
0
11
109775
21
-225
31
0
0
SOLID
8
COLUMN
10
125775
20
4775
30
0
11
126225
21
4775
31
0
12
125775
22
5225
32
0
13
126225
23
5225
33
0
0
LINE
8
COLUMN
10
125775
20
4775
30
0
11
126225
21
4775
31
0
0
LINE
8
COLUMN
10
126225
20
4775
30
0
11
126225
21
5225
31
0
0
LINE
8
COLUMN
10
126225
20
5225
30
0
11
125775
21
5225
31
0
0
LINE
8
COLUMN
10
125775
20
5225
30
0
11
125775
21
4775
31
0
0
SOLID
8
COLUMN
10
121775
20
4775
30
0
11
122225
21
4775
31
0
12
121775
22
5225
32
0
13
122225
23
5225
33
0
0
LINE
8
COLUMN
10
121775
20
4775
30
0
11
122225
21
4775
31
0
0
LINE
8
COLUMN
10
122225
20
4775
30
0
11
122225
21
5225
31
0
0
LINE
8
COLUMN
10
122225
20
5225
30
0
11
121775
21
5225
31
0
0
LINE
8
COLUMN
10
121775
20
5225
30
0
11
121775
21
4775
31
0
0
SOLID
8
COLUMN
10
117775
20
4775
30
0
11
118225
21
4775
31
0
12
117775
22
5225
32
0
13
118225
23
5225
33
0
0
LINE
8
COLUMN
10
117775
20
4775
30
0
11
118225
21
4775
31
0
0
LINE
8
COLUMN
10
118225
20
4775
30
0
11
118225
21
5225
31
0
0
LINE
8
COLUMN
10
118225
20
5225
30
0
11
117775
21
5225
31
0
0
LINE
8
COLUMN
10
117775
20
5225
30
0
11
117775
21
4775
31
0
0
SOLID
8
COLUMN
10
113775
20
4775
30
0
11
114225
21
4775
31
0
12
113775
22
5225
32
0
13
114225
23
5225
33
0
0
LINE
8
COLUMN
10
113775
20
4775
30
0
11
114225
21
4775
31
0
0
LINE
8
COLUMN
10
114225
20
4775
30
0
11
114225
21
5225
31
0
0
LINE
8
COLUMN
10
114225
20
5225
30
0
11
113775
21
5225
31
0
0
LINE
8
COLUMN
10
113775
20
5225
30
0
11
113775
21
4775
31
0
0
SOLID
8
COLUMN
10
109775
20
4775
30
0
11
110225
21
4775
31
0
12
109775
22
5225
32
0
13
110225
23
5225
33
0
0
LINE
8
COLUMN
10
109775
20
4775
30
0
11
110225
21
4775
31
0
0
LINE
8
COLUMN
10
110225
20
4775
30
0
11
110225
21
5225
31
0
0
LINE
8
COLUMN
10
110225
20
5225
30
0
11
109775
21
5225
31
0
0
LINE
8
COLUMN
10
109775
20
5225
30
0
11
109775
21
4775
31
0
0
SOLID
8
COLUMN
10
125775
20
9775
30
0
11
126225
21
9775
31
0
12
125775
22
10225
32
0
13
126225
23
10225
33
0
0
LINE
8
COLUMN
10
125775
20
9775
30
0
11
126225
21
9775
31
0
0
LINE
8
COLUMN
10
126225
20
9775
30
0
11
126225
21
10225
31
0
0
LINE
8
COLUMN
10
126225
20
10225
30
0
11
125775
21
10225
31
0
0
LINE
8
COLUMN
10
125775
20
10225
30
0
11
125775
21
9775
31
0
0
SOLID
8
COLUMN
10
121775
20
9775
30
0
11
122225
21
9775
31
0
12
121775
22
10225
32
0
13
122225
23
10225
33
0
0
LINE
8
COLUMN
10
121775
20
9775
30
0
11
122225
21
9775
31
0
0
LINE
8
COLUMN
10
122225
20
9775
30
0
11
122225
21
10225
31
0
0
LINE
8
COLUMN
10
122225
20
10225
30
0
11
121775
21
10225
31
0
0
LINE
8
COLUMN
10
121775
20
10225
30
0
11
121775
21
9775
31
0
0
SOLID
8
COLUMN
10
117775
20
9775
30
0
11
118225
21
9775
31
0
12
117775
22
10225
32
0
13
118225
23
10225
33
0
0
LINE
8
COLUMN
10
117775
20
9775
30
0
11
118225
21
9775
31
0
0
LINE
8
COLUMN
10
118225
20
9775
30
0
11
118225
21
10225
31
0
0
LINE
8
COLUMN
10
118225
20
10225
30
0
11
117775
21
10225
31
0
0
LINE
8
COLUMN
10
117775
20
10225
30
0
11
117775
21
9775
31
0
0
SOLID
8
COLUMN
10
113775
20
9775
30
0
11
114225
21
9775
31
0
12
113775
22
10225
32
0
13
114225
23
10225
33
0
0
LINE
8
COLUMN
10
113775
20
9775
30
0
11
114225
21
9775
31
0
0
LINE
8
COLUMN
10
114225
20
9775
30
0
11
114225
21
10225
31
0
0
LINE
8
COLUMN
10
114225
20
10225
30
0
11
113775
21
10225
31
0
0
LINE
8
COLUMN
10
113775
20
10225
30
0
11
113775
21
9775
31
0
0
SOLID
8
COLUMN
10
109775
20
9775
30
0
11
110225
21
9775
31
0
12
109775
22
10225
32
0
13
110225
23
10225
33
0
0
LINE
8
COLUMN
10
109775
20
9775
30
0
11
110225
21
9775
31
0
0
LINE
8
COLUMN
10
110225
20
9775
30
0
11
110225
21
10225
31
0
0
LINE
8
COLUMN
10
110225
20
10225
30
0
11
109775
21
10225
31
0
0
LINE
8
COLUMN
10
109775
20
10225
30
0
11
109775
21
9775
31
0
0
SOLID
8
COLUMN
10
125775
20
14775
30
0
11
126225
21
14775
31
0
12
125775
22
15225
32
0
13
126225
23
15225
33
0
0
LINE
8
COLUMN
10
125775
20
14775
30
0
11
126225
21
14775
31
0
0
LINE
8
COLUMN
10
126225
20
14775
30
0
11
126225
21
15225
31
0
0
LINE
8
COLUMN
10
126225
20
15225
30
0
11
125775
21
15225
31
0
0
LINE
8
COLUMN
10
125775
20
15225
30
0
11
125775
21
14775
31
0
0
SOLID
8
COLUMN
10
121775
20
14775
30
0
11
122225
21
14775
31
0
12
121775
22
15225
32
0
13
122225
23
15225
33
0
0
LINE
8
COLUMN
10
121775
20
14775
30
0
11
122225
21
14775
31
0
0
LINE
8
COLUMN
10
122225
20
14775
30
0
11
122225
21
15225
31
0
0
LINE
8
COLUMN
10
122225
20
15225
30
0
11
121775
21
15225
31
0
0
LINE
8
COLUMN
10
121775
20
15225
30
0
11
121775
21
14775
31
0
0
SOLID
8
COLUMN
10
117775
20
14775
30
0
11
118225
21
14775
31
0
12
117775
22
15225
32
0
13
118225
23
15225
33
0
0
LINE
8
COLUMN
10
117775
20
14775
30
0
11
118225
21
14775
31
0
0
LINE
8
COLUMN
10
118225
20
14775
30
0
11
118225
21
15225
31
0
0
LINE
8
COLUMN
10
118225
20
15225
30
0
11
117775
21
15225
31
0
0
LINE
8
COLUMN
10
117775
20
15225
30
0
11
117775
21
14775
31
0
0
SOLID
8
COLUMN
10
113775
20
14775
30
0
11
114225
21
14775
31
0
12
113775
22
15225
32
0
13
114225
23
15225
33
0
0
LINE
8
COLUMN
10
113775
20
14775
30
0
11
114225
21
14775
31
0
0
LINE
8
COLUMN
10
114225
20
14775
30
0
11
114225
21
15225
31
0
0
LINE
8
COLUMN
10
114225
20
15225
30
0
11
113775
21
15225
31
0
0
LINE
8
COLUMN
10
113775
20
15225
30
0
11
113775
21
14775
31
0
0
SOLID
8
COLUMN
10
109775
20
14775
30
0
11
110225
21
14775
31
0
12
109775
22
15225
32
0
13
110225
23
15225
33
0
0
LINE
8
COLUMN
10
109775
20
14775
30
0
11
110225
21
14775
31
0
0
LINE
8
COLUMN
10
110225
20
14775
30
0
11
110225
21
15225
31
0
0
LINE
8
COLUMN
10
110225
20
15225
30
0
11
109775
21
15225
31
0
0
LINE
8
COLUMN
10
109775
20
15225
30
0
11
109775
21
14775
31
0
0
SOLID
8
COLUMN
10
125775
20
19775
30
0
11
126225
21
19775
31
0
12
125775
22
20225
32
0
13
126225
23
20225
33
0
0
LINE
8
COLUMN
10
125775
20
19775
30
0
11
126225
21
19775
31
0
0
LINE
8
COLUMN
10
126225
20
19775
30
0
11
126225
21
20225
31
0
0
LINE
8
COLUMN
10
126225
20
20225
30
0
11
125775
21
20225
31
0
0
LINE
8
COLUMN
10
125775
20
20225
30
0
11
125775
21
19775
31
0
0
SOLID
8
COLUMN
10
121775
20
19775
30
0
11
122225
21
19775
31
0
12
121775
22
20225
32
0
13
122225
23
20225
33
0
0
LINE
8
COLUMN
10
121775
20
19775
30
0
11
122225
21
19775
31
0
0
LINE
8
COLUMN
10
122225
20
19775
30
0
11
122225
21
20225
31
0
0
LINE
8
COLUMN
10
122225
20
20225
30
0
11
121775
21
20225
31
0
0
LINE
8
COLUMN
10
121775
20
20225
30
0
11
121775
21
19775
31
0
0
CIRCLE
8
DIM
10
110000
20
-1900
30
0
40
275
0
CIRCLE
8
DIM
10
114000
20
-1900
30
0
40
275
0
CIRCLE
8
DIM
10
118000
20
-1900
30
0
40
275
0
CIRCLE
8
DIM
10
122000
20
-1900
30
0
40
275
0
CIRCLE
8
DIM
10
126000
20
-1900
30
0
40
275
0
CIRCLE
8
DIM
10
109550
20
0
30
0
40
275
0
CIRCLE
8
DIM
10
109550
20
5000
30
0
40
275
0
CIRCLE
8
DIM
10
109550
20
10000
30
0
40
275
0
CIRCLE
8
DIM
10
109550
20
15000
30
0
40
275
0
LINE
8
HVAC
10
122150
20
10625
30
0
11
123200
21
10625
31
0
0
LINE
8
HVAC
10
118450
20
10200
30
0
11
119250
21
10850
31
0
0
LINE
8
DIM
10
126000
20
20000
30
0
11
126850
21
20000
31
0
0
LINE
8
DIM
10
126000
20
15000
30
0
11
126850
21
15000
31
0
0
LINE
8
DIM
10
126700
20
20000
30
0
11
126700
21
15000
31
0
0
LINE
8
DIM
10
126600
20
19900
30
0
11
126800
21
20100
31
0
0
LINE
8
DIM
10
126600
20
14900
30
0
11
126800
21
15100
31
0
0
LINE
8
DIM
10
122000
20
20000
30
0
11
122000
21
20650
31
0
0
LINE
8
DIM
10
126000
20
20000
30
0
11
126000
21
20650
31
0
0
LINE
8
DIM
10
122000
20
20500
30
0
11
126000
21
20500
31
0
0
LINE
8
DIM
10
121900
20
20400
30
0
11
122100
21
20600
31
0
0
LINE
8
DIM
10
125900
20
20400
30
0
11
126100
21
20600
31
0
0
LINE
8
DIM
10
110000
20
-1450
30
0
11
110000
21
-3200
31
0
0
LINE
8
DIM
10
114000
20
-1450
30
0
11
114000
21
-2850
31
0
0
LINE
8
DIM
10
118000
20
-1450
30
0
11
118000
21
-2850
31
0
0
LINE
8
DIM
10
122000
20
-1450
30
0
11
122000
21
-2850
31
0
0
LINE
8
DIM
10
126000
20
-1450
30
0
11
126000
21
-3200
31
0
0
LINE
8
DIM
10
110000
20
-2750
30
0
11
126000
21
-2750
31
0
0
LINE
8
DIM
10
109900
20
-2850
30
0
11
110100
21
-2650
31
0
0
LINE
8
DIM
10
113900
20
-2850
30
0
11
114100
21
-2650
31
0
0
LINE
8
DIM
10
117900
20
-2850
30
0
11
118100
21
-2650
31
0
0
LINE
8
DIM
10
121900
20
-2850
30
0
11
122100
21
-2650
31
0
0
LINE
8
DIM
10
125900
20
-2850
30
0
11
126100
21
-2650
31
0
0
LINE
8
DIM
10
110000
20
-3250
30
0
11
126000
21
-3250
31
0
0
LINE
8
DIM
10
109900
20
-3350
30
0
11
110100
21
-3150
31
0
0
LINE
8
DIM
10
125900
20
-3350
30
0
11
126100
21
-3150
31
0
0
LINE
8
DIM
10
110000
20
15000
30
0
11
107800
21
15000
31
0
0
LINE
8
DIM
10
110000
20
10000
30
0
11
108150
21
10000
31
0
0
LINE
8
DIM
10
110000
20
5000
30
0
11
108150
21
5000
31
0
0
LINE
8
DIM
10
110000
20
0
30
0
11
107800
21
0
31
0
0
LINE
8
DIM
10
108250
20
15000
30
0
11
108250
21
0
31
0
0
LINE
8
DIM
10
108150
20
14900
30
0
11
108350
21
15100
31
0
0
LINE
8
DIM
10
108150
20
9900
30
0
11
108350
21
10100
31
0
0
LINE
8
DIM
10
108150
20
4900
30
0
11
108350
21
5100
31
0
0
LINE
8
DIM
10
108150
20
-100
30
0
11
108350
21
100
31
0
0
TEXT
8
TXT
7
wqy-unicode
10
14000
20
4200
30
0
40
312.5
1
\U+6C11\U+5BBF\U+95E8\U+5385
72
1
11
14000
21
4200
31
0
0
TEXT
8
TXT
7
wqy-unicode
10
14000
20
3800
30
0
40
262.5
1
\U+7EA630 \U+33A1 \U+00B7 \U+72EC\U+7ACB\U+5165\U+53E3 \U+00B7 \U+524D\U+53F0
72
1
11
14000
21
3800
31
0
0
TEXT
8
TXT
7
wqy-unicode
10
14575
20
8950
30
0
40
312.5
1
\U+7535\U+68AF
72
1
11
14575
21
8950
31
0
0
TEXT
8
TXT
7
wqy-unicode
10
14575
20
8550
30
0
40
262.5
1
2.4\U+00D72.4
72
1
11
14575
21
8550
31
0
0
TEXT
8
TXT
7
wqy-unicode
10
14500
20
12000
30
0
40
312.5
1
\U+697C\U+68AF
72
1
11
14500
21
12000
31
0
0
TEXT
8
TXT
7
wqy-unicode
10
14500
20
11600
30
0
40
262.5
1
\U+53CC\U+8DD1 26\U+7EA7 \U+00B7 \U+8E0F\U+6B65280\U+00D7162 \U+00B7 \U+68AF\U+6BB5\U+51C0\U+5BBD1100
72
1
11
14500
21
11600
31
0
0
TEXT
8
TXT
7
wqy-unicode
10
13550
20
10400
30
0
40
262.5
1
\U+4E0A
0
TEXT
8
TXT
7
wqy-unicode
10
12675
20
11500
30
0
40
262.5
1
\U+8D70\U+9053 1.2m
50
-90
72
1
11
12675
21
11500
31
0
0
TEXT
8
TXT
7
wqy-unicode
10
13250
20
7050
30
0
40
262.5
1
\U+7535\U+68AF\U+5385
72
1
11
13250
21
7050
31
0
0
TEXT
8
TXT
7
wqy-unicode
10
16150
20
6825
30
0
40
262.5
1
\U+25A4 \U+7BA1\U+4E95\U+00B7\U+7535/\U+6C34
0
TEXT
8
TXT
7
wqy-unicode
10
14050
20
18450
30
0
40
312.5
1
\U+540E\U+52E4\U+50A8\U+85CF
72
1
11
14050
21
18450
31
0
0
TEXT
8
TXT
7
wqy-unicode
10
14050
20
18050
30
0
40
262.5
1
\U+6D17\U+8863\U+5E03\U+8349 \U+00B7 \U+8BBE\U+5907 \U+00B7 20\U+33A1
72
1
11
14050
21
18050
31
0
0
TEXT
8
TXT
7
wqy-unicode
10
10000
20
7500
30
0
40
312.5
1
\U+81EA\U+8425\U+94FA
72
1
11
10000
21
7500
31
0
0
TEXT
8
TXT
7
wqy-unicode
10
10000
20
7100
30
0
40
262.5
1
\U+524D\U+53F0\U+8336\U+996E 60 \U+33A1 \U+00B7 \U+5185\U+8FDE\U+95E8\U+5385
72
1
11
10000
21
7100
31
0
0
TEXT
8
TXT
7
wqy-unicode
10
9050
20
12500
30
0
40
262.5
1
\U+5458\U+5DE5\U+536B
72
1
11
9050
21
12500
31
0
0
TEXT
8
TXT
7
wqy-unicode
10
8825
20
10750
30
0
40
262.5
1
\U+6C34\U+5427
72
1
11
8825
21
10750
31
0
0
TEXT
8
TXT
7
wqy-unicode
10
4000
20
7500
30
0
40
312.5
1
\U+51FA\U+79DF\U+5546\U+94FA
72
1
11
4000
21
7500
31
0
0
TEXT
8
TXT
7
wqy-unicode
10
4000
20
7100
30
0
40
262.5
1
120 \U+33A1 \U+00B7 \U+53EF\U+5206\U+4E24\U+95F4\U+5404 60 \U+33A1
72
1
11
4000
21
7100
31
0
0
TEXT
8
TXT
7
wqy-unicode
10
4200
20
4000
30
0
40
262.5
1
\U+2196 \U+9884\U+7559\U+5206\U+9694\U+7EBF
0
TEXT
8
TXT
7
wqy-unicode
10
6000
20
13900
30
0
40
262.5
1
\U+25A8 \U+5546\U+94FA\U+7A7A\U+8C03\U+673A\U+4F4D\U+00B7\U+80CC\U+7ACB\U+9762\U+767E\U+53F6\U+6401\U+677F
72
1
11
6000
21
13900
31
0
0
TEXT
8
TXT
7
wqy-unicode
10
14400
20
20200
30
0
40
262.5
1
\U+540E\U+52E4\U+540E\U+95E8\U+FF08\U+975E\U+758F\U+6563\U+FF09
72
1
11
14400
21
20200
31
0
0
TEXT
8
TXT
7
wqy-unicode
10
10500
20
18650
30
0
40
262.5
1
\U+5BA4\U+5916\U+758F\U+6563\U+94A2\U+68AF \U+00B7 \U+52A0\U+5EFA\U+897F\U+4FA7\U+843D\U+5730 \U+00B7 \U+670D\U+52A1\U+4E8C\U+4E09\U+5C42
72
1
11
10500
21
18650
31
0
0
TEXT
8
TXT
7
wqy-unicode
10
14000
20
475
30
0
40
262.5
1
\U+6C11\U+5BBF\U+5165\U+53E3
72
1
11
14000
21
475
31
0
0
TEXT
8
TXT
7
wqy-unicode
10
10000
20
475
30
0
40
262.5
1
\U+81EA\U+8425\U+94FA\U+5165\U+53E3
72
1
11
10000
21
475
31
0
0
TEXT
8
TXT
7
wqy-unicode
10
4125
20
475
30
0
40
262.5
1
\U+51FA\U+79DF\U+94FA\U+5165\U+53E3 \U+00D72
72
1
11
4125
21
475
31
0
0
TEXT
8
DIM
7
wqy-unicode
10
16700
20
17450
30
0
40
262.5
1
5000 \U+52A0\U+5EFA
50
90
72
1
11
16700
21
17450
31
0
0
TEXT
8
DIM
7
wqy-unicode
10
14000
20
20700
30
0
40
262.5
1
4000
72
1
11
14000
21
20700
31
0
0
TEXT
8
DIM
7
wqy-unicode
10
2000
20
-825
30
0
40
262.5
1
4000
72
1
11
2000
21
-825
31
0
0
TEXT
8
DIM
7
wqy-unicode
10
6000
20
-825
30
0
40
262.5
1
4000
72
1
11
6000
21
-825
31
0
0
TEXT
8
DIM
7
wqy-unicode
10
10000
20
-825
30
0
40
262.5
1
4000
72
1
11
10000
21
-825
31
0
0
TEXT
8
DIM
7
wqy-unicode
10
14000
20
-825
30
0
40
262.5
1
4000
72
1
11
14000
21
-825
31
0
0
TEXT
8
DIM
7
wqy-unicode
10
8000
20
-1800
30
0
40
262.5
1
16000\U+FF08\U+4E34\U+8857\U+9762 \U+00B7 \U+8857\U+9053\U+FF09
72
1
11
8000
21
-1800
31
0
0
TEXT
8
DIM
7
wqy-unicode
10
-900
20
12500
30
0
40
262.5
1
5000
50
90
72
1
11
-900
21
12500
31
0
0
TEXT
8
DIM
7
wqy-unicode
10
-900
20
7500
30
0
40
262.5
1
5000
50
90
72
1
11
-900
21
7500
31
0
0
TEXT
8
DIM
7
wqy-unicode
10
-900
20
2500
30
0
40
262.5
1
5000
50
90
72
1
11
-900
21
2500
31
0
0
TEXT
8
DIM
7
wqy-unicode
10
-1300
20
7500
30
0
40
262.5
1
15000
50
90
72
1
11
-1300
21
7500
31
0
0
TEXT
8
TXT
7
wqy-unicode
10
8000
20
-1800
30
0
40
700
1
A-01 \U+4E00\U+5C42\U+5E73\U+9762\U+56FE 1:100
72
1
11
8000
21
-1800
31
0
0
TEXT
8
TXT
7
wqy-unicode
10
24000
20
2125
30
0
40
312.5
1
\U+5BA2\U+623F304
0
TEXT
8
TXT
7
wqy-unicode
10
24000
20
1725
30
0
40
262.5
1
\U+6807\U+51C6\U+5927\U+5E8A 26\U+33A1
0
TEXT
8
TXT
7
wqy-unicode
10
28000
20
2125
30
0
40
312.5
1
\U+5BA2\U+623F305
0
TEXT
8
TXT
7
wqy-unicode
10
28000
20
1725
30
0
40
262.5
1
\U+6807\U+51C6\U+5927\U+5E8A 26\U+33A1
0
TEXT
8
TXT
7
wqy-unicode
10
32000
20
2125
30
0
40
312.5
1
\U+5BA2\U+623F306
0
TEXT
8
TXT
7
wqy-unicode
10
32000
20
1725
30
0
40
262.5
1
\U+6807\U+51C6\U+5927\U+5E8A 26\U+33A1
0
TEXT
8
TXT
7
wqy-unicode
10
36250
20
2125
30
0
40
312.5
1
\U+5BA2\U+623F307
0
TEXT
8
TXT
7
wqy-unicode
10
36250
20
1725
30
0
40
262.5
1
4.0\U+00D75.7m \U+00B7 \U+9633\U+53F0\U+4E0D\U+52A8 \U+00B7 22.8\U+33A1
0
TEXT
8
TXT
7
wqy-unicode
10
24000
20
12000
30
0
40
312.5
1
\U+5BA2\U+623F301
0
TEXT
8
TXT
7
wqy-unicode
10
24000
20
11600
30
0
40
262.5
1
\U+6807\U+51C6\U+5927\U+5E8A 26\U+33A1
0
TEXT
8
TXT
7
wqy-unicode
10
28000
20
12000
30
0
40
312.5
1
\U+5BA2\U+623F302
0
TEXT
8
TXT
7
wqy-unicode
10
28000
20
11600
30
0
40
262.5
1
\U+6807\U+51C6\U+5927\U+5E8A 26\U+33A1
0
TEXT
8
TXT
7
wqy-unicode
10
28500
20
17350
30
0
40
262.5
1
\U+5BA4\U+5916\U+758F\U+6563\U+94A2\U+68AF \U+00B7 \U+7531 308 \U+758F\U+6563\U+95E8\U+51FA \U+00B7 \U+94A2\U+67F1\U+843D\U+5730 \U+00B7 \U+81F3\U+4E09\U+5C42\U+6B62
72
1
11
28500
21
17350
31
0
0
TEXT
8
TXT
7
wqy-unicode
10
32000
20
12000
30
0
40
312.5
1
\U+5BA2\U+623F303
0
TEXT
8
TXT
7
wqy-unicode
10
32000
20
11600
30
0
40
262.5
1
\U+6807\U+51C6\U+5927\U+5E8A 26\U+33A1
0
TEXT
8
TXT
7
wqy-unicode
10
33175
20
15700
30
0
40
262.5
1
\U+758F\U+6563\U+901A\U+9053\U+00B7\U+7A7A\U+51FA1m\U+00B7\U+4E0B\U+94A2\U+68AF
50
90
72
1
11
33175
21
15700
31
0
0
TEXT
8
TXT
7
wqy-unicode
10
31450
20
15100
30
0
40
262.5
1
303\U+9633\U+53F01.8m\U+5BBD
72
1
11
31450
21
15100
31
0
0
TEXT
8
TXT
7
wqy-unicode
10
36625
20
8950
30
0
40
312.5
1
\U+7535\U+68AF
72
1
11
36625
21
8950
31
0
0
TEXT
8
TXT
7
wqy-unicode
10
36625
20
8550
30
0
40
262.5
1
2.4\U+00D72.4
72
1
11
36625
21
8550
31
0
0
TEXT
8
TXT
7
wqy-unicode
10
36500
20
12000
30
0
40
312.5
1
\U+697C\U+68AF
72
1
11
36500
21
12000
31
0
0
TEXT
8
TXT
7
wqy-unicode
10
36500
20
11600
30
0
40
262.5
1
\U+53CC\U+8DD1 20\U+7EA7 \U+00B7 \U+8E0F\U+6B65280\U+00D7165 \U+00B7 \U+68AF\U+6BB5\U+51C0\U+5BBD1100
72
1
11
36500
21
11600
31
0
0
TEXT
8
TXT
7
wqy-unicode
10
35550
20
10200
30
0
40
262.5
1
\U+4E0A/\U+4E0B
0
TEXT
8
TXT
7
wqy-unicode
10
34675
20
12750
30
0
40
262.5
1
\U+5019\U+68AF\U+5385 / \U+758F\U+6563\U+8D70\U+9053 1.2m
50
-90
72
1
11
34675
21
12750
31
0
0
TEXT
8
TXT
7
wqy-unicode
10
35250
20
7050
30
0
40
262.5
1
\U+7535\U+68AF\U+5385
72
1
11
35250
21
7050
31
0
0
TEXT
8
TXT
7
wqy-unicode
10
36400
20
6775
30
0
40
262.5
1
\U+6D88\U+706B\U+6813
72
1
11
36400
21
6775
31
0
0
TEXT
8
TXT
7
wqy-unicode
10
35750
20
6025
30
0
40
262.5
1
\U+7535\U+68AF\U+5385\U+6269\U+5C55\U+81F3\U+4E1C\U+5899
72
1
11
35750
21
6025
31
0
0
TEXT
8
TXT
7
wqy-unicode
10
38150
20
6825
30
0
40
262.5
1
\U+25A4 \U+7BA1\U+4E95\U+00B7\U+7535/\U+6C34
0
TEXT
8
TXT
7
wqy-unicode
10
29000
20
7425
30
0
40
262.5
1
\U+8D70\U+5ECA 1.8m \U+00B7 \U+4E1C\U+897F\U+7AEF\U+91C7\U+5149
72
1
11
29000
21
7425
31
0
0
TEXT
8
TXT
7
wqy-unicode
10
36500
20
18650
30
0
40
312.5
1
\U+5BA2\U+623F308
72
1
11
36500
21
18650
31
0
0
TEXT
8
TXT
7
wqy-unicode
10
36500
20
18250
30
0
40
262.5
1
\U+52A0\U+5EFA \U+00B7 \U+5927\U+5E8A \U+00B7 13.5\U+33A1
72
1
11
36500
21
18250
31
0
0
TEXT
8
TXT
7
wqy-unicode
10
28750
20
-850
30
0
40
262.5
1
\U+534A\U+5F00\U+653E\U+9633\U+53F0 \U+00B7 \U+63111.5m
72
1
11
28750
21
-850
31
0
0
TEXT
8
TXT
7
wqy-unicode
10
28000
20
15600
30
0
40
262.5
1
\U+534A\U+5F00\U+653E\U+9633\U+53F0 \U+00B7 \U+63111.5m
72
1
11
28000
21
15600
31
0
0
TEXT
8
TXT
7
wqy-unicode
10
21400
20
2125
30
0
40
262.5
1
\U+897F\U+9633\U+53F0\U+00B7\U+5BA4304\U+FF08\U+72EC\U+7ACB\U+FF09
50
90
72
1
11
21400
21
2125
31
0
0
TEXT
8
TXT
7
wqy-unicode
10
35450
20
-1675
30
0
40
262.5
1
\U+25A8 \U+7A7A\U+8C03\U+5916\U+673A\U+4F4D\U+00B7\U+767E\U+53F6\U+FF08\U+5404\U+623F\U+9633\U+53F0\U+89D2\U+FF0C\U+51B7\U+51DD\U+6C34\U+63A5\U+7ACB\U+7BA1\U+FF09
0
TEXT
8
DIM
7
wqy-unicode
10
38700
20
17450
30
0
40
262.5
1
5000 \U+52A0\U+5EFA
50
90
72
1
11
38700
21
17450
31
0
0
TEXT
8
DIM
7
wqy-unicode
10
36000
20
20700
30
0
40
262.5
1
4000
72
1
11
36000
21
20700
31
0
0
TEXT
8
DIM
7
wqy-unicode
10
24000
20
-2625
30
0
40
262.5
1
4000
72
1
11
24000
21
-2625
31
0
0
TEXT
8
DIM
7
wqy-unicode
10
28000
20
-2625
30
0
40
262.5
1
4000
72
1
11
28000
21
-2625
31
0
0
TEXT
8
DIM
7
wqy-unicode
10
32000
20
-2625
30
0
40
262.5
1
4000
72
1
11
32000
21
-2625
31
0
0
TEXT
8
DIM
7
wqy-unicode
10
36000
20
-2625
30
0
40
262.5
1
4000
72
1
11
36000
21
-2625
31
0
0
TEXT
8
DIM
7
wqy-unicode
10
30000
20
-3600
30
0
40
262.5
1
16000\U+FF08\U+4E34\U+8857\U+9762\U+FF09
72
1
11
30000
21
-3600
31
0
0
TEXT
8
DIM
7
wqy-unicode
10
20100
20
12500
30
0
40
262.5
1
5000
50
90
72
1
11
20100
21
12500
31
0
0
TEXT
8
DIM
7
wqy-unicode
10
20100
20
7500
30
0
40
262.5
1
5000
50
90
72
1
11
20100
21
7500
31
0
0
TEXT
8
DIM
7
wqy-unicode
10
20100
20
2500
30
0
40
262.5
1
5000
50
90
72
1
11
20100
21
2500
31
0
0
TEXT
8
DIM
7
wqy-unicode
10
19700
20
7500
30
0
40
262.5
1
15000
50
90
72
1
11
19700
21
7500
31
0
0
TEXT
8
TXT
7
wqy-unicode
10
30000
20
-1800
30
0
40
700
1
A-02 \U+4E8C\U+5C42\U+5E73\U+9762\U+56FE\U+FF08\U+4E09\U+5C42\U+540C\U+FF09 1:100
72
1
11
30000
21
-1800
31
0
0
TEXT
8
TXT
7
wqy-unicode
10
49750
20
2950
30
0
40
312.5
1
\U+5927\U+5BA2\U+5385\U+FF08\U+4E34\U+8857\U+FF09
72
1
11
49750
21
2950
31
0
0
TEXT
8
TXT
7
wqy-unicode
10
49750
20
2550
30
0
40
262.5
1
\U+6574\U+9762\U+843D\U+5730\U+79FB\U+95E8 \U+00B7 \U+901A\U+524D\U+6311\U+9633\U+53F0
72
1
11
49750
21
2550
31
0
0
TEXT
8
TXT
7
wqy-unicode
10
54000
20
7500
30
0
40
312.5
1
\U+9910\U+5385
72
1
11
54000
21
7500
31
0
0
TEXT
8
TXT
7
wqy-unicode
10
54000
20
7100
30
0
40
262.5
1
\U+4E0E\U+53A8\U+623F\U+4E00\U+95E8\U+4E4B\U+9694 \U+00B7 \U+5357\U+63A5\U+5BA2\U+5385
72
1
11
54000
21
7100
31
0
0
TEXT
8
TXT
7
wqy-unicode
10
48850
20
9200
30
0
40
262.5
1
\U+5185\U+8D70\U+5ECA 1.4m
72
1
11
48850
21
9200
31
0
0
TEXT
8
TXT
7
wqy-unicode
10
50400
20
7500
30
0
40
262.5
1
\U+516C\U+536B
72
1
11
50400
21
7500
31
0
0
TEXT
8
TXT
7
wqy-unicode
10
50000
20
5950
30
0
40
262.5
1
\U+50A8\U+85CF
72
1
11
50000
21
5950
31
0
0
TEXT
8
TXT
7
wqy-unicode
10
54000
20
12950
30
0
40
312.5
1
\U+53A8\U+623F
72
1
11
54000
21
12950
31
0
0
TEXT
8
TXT
7
wqy-unicode
10
54000
20
12550
30
0
40
262.5
1
\U+5C01\U+95ED \U+00B7 \U+5317\U+5411\U+8D34\U+751F\U+6D3B\U+9633\U+53F0 \U+00B7 19\U+33A1
72
1
11
54000
21
12550
31
0
0
TEXT
8
TXT
7
wqy-unicode
10
53900
20
10850
30
0
40
262.5
1
\U+25A8 \U+70DF\U+9053\U+4E0A\U+5C4B\U+9762
72
1
11
53900
21
10850
31
0
0
TEXT
8
TXT
7
wqy-unicode
10
49850
20
12950
30
0
40
312.5
1
\U+8001\U+4EBA\U+623F
72
1
11
49850
21
12950
31
0
0
TEXT
8
TXT
7
wqy-unicode
10
49850
20
12550
30
0
40
262.5
1
\U+5E26\U+72EC\U+7ACB\U+65E0\U+969C\U+788D\U+536B \U+00B7 19\U+33A1
72
1
11
49850
21
12550
31
0
0
TEXT
8
TXT
7
wqy-unicode
10
50800
20
10750
30
0
40
262.5
1
\U+8001\U+4EBA\U+536B
72
1
11
50800
21
10750
31
0
0
TEXT
8
TXT
7
wqy-unicode
10
45500
20
11050
30
0
40
312.5
1
\U+4E3B\U+5367\U+5957\U+623F
72
1
11
45500
21
11050
31
0
0
TEXT
8
TXT
7
wqy-unicode
10
45500
20
10650
30
0
40
262.5
1
\U+8863\U+5E3D+\U+4E3B\U+536B \U+00B7 26\U+33A1
72
1
11
45500
21
10650
31
0
0
TEXT
8
TXT
7
wqy-unicode
10
47175
20
13950
30
0
40
262.5
1
\U+8863\U+5E3D
72
1
11
47175
21
13950
31
0
0
TEXT
8
TXT
7
wqy-unicode
10
45250
20
12875
30
0
40
262.5
1
\U+4E3B\U+536B
72
1
11
45250
21
12875
31
0
0
TEXT
8
TXT
7
wqy-unicode
10
58625
20
9200
30
0
40
312.5
1
\U+7535\U+68AF
72
1
11
58625
21
9200
31
0
0
TEXT
8
TXT
7
wqy-unicode
10
58625
20
8800
30
0
40
262.5
1
2.4\U+00D72.4 \U+00B7 \U+68AF\U+63A7\U+5165\U+6237
72
1
11
58625
21
8800
31
0
0
TEXT
8
TXT
7
wqy-unicode
10
58500
20
12000
30
0
40
312.5
1
\U+697C\U+68AF
72
1
11
58500
21
12000
31
0
0
TEXT
8
TXT
7
wqy-unicode
10
57950
20
10500
30
0
40
262.5
1
\U+4E0B/\U+4E0A\U+5C4B\U+9762
0
TEXT
8
TXT
7
wqy-unicode
10
56675
20
11500
30
0
40
262.5
1
\U+8D70\U+9053 1.2m
50
-90
72
1
11
56675
21
11500
31
0
0
TEXT
8
TXT
7
wqy-unicode
10
57250
20
3900
30
0
40
262.5
1
\U+5165\U+6237\U+95E8\U+5385
72
1
11
57250
21
3900
31
0
0
TEXT
8
TXT
7
wqy-unicode
10
45900
20
7050
30
0
40
312.5
1
\U+513F\U+7AE5\U+623F
72
1
11
45900
21
7050
31
0
0
TEXT
8
TXT
7
wqy-unicode
10
45900
20
6650
30
0
40
262.5
1
\U+897F\U+5411\U+91C7\U+5149 \U+00B7 19\U+33A1
72
1
11
45900
21
6650
31
0
0
TEXT
8
TXT
7
wqy-unicode
10
60150
20
6825
30
0
40
262.5
1
\U+25A4 \U+7BA1\U+4E95\U+00B7\U+7535/\U+6C34
0
TEXT
8
TXT
7
wqy-unicode
10
58050
20
18650
30
0
40
312.5
1
\U+4FDD\U+59C6\U+623F
72
1
11
58050
21
18650
31
0
0
TEXT
8
TXT
7
wqy-unicode
10
58050
20
18250
30
0
40
262.5
1
\U+5355\U+4EBA\U+5E8A + \U+8863\U+67DC + \U+6D17\U+8863\U+5BB6\U+653F \U+00B7 20\U+33A1
72
1
11
58050
21
18250
31
0
0
TEXT
8
TXT
7
wqy-unicode
10
49750
20
-850
30
0
40
262.5
1
\U+524D\U+6311\U+534A\U+5F00\U+653E\U+9633\U+53F0 \U+00B7 \U+63111.5m
72
1
11
49750
21
-850
31
0
0
TEXT
8
TXT
7
wqy-unicode
10
52250
20
15600
30
0
40
262.5
1
\U+540E\U+6311\U+534A\U+5F00\U+653E\U+9633\U+53F0 \U+00B7 \U+63111.5m
72
1
11
52250
21
15600
31
0
0
TEXT
8
TXT
7
wqy-unicode
10
43400
20
2125
30
0
40
262.5
1
\U+897F\U+9633\U+53F0\U+00B7\U+7ED5\U+89D2\U+63A5\U+524D\U+9633\U+53F0
50
90
72
1
11
43400
21
2125
31
0
0
TEXT
8
TXT
7
wqy-unicode
10
52750
20
14000
30
0
40
262.5
1
\U+25A8 \U+7A7A\U+8C03\U+673A\U+4F4D\U+FF08\U+5367\U+5BA4\U+80CC\U+7ACB\U+9762\U+FF09\U+00B7 \U+5916\U+673A\U+4EA6\U+53EF\U+96C6\U+4E2D\U+4E0A\U+4E3B\U+5C4B\U+9762
72
1
11
52750
21
14000
31
0
0
TEXT
8
DIM
7
wqy-unicode
10
60700
20
17450
30
0
40
262.5
1
5000 \U+52A0\U+5EFA
50
90
72
1
11
60700
21
17450
31
0
0
TEXT
8
DIM
7
wqy-unicode
10
58000
20
20700
30
0
40
262.5
1
4000
72
1
11
58000
21
20700
31
0
0
TEXT
8
DIM
7
wqy-unicode
10
46000
20
-2625
30
0
40
262.5
1
4000
72
1
11
46000
21
-2625
31
0
0
TEXT
8
DIM
7
wqy-unicode
10
50000
20
-2625
30
0
40
262.5
1
4000
72
1
11
50000
21
-2625
31
0
0
TEXT
8
DIM
7
wqy-unicode
10
54000
20
-2625
30
0
40
262.5
1
4000
72
1
11
54000
21
-2625
31
0
0
TEXT
8
DIM
7
wqy-unicode
10
58000
20
-2625
30
0
40
262.5
1
4000
72
1
11
58000
21
-2625
31
0
0
TEXT
8
DIM
7
wqy-unicode
10
52000
20
-3600
30
0
40
262.5
1
16000\U+FF08\U+4E34\U+8857\U+9762\U+FF09
72
1
11
52000
21
-3600
31
0
0
TEXT
8
DIM
7
wqy-unicode
10
42100
20
12500
30
0
40
262.5
1
5000 \U+5367\U+5BA4
50
90
72
1
11
42100
21
12500
31
0
0
TEXT
8
DIM
7
wqy-unicode
10
42100
20
7500
30
0
40
262.5
1
5000 \U+9910\U+53A8
50
90
72
1
11
42100
21
7500
31
0
0
TEXT
8
DIM
7
wqy-unicode
10
42100
20
2500
30
0
40
262.5
1
5000 \U+5BA2\U+5385
50
90
72
1
11
42100
21
2500
31
0
0
TEXT
8
DIM
7
wqy-unicode
10
41700
20
7500
30
0
40
262.5
1
15000
50
90
72
1
11
41700
21
7500
31
0
0
TEXT
8
TXT
7
wqy-unicode
10
52000
20
-1800
30
0
40
700
1
A-03 \U+56DB\U+5C42\U+5E73\U+9762\U+56FE\U+FF08\U+5927\U+5BB6\U+5EAD\U+5927\U+5957\U+95F4\U+FF09 1:100
72
1
11
52000
21
-1800
31
0
0
TEXT
8
TXT
7
wqy-unicode
10
71750
20
2950
30
0
40
312.5
1
\U+5BA2\U+5385\U+FF08\U+4E34\U+8857\U+FF09
72
1
11
71750
21
2950
31
0
0
TEXT
8
TXT
7
wqy-unicode
10
71750
20
2550
30
0
40
262.5
1
\U+6574\U+9762\U+843D\U+5730\U+79FB\U+95E8 \U+00B7 \U+901A\U+524D\U+6311\U+9633\U+53F0
72
1
11
71750
21
2550
31
0
0
TEXT
8
TXT
7
wqy-unicode
10
73250
20
8250
30
0
40
312.5
1
\U+9910\U+53A8 \U+00B7 \U+9910\U+5385\U+FF08\U+5F00\U+653E\U+FF09
72
1
11
73250
21
8250
31
0
0
TEXT
8
TXT
7
wqy-unicode
10
76250
20
6750
30
0
40
262.5
1
\U+5F00\U+653E\U+53A8\U+623F\U+00B7\U+5C9B\U+53F0
72
1
11
76250
21
6750
31
0
0
TEXT
8
TXT
7
wqy-unicode
10
72250
20
6150
30
0
40
262.5
1
\U+9910\U+5385
72
1
11
72250
21
6150
31
0
0
TEXT
8
TXT
7
wqy-unicode
10
76250
20
12000
30
0
40
312.5
1
\U+6B21\U+5367\U+4E00
72
1
11
76250
21
12000
31
0
0
TEXT
8
TXT
7
wqy-unicode
10
76250
20
11600
30
0
40
262.5
1
15 \U+33A1
72
1
11
76250
21
11600
31
0
0
TEXT
8
TXT
7
wqy-unicode
10
72250
20
12000
30
0
40
312.5
1
\U+6B21\U+5367\U+4E8C/\U+4E66\U+623F
72
1
11
72250
21
12000
31
0
0
TEXT
8
TXT
7
wqy-unicode
10
72250
20
11600
30
0
40
262.5
1
13 \U+33A1
72
1
11
72250
21
11600
31
0
0
TEXT
8
TXT
7
wqy-unicode
10
67500
20
11050
30
0
40
312.5
1
\U+4E3B\U+5367\U+5957\U+623F
72
1
11
67500
21
11050
31
0
0
TEXT
8
TXT
7
wqy-unicode
10
67500
20
10650
30
0
40
262.5
1
\U+8863\U+5E3D+\U+4E3B\U+536B \U+00B7 26\U+33A1
72
1
11
67500
21
10650
31
0
0
TEXT
8
TXT
7
wqy-unicode
10
69175
20
13950
30
0
40
262.5
1
\U+8863\U+5E3D
72
1
11
69175
21
13950
31
0
0
TEXT
8
TXT
7
wqy-unicode
10
67250
20
12875
30
0
40
262.5
1
\U+4E3B\U+536B
72
1
11
67250
21
12875
31
0
0
TEXT
8
TXT
7
wqy-unicode
10
77050
20
8550
30
0
40
262.5
1
\U+516C\U+536B
72
1
11
77050
21
8550
31
0
0
TEXT
8
TXT
7
wqy-unicode
10
80625
20
9200
30
0
40
312.5
1
\U+7535\U+68AF
72
1
11
80625
21
9200
31
0
0
TEXT
8
TXT
7
wqy-unicode
10
80625
20
8800
30
0
40
262.5
1
2.4\U+00D72.4 \U+00B7 \U+68AF\U+63A7\U+5165\U+6237
72
1
11
80625
21
8800
31
0
0
TEXT
8
TXT
7
wqy-unicode
10
80500
20
12000
30
0
40
312.5
1
\U+697C\U+68AF
72
1
11
80500
21
12000
31
0
0
TEXT
8
TXT
7
wqy-unicode
10
79950
20
10500
30
0
40
262.5
1
\U+4E0B/\U+4E0A\U+5C4B\U+9762
0
TEXT
8
TXT
7
wqy-unicode
10
78675
20
11500
30
0
40
262.5
1
\U+8D70\U+9053 1.2m
50
-90
72
1
11
78675
21
11500
31
0
0
TEXT
8
TXT
7
wqy-unicode
10
79250
20
3900
30
0
40
262.5
1
\U+5165\U+6237\U+95E8\U+5385
72
1
11
79250
21
3900
31
0
0
TEXT
8
TXT
7
wqy-unicode
10
82150
20
6825
30
0
40
262.5
1
\U+25A4 \U+7BA1\U+4E95\U+00B7\U+7535/\U+6C34
0
TEXT
8
TXT
7
wqy-unicode
10
80050
20
18450
30
0
40
312.5
1
\U+5BB6\U+653F\U+50A8\U+85CF
72
1
11
80050
21
18450
31
0
0
TEXT
8
TXT
7
wqy-unicode
10
80050
20
18050
30
0
40
262.5
1
\U+6D17\U+8863 \U+00B7 \U+50A8\U+7269 \U+00B7 20\U+33A1
72
1
11
80050
21
18050
31
0
0
TEXT
8
TXT
7
wqy-unicode
10
71750
20
-850
30
0
40
262.5
1
\U+524D\U+6311\U+534A\U+5F00\U+653E\U+9633\U+53F0 \U+00B7 \U+63111.5m
72
1
11
71750
21
-850
31
0
0
TEXT
8
TXT
7
wqy-unicode
10
74250
20
15600
30
0
40
262.5
1
\U+540E\U+6311\U+534A\U+5F00\U+653E\U+9633\U+53F0 \U+00B7 \U+63111.5m
72
1
11
74250
21
15600
31
0
0
TEXT
8
TXT
7
wqy-unicode
10
65400
20
2125
30
0
40
262.5
1
\U+897F\U+9633\U+53F0\U+00B7\U+7ED5\U+89D2\U+63A5\U+524D\U+9633\U+53F0
50
90
72
1
11
65400
21
2125
31
0
0
TEXT
8
TXT
7
wqy-unicode
10
74750
20
14000
30
0
40
262.5
1
\U+25A8 \U+7A7A\U+8C03\U+673A\U+4F4D\U+FF08\U+5367\U+5BA4\U+80CC\U+7ACB\U+9762\U+FF09\U+00B7 \U+5916\U+673A\U+4EA6\U+53EF\U+96C6\U+4E2D\U+4E0A\U+4E3B\U+5C4B\U+9762
72
1
11
74750
21
14000
31
0
0
TEXT
8
DIM
7
wqy-unicode
10
82700
20
17450
30
0
40
262.5
1
5000 \U+52A0\U+5EFA
50
90
72
1
11
82700
21
17450
31
0
0
TEXT
8
DIM
7
wqy-unicode
10
80000
20
20700
30
0
40
262.5
1
4000
72
1
11
80000
21
20700
31
0
0
TEXT
8
DIM
7
wqy-unicode
10
68000
20
-2625
30
0
40
262.5
1
4000
72
1
11
68000
21
-2625
31
0
0
TEXT
8
DIM
7
wqy-unicode
10
72000
20
-2625
30
0
40
262.5
1
4000
72
1
11
72000
21
-2625
31
0
0
TEXT
8
DIM
7
wqy-unicode
10
76000
20
-2625
30
0
40
262.5
1
4000
72
1
11
76000
21
-2625
31
0
0
TEXT
8
DIM
7
wqy-unicode
10
80000
20
-2625
30
0
40
262.5
1
4000
72
1
11
80000
21
-2625
31
0
0
TEXT
8
DIM
7
wqy-unicode
10
74000
20
-3600
30
0
40
262.5
1
16000\U+FF08\U+4E34\U+8857\U+9762\U+FF09
72
1
11
74000
21
-3600
31
0
0
TEXT
8
DIM
7
wqy-unicode
10
64100
20
12500
30
0
40
262.5
1
5000 \U+5367\U+5BA4
50
90
72
1
11
64100
21
12500
31
0
0
TEXT
8
DIM
7
wqy-unicode
10
64100
20
7500
30
0
40
262.5
1
5000 \U+9910\U+53A8
50
90
72
1
11
64100
21
7500
31
0
0
TEXT
8
DIM
7
wqy-unicode
10
64100
20
2500
30
0
40
262.5
1
5000 \U+5BA2\U+5385
50
90
72
1
11
64100
21
2500
31
0
0
TEXT
8
DIM
7
wqy-unicode
10
63700
20
7500
30
0
40
262.5
1
15000
50
90
72
1
11
63700
21
7500
31
0
0
TEXT
8
TXT
7
wqy-unicode
10
74000
20
-1800
30
0
40
700
1
A-04 \U+4E94\U+5C42\U+5E73\U+9762\U+56FE\U+FF08\U+5927\U+5E73\U+5C42\U+5957\U+623F\U+FF09 1:100
72
1
11
74000
21
-1800
31
0
0
TEXT
8
TXT
7
wqy-unicode
10
93700
20
3625
30
0
40
275
1
\U+7EDF \U+4E00 \U+5E97 \U+62DB \U+5E26 \U+00B7 \U+53D1 \U+5149 \U+5B57
72
1
11
93700
21
3625
31
0
0
TEXT
8
TXT
7
wqy-unicode
10
99800
20
2950
30
0
40
262.5
1
\U+6C11\U+5BBF\U+5165\U+53E3
72
1
11
99800
21
2950
31
0
0
TEXT
8
DIM
7
wqy-unicode
10
87000
20
14550
30
0
40
262.5
1
5F\U+524D\U+63111.5m
0
TEXT
8
DIM
7
wqy-unicode
10
87000
20
11250
30
0
40
262.5
1
4F\U+524D\U+63111.5m
0
TEXT
8
DIM
7
wqy-unicode
10
87000
20
7950
30
0
40
262.5
1
3F\U+524D\U+63111.5m
0
TEXT
8
DIM
7
wqy-unicode
10
87000
20
5600
30
0
40
262.5
1
2F\U+4E0D\U+6311
0
TEXT
8
DIM
7
wqy-unicode
10
104950
20
-100
30
0
40
262.5
1
\U+00B10.000
0
TEXT
8
DIM
7
wqy-unicode
10
104950
20
4100
30
0
40
262.5
1
+4.200
0
TEXT
8
DIM
7
wqy-unicode
10
104950
20
7400
30
0
40
262.5
1
+7.500
0
TEXT
8
DIM
7
wqy-unicode
10
104950
20
10700
30
0
40
262.5
1
+10.800
0
TEXT
8
DIM
7
wqy-unicode
10
104950
20
14000
30
0
40
262.5
1
+14.100
0
TEXT
8
DIM
7
wqy-unicode
10
104950
20
17300
30
0
40
262.5
1
+17.400
0
TEXT
8
DIM
7
wqy-unicode
10
91750
20
9300
30
0
40
262.5
1
1
72
1
11
91750
21
9300
31
0
0
TEXT
8
DIM
7
wqy-unicode
10
101650
20
5650
30
0
40
262.5
1
2
72
1
11
101650
21
5650
31
0
0
TEXT
8
DIM
7
wqy-unicode
10
97400
20
6100
30
0
40
262.5
1
3
72
1
11
97400
21
6100
31
0
0
TEXT
8
DIM
7
wqy-unicode
10
95750
20
11250
30
0
40
262.5
1
4
72
1
11
95750
21
11250
31
0
0
TEXT
8
DIM
7
wqy-unicode
10
98750
20
3650
30
0
40
262.5
1
5
72
1
11
98750
21
3650
31
0
0
TEXT
8
DIM
7
wqy-unicode
10
91750
20
1650
30
0
40
262.5
1
6
72
1
11
91750
21
1650
31
0
0
TEXT
8
DIM
7
wqy-unicode
10
93000
20
10700
30
0
40
262.5
1
7
72
1
11
93000
21
10700
31
0
0
TEXT
8
DIM
7
wqy-unicode
10
96000
20
-1150
30
0
40
262.5
1
16000
72
1
11
96000
21
-1150
31
0
0
TEXT
8
TXT
7
wqy-unicode
10
96000
20
-1800
30
0
40
700
1
A-05 \U+4E34\U+8857\U+7ACB\U+9762\U+56FE\U+FF08\U+4E94\U+5C42\U+FF09 1:100
72
1
11
96000
21
-1800
31
0
0
TEXT
8
TXT
7
wqy-unicode
10
110000
20
-2000
30
0
40
275
1
1
72
1
11
110000
21
-2000
31
0
0
TEXT
8
TXT
7
wqy-unicode
10
114000
20
-2000
30
0
40
275
1
2
72
1
11
114000
21
-2000
31
0
0
TEXT
8
TXT
7
wqy-unicode
10
118000
20
-2000
30
0
40
275
1
3
72
1
11
118000
21
-2000
31
0
0
TEXT
8
TXT
7
wqy-unicode
10
122000
20
-2000
30
0
40
275
1
4
72
1
11
122000
21
-2000
31
0
0
TEXT
8
TXT
7
wqy-unicode
10
126000
20
-2000
30
0
40
275
1
5
72
1
11
126000
21
-2000
31
0
0
TEXT
8
TXT
7
wqy-unicode
10
109550
20
-100
30
0
40
275
1
A
72
1
11
109550
21
-100
31
0
0
TEXT
8
TXT
7
wqy-unicode
10
109550
20
4900
30
0
40
275
1
B
72
1
11
109550
21
4900
31
0
0
TEXT
8
TXT
7
wqy-unicode
10
109550
20
9900
30
0
40
275
1
C
72
1
11
109550
21
9900
31
0
0
TEXT
8
TXT
7
wqy-unicode
10
109550
20
14900
30
0
40
275
1
D
72
1
11
109550
21
14900
31
0
0
TEXT
8
TXT
7
wqy-unicode
10
124500
20
13000
30
0
40
312.5
1
\U+697C\U+68AF\U+95F4
72
1
11
124500
21
13000
31
0
0
TEXT
8
TXT
7
wqy-unicode
10
124500
20
12600
30
0
40
262.5
1
\U+6D1E\U+53E3\U+00B7\U+68AF\U+677F\U+53E6\U+8BE6
72
1
11
124500
21
12600
31
0
0
TEXT
8
TXT
7
wqy-unicode
10
124550
20
8800
30
0
40
312.5
1
\U+7535\U+68AF\U+4E95
72
1
11
124550
21
8800
31
0
0
TEXT
8
TXT
7
wqy-unicode
10
124550
20
8400
30
0
40
262.5
1
\U+6D1E\U+53E3 2.4\U+00D72.4
72
1
11
124550
21
8400
31
0
0
TEXT
8
TXT
7
wqy-unicode
10
122650
20
10750
30
0
40
262.5
1
\U+8D70\U+9053\U+FF08\U+677F\U+FF09
50
90
72
1
11
122650
21
10750
31
0
0
TEXT
8
TXT
7
wqy-unicode
10
123950
20
18150
30
0
40
262.5
1
\U+4E1C\U+5317\U+89D2 L \U+5F62\U+52A0\U+5EFA\U+FF084\U+00D75m\U+FF09
72
1
11
123950
21
18150
31
0
0
TEXT
8
TXT
7
wqy-unicode
10
120350
20
17350
30
0
40
262.5
1
\U+5BA4\U+5916\U+94A2\U+68AF \U+00B7 \U+94A2\U+7ED3\U+6784\U+53E6\U+8BA1
72
1
11
120350
21
17350
31
0
0
TEXT
8
TXT
7
wqy-unicode
10
115750
20
5150
30
0
40
262.5
1
KL \U+00B7 \U+6846\U+67B6\U+6881 300\U+00D7600
72
1
11
115750
21
5150
31
0
0
TEXT
8
TXT
7
wqy-unicode
10
116000
20
3125
30
0
40
262.5
1
\U+65E0\U+5899\U+677F\U+683C\U+53CC\U+5411\U+677F h130
72
1
11
116000
21
3125
31
0
0
TEXT
8
TXT
7
wqy-unicode
10
122050
20
10550
30
0
40
262.5
1
L \U+00B7 \U+6D1E\U+53E3\U+8FB9\U+6881 250\U+00D7450
0
TEXT
8
TXT
7
wqy-unicode
10
115750
20
6975
30
0
40
262.5
1
L \U+00B7 \U+5899\U+4E0B\U+6B21\U+6881 250\U+00D7450\U+FF08\U+8D70\U+5ECA\U+9694\U+5899\U+4E0B\U+FF09
72
1
11
115750
21
6975
31
0
0
TEXT
8
TXT
7
wqy-unicode
10
112000
20
-800
30
0
40
262.5
1
XL \U+60AC\U+6311\U+6881 \U+00B7 \U+672C\U+5C42\U+72EC\U+7ACB\U+60AC\U+6311 \U+00B7 2\U+5C42\U+4E0D\U+6311
72
1
11
112000
21
-800
31
0
0
TEXT
8
TXT
7
wqy-unicode
10
112000
20
-1150
30
0
40
262.5
1
\U+524D\U+63111.5m
72
1
11
112000
21
-1150
31
0
0
TEXT
8
TXT
7
wqy-unicode
10
120000
20
16850
30
0
40
262.5
1
\U+540E\U+63111.5m
72
1
11
120000
21
16850
31
0
0
TEXT
8
TXT
7
wqy-unicode
10
109000
20
2250
30
0
40
262.5
1
\U+897F\U+63111.5m(\U+5BA4304)
50
90
72
1
11
109000
21
2250
31
0
0
TEXT
8
TXT
7
wqy-unicode
10
119350
20
10775
30
0
40
262.5
1
KZ \U+6846\U+67B6\U+67F1 400\U+00D7400\U+FF08\U+843D\U+5DF2\U+6253\U+6869\U+4F4D\U+FF09
0
TEXT
8
DIM
7
wqy-unicode
10
126700
20
17450
30
0
40
262.5
1
5000 \U+52A0\U+5EFA
50
90
72
1
11
126700
21
17450
31
0
0
TEXT
8
DIM
7
wqy-unicode
10
124000
20
20700
30
0
40
262.5
1
4000
72
1
11
124000
21
20700
31
0
0
TEXT
8
DIM
7
wqy-unicode
10
112000
20
-2625
30
0
40
262.5
1
4000
72
1
11
112000
21
-2625
31
0
0
TEXT
8
DIM
7
wqy-unicode
10
116000
20
-2625
30
0
40
262.5
1
4000
72
1
11
116000
21
-2625
31
0
0
TEXT
8
DIM
7
wqy-unicode
10
120000
20
-2625
30
0
40
262.5
1
4000
72
1
11
120000
21
-2625
31
0
0
TEXT
8
DIM
7
wqy-unicode
10
124000
20
-2625
30
0
40
262.5
1
4000
72
1
11
124000
21
-2625
31
0
0
TEXT
8
DIM
7
wqy-unicode
10
118000
20
-3600
30
0
40
262.5
1
16000\U+FF08\U+4E34\U+8857\U+9762\U+FF09
72
1
11
118000
21
-3600
31
0
0
TEXT
8
DIM
7
wqy-unicode
10
108100
20
12500
30
0
40
262.5
1
5000
50
90
72
1
11
108100
21
12500
31
0
0
TEXT
8
DIM
7
wqy-unicode
10
108100
20
7500
30
0
40
262.5
1
5000
50
90
72
1
11
108100
21
7500
31
0
0
TEXT
8
DIM
7
wqy-unicode
10
108100
20
2500
30
0
40
262.5
1
5000
50
90
72
1
11
108100
21
2500
31
0
0
TEXT
8
DIM
7
wqy-unicode
10
107500
20
7500
30
0
40
262.5
1
15000\U+FF08\U+603B\U+8FDB\U+6DF1\U+FF09
50
90
72
1
11
107500
21
7500
31
0
0
TEXT
8
TXT
7
wqy-unicode
10
118000
20
-1800
30
0
40
700
1
A-06 \U+6807\U+51C6\U+5C42\U+6881\U+677F\U+7ED3\U+6784\U+5E73\U+9762\U+56FE 1:100
72
1
11
118000
21
-1800
31
0
0
TEXT
8
TXT
7
wqy-unicode
10
0
20
16800
30
0
40
800
1
16m\U+00D715m \U+4E34\U+8857\U+5546\U+4F4F\U+4E00\U+4F53\U+81EA\U+5EFA\U+623F \U+00B7 \U+6982\U+5FF5\U+65B9\U+6848 \U+00B7 \U+5355\U+4F4D:mm \U+00B7 \U+6BD4\U+4F8B1:1\U+6A21\U+578B\U+7A7A\U+95F4
0
ENDSEC
0
EOF
